id,phc_id,record_date,patient_count,emergency_count
1,1,2025-09-16,163,10
2,2,2025-09-16,198,13
3,3,2025-09-16,213,11
4,4,2025-09-16,291,20
5,5,2025-09-16,212,11
6,6,2025-09-16,308,18
7,7,2025-09-16,336,22
8,8,2025-09-16,306,20
9,9,2025-09-16,222,12
10,10,2025-09-16,156,6
11,11,2025-09-16,200,10
12,12,2025-09-16,222,14
13,13,2025-09-16,147,8
14,14,2025-09-16,209,12
15,15,2025-09-16,166,7
16,16,2025-09-16,253,16
17,17,2025-09-16,277,16
18,18,2025-09-16,181,8
19,19,2025-09-16,178,12
20,20,2025-09-16,116,9
21,21,2025-09-16,161,7
22,22,2025-09-16,219,14
23,23,2025-09-16,147,7
24,24,2025-09-16,273,15
25,25,2025-09-16,165,10
26,26,2025-09-16,245,12
27,27,2025-09-16,182,10
28,28,2025-09-16,145,11
29,29,2025-09-16,231,12
30,30,2025-09-16,180,13
31,31,2025-09-16,179,12
32,32,2025-09-16,141,10
33,33,2025-09-16,168,7
34,34,2025-09-16,105,7
35,35,2025-09-16,133,7
36,36,2025-09-16,270,16
37,37,2025-09-16,221,15
38,38,2025-09-16,191,11
39,39,2025-09-16,175,16
40,40,2025-09-16,170,15
41,41,2025-09-16,146,7
42,42,2025-09-16,240,15
43,43,2025-09-16,191,14
44,44,2025-09-16,102,5
45,45,2025-09-16,223,18
46,46,2025-09-16,228,13
47,47,2025-09-16,214,9
48,48,2025-09-16,144,9
49,49,2025-09-16,174,9
50,50,2025-09-16,232,14
51,51,2025-09-16,241,14
52,52,2025-09-16,161,11
53,53,2025-09-16,152,9
54,54,2025-09-16,169,9
55,55,2025-09-16,185,10
56,56,2025-09-16,237,16
57,57,2025-09-16,131,12
58,58,2025-09-16,196,11
59,59,2025-09-16,200,12
60,60,2025-09-16,175,6
61,61,2025-09-16,205,12
62,62,2025-09-16,214,17
63,63,2025-09-16,309,19
64,64,2025-09-16,176,12
65,65,2025-09-16,241,17
66,66,2025-09-16,169,13
67,67,2025-09-16,216,14
68,68,2025-09-16,97,4
69,69,2025-09-16,236,14
70,70,2025-09-16,119,6
71,71,2025-09-16,222,12
72,72,2025-09-16,266,18
73,73,2025-09-16,205,12
74,74,2025-09-16,174,9
75,75,2025-09-16,210,13
76,76,2025-09-16,189,10
77,77,2025-09-16,113,3
78,78,2025-09-16,186,13
79,79,2025-09-16,147,8
80,80,2025-09-16,316,18
81,81,2025-09-16,164,8
82,82,2025-09-16,195,11
83,83,2025-09-16,216,11
84,84,2025-09-16,211,11
85,85,2025-09-16,199,12
86,86,2025-09-16,149,9
87,87,2025-09-16,170,12
88,88,2025-09-16,183,10
89,89,2025-09-16,309,20
90,90,2025-09-16,185,7
91,91,2025-09-16,194,6
92,92,2025-09-16,455,25
93,93,2025-09-16,244,11
94,94,2025-09-16,185,9
95,95,2025-09-16,266,21
96,96,2025-09-16,163,6
97,97,2025-09-16,190,14
98,98,2025-09-16,234,15
99,99,2025-09-16,182,9
100,100,2025-09-16,227,14
101,1,2025-09-17,192,13
102,2,2025-09-17,205,11
103,3,2025-09-17,267,15
104,4,2025-09-17,277,16
105,5,2025-09-17,299,18
106,6,2025-09-17,288,18
107,7,2025-09-17,339,24
108,8,2025-09-17,263,13
109,9,2025-09-17,200,8
110,10,2025-09-17,169,8
111,11,2025-09-17,183,10
112,12,2025-09-17,196,12
113,13,2025-09-17,149,8
114,14,2025-09-17,218,15
115,15,2025-09-17,201,10
116,16,2025-09-17,229,15
117,17,2025-09-17,279,19
118,18,2025-09-17,194,11
119,19,2025-09-17,194,11
120,20,2025-09-17,128,7
121,21,2025-09-17,139,6
122,22,2025-09-17,199,13
123,23,2025-09-17,131,6
124,24,2025-09-17,257,14
125,25,2025-09-17,159,8
126,26,2025-09-17,237,10
127,27,2025-09-17,177,6
128,28,2025-09-17,136,4
129,29,2025-09-17,215,10
130,30,2025-09-17,193,13
131,31,2025-09-17,165,13
132,32,2025-09-17,167,12
133,33,2025-09-17,147,5
134,34,2025-09-17,106,4
135,35,2025-09-17,142,5
136,36,2025-09-17,316,22
137,37,2025-09-17,221,15
138,38,2025-09-17,187,10
139,39,2025-09-17,181,9
140,40,2025-09-17,162,10
141,41,2025-09-17,151,8
142,42,2025-09-17,213,13
143,43,2025-09-17,198,13
144,44,2025-09-17,117,7
145,45,2025-09-17,215,11
146,46,2025-09-17,203,13
147,47,2025-09-17,183,8
148,48,2025-09-17,131,11
149,49,2025-09-17,193,17
150,50,2025-09-17,221,13
151,51,2025-09-17,250,14
152,52,2025-09-17,167,13
153,53,2025-09-17,112,7
154,54,2025-09-17,147,7
155,55,2025-09-17,202,16
156,56,2025-09-17,222,15
157,57,2025-09-17,142,11
158,58,2025-09-17,215,9
159,59,2025-09-17,201,14
160,60,2025-09-17,162,8
161,61,2025-09-17,196,11
162,62,2025-09-17,185,13
163,63,2025-09-17,291,17
164,64,2025-09-17,159,11
165,65,2025-09-17,218,13
166,66,2025-09-17,170,8
167,67,2025-09-17,222,11
168,68,2025-09-17,105,5
169,69,2025-09-17,215,13
170,70,2025-09-17,107,8
171,71,2025-09-17,218,8
172,72,2025-09-17,257,15
173,73,2025-09-17,218,12
174,74,2025-09-17,171,8
175,75,2025-09-17,188,9
176,76,2025-09-17,186,12
177,77,2025-09-17,123,9
178,78,2025-09-17,144,12
179,79,2025-09-17,153,6
180,80,2025-09-17,290,17
181,81,2025-09-17,183,6
182,82,2025-09-17,169,10
183,83,2025-09-17,214,13
184,84,2025-09-17,190,11
185,85,2025-09-17,204,12
186,86,2025-09-17,160,5
187,87,2025-09-17,183,9
188,88,2025-09-17,186,11
189,89,2025-09-17,283,16
190,90,2025-09-17,187,11
191,91,2025-09-17,176,10
192,92,2025-09-17,454,25
193,93,2025-09-17,233,14
194,94,2025-09-17,209,15
195,95,2025-09-17,258,14
196,96,2025-09-17,145,9
197,97,2025-09-17,210,8
198,98,2025-09-17,226,16
199,99,2025-09-17,189,8
200,100,2025-09-17,232,10
201,1,2025-09-18,163,9
202,2,2025-09-18,142,11
203,3,2025-09-18,180,10
204,4,2025-09-18,268,13
205,5,2025-09-18,228,14
206,6,2025-09-18,258,16
207,7,2025-09-18,314,21
208,8,2025-09-18,245,14
209,9,2025-09-18,173,7
210,10,2025-09-18,108,4
211,11,2025-09-18,170,11
212,12,2025-09-18,198,14
213,13,2025-09-18,140,8
214,14,2025-09-18,170,8
215,15,2025-09-18,160,9
216,16,2025-09-18,235,8
217,17,2025-09-18,211,10
218,18,2025-09-18,196,10
219,19,2025-09-18,159,9
220,20,2025-09-18,110,4
221,21,2025-09-18,139,11
222,22,2025-09-18,202,13
223,23,2025-09-18,132,7
224,24,2025-09-18,210,13
225,25,2025-09-18,132,6
226,26,2025-09-18,208,10
227,27,2025-09-18,147,13
228,28,2025-09-18,132,10
229,29,2025-09-18,203,13
230,30,2025-09-18,153,9
231,31,2025-09-18,146,13
232,32,2025-09-18,165,9
233,33,2025-09-18,122,9
234,34,2025-09-18,93,2
235,35,2025-09-18,130,8
236,36,2025-09-18,251,12
237,37,2025-09-18,215,14
238,38,2025-09-18,178,12
239,39,2025-09-18,182,13
240,40,2025-09-18,131,6
241,41,2025-09-18,135,7
242,42,2025-09-18,235,16
243,43,2025-09-18,159,12
244,44,2025-09-18,101,4
245,45,2025-09-18,178,10
246,46,2025-09-18,194,10
247,47,2025-09-18,137,5
248,48,2025-09-18,148,8
249,49,2025-09-18,150,7
250,50,2025-09-18,185,13
251,51,2025-09-18,206,13
252,52,2025-09-18,139,3
253,53,2025-09-18,114,5
254,54,2025-09-18,126,7
255,55,2025-09-18,157,9
256,56,2025-09-18,187,8
257,57,2025-09-18,120,9
258,58,2025-09-18,210,14
259,59,2025-09-18,159,11
260,60,2025-09-18,196,9
261,61,2025-09-18,192,11
262,62,2025-09-18,166,10
263,63,2025-09-18,227,12
264,64,2025-09-18,159,8
265,65,2025-09-18,217,12
266,66,2025-09-18,135,9
267,67,2025-09-18,216,10
268,68,2025-09-18,86,7
269,69,2025-09-18,186,9
270,70,2025-09-18,96,7
271,71,2025-09-18,177,10
272,72,2025-09-18,221,14
273,73,2025-09-18,197,8
274,74,2025-09-18,153,10
275,75,2025-09-18,188,11
276,76,2025-09-18,171,11
277,77,2025-09-18,91,10
278,78,2025-09-18,121,6
279,79,2025-09-18,117,6
280,80,2025-09-18,307,18
281,81,2025-09-18,161,8
282,82,2025-09-18,180,13
283,83,2025-09-18,194,11
284,84,2025-09-18,157,10
285,85,2025-09-18,173,8
286,86,2025-09-18,127,8
287,87,2025-09-18,137,10
288,88,2025-09-18,173,8
289,89,2025-09-18,238,12
290,90,2025-09-18,170,13
291,91,2025-09-18,158,9
292,92,2025-09-18,367,20
293,93,2025-09-18,211,13
294,94,2025-09-18,165,12
295,95,2025-09-18,211,12
296,96,2025-09-18,141,8
297,97,2025-09-18,189,9
298,98,2025-09-18,181,12
299,99,2025-09-18,166,8
300,100,2025-09-18,206,11
301,1,2025-09-19,152,9
302,2,2025-09-19,167,8
303,3,2025-09-19,193,10
304,4,2025-09-19,248,18
305,5,2025-09-19,224,14
306,6,2025-09-19,251,14
307,7,2025-09-19,310,16
308,8,2025-09-19,283,17
309,9,2025-09-19,210,13
310,10,2025-09-19,140,9
311,11,2025-09-19,179,14
312,12,2025-09-19,191,15
313,13,2025-09-19,142,6
314,14,2025-09-19,186,8
315,15,2025-09-19,153,10
316,16,2025-09-19,220,15
317,17,2025-09-19,192,8
318,18,2025-09-19,187,10
319,19,2025-09-19,161,10
320,20,2025-09-19,119,8
321,21,2025-09-19,109,6
322,22,2025-09-19,203,12
323,23,2025-09-19,115,6
324,24,2025-09-19,216,10
325,25,2025-09-19,131,8
326,26,2025-09-19,220,13
327,27,2025-09-19,123,4
328,28,2025-09-19,129,9
329,29,2025-09-19,222,14
330,30,2025-09-19,180,13
331,31,2025-09-19,141,10
332,32,2025-09-19,162,10
333,33,2025-09-19,137,7
334,34,2025-09-19,108,4
335,35,2025-09-19,108,1
336,36,2025-09-19,271,19
337,37,2025-09-19,197,12
338,38,2025-09-19,177,10
339,39,2025-09-19,143,8
340,40,2025-09-19,125,9
341,41,2025-09-19,136,11
342,42,2025-09-19,210,14
343,43,2025-09-19,176,10
344,44,2025-09-19,117,6
345,45,2025-09-19,173,10
346,46,2025-09-19,167,11
347,47,2025-09-19,143,5
348,48,2025-09-19,135,5
349,49,2025-09-19,143,8
350,50,2025-09-19,205,12
351,51,2025-09-19,208,12
352,52,2025-09-19,147,11
353,53,2025-09-19,118,9
354,54,2025-09-19,137,8
355,55,2025-09-19,164,9
356,56,2025-09-19,226,12
357,57,2025-09-19,120,8
358,58,2025-09-19,192,15
359,59,2025-09-19,185,10
360,60,2025-09-19,167,11
361,61,2025-09-19,182,11
362,62,2025-09-19,161,10
363,63,2025-09-19,259,16
364,64,2025-09-19,158,8
365,65,2025-09-19,200,13
366,66,2025-09-19,153,9
367,67,2025-09-19,200,10
368,68,2025-09-19,83,5
369,69,2025-09-19,156,8
370,70,2025-09-19,100,5
371,71,2025-09-19,181,11
372,72,2025-09-19,249,12
373,73,2025-09-19,210,14
374,74,2025-09-19,165,7
375,75,2025-09-19,180,9
376,76,2025-09-19,155,10
377,77,2025-09-19,98,4
378,78,2025-09-19,159,12
379,79,2025-09-19,140,8
380,80,2025-09-19,314,19
381,81,2025-09-19,155,12
382,82,2025-09-19,170,12
383,83,2025-09-19,208,14
384,84,2025-09-19,208,14
385,85,2025-09-19,167,10
386,86,2025-09-19,142,7
387,87,2025-09-19,195,10
388,88,2025-09-19,182,10
389,89,2025-09-19,272,12
390,90,2025-09-19,168,10
391,91,2025-09-19,166,8
392,92,2025-09-19,332,22
393,93,2025-09-19,203,11
394,94,2025-09-19,149,6
395,95,2025-09-19,214,13
396,96,2025-09-19,140,10
397,97,2025-09-19,166,8
398,98,2025-09-19,164,5
399,99,2025-09-19,176,11
400,100,2025-09-19,176,9
401,1,2025-09-20,144,4
402,2,2025-09-20,142,4
403,3,2025-09-20,200,10
404,4,2025-09-20,263,17
405,5,2025-09-20,224,15
406,6,2025-09-20,243,12
407,7,2025-09-20,322,15
408,8,2025-09-20,229,10
409,9,2025-09-20,198,9
410,10,2025-09-20,144,9
411,11,2025-09-20,183,9
412,12,2025-09-20,211,13
413,13,2025-09-20,131,8
414,14,2025-09-20,188,10
415,15,2025-09-20,147,8
416,16,2025-09-20,185,9
417,17,2025-09-20,238,15
418,18,2025-09-20,180,10
419,19,2025-09-20,170,10
420,20,2025-09-20,111,7
421,21,2025-09-20,125,8
422,22,2025-09-20,187,9
423,23,2025-09-20,117,7
424,24,2025-09-20,219,12
425,25,2025-09-20,138,7
426,26,2025-09-20,245,15
427,27,2025-09-20,163,11
428,28,2025-09-20,122,6
429,29,2025-09-20,191,12
430,30,2025-09-20,141,7
431,31,2025-09-20,144,9
432,32,2025-09-20,148,9
433,33,2025-09-20,141,10
434,34,2025-09-20,87,6
435,35,2025-09-20,107,5
436,36,2025-09-20,246,13
437,37,2025-09-20,211,9
438,38,2025-09-20,162,11
439,39,2025-09-20,136,8
440,40,2025-09-20,122,8
441,41,2025-09-20,120,6
442,42,2025-09-20,209,9
443,43,2025-09-20,162,11
444,44,2025-09-20,108,8
445,45,2025-09-20,194,13
446,46,2025-09-20,183,9
447,47,2025-09-20,162,9
448,48,2025-09-20,127,7
449,49,2025-09-20,149,7
450,50,2025-09-20,200,10
451,51,2025-09-20,191,7
452,52,2025-09-20,128,8
453,53,2025-09-20,112,6
454,54,2025-09-20,156,9
455,55,2025-09-20,170,13
456,56,2025-09-20,205,10
457,57,2025-09-20,109,8
458,58,2025-09-20,188,11
459,59,2025-09-20,163,10
460,60,2025-09-20,179,11
461,61,2025-09-20,195,12
462,62,2025-09-20,170,5
463,63,2025-09-20,255,17
464,64,2025-09-20,133,7
465,65,2025-09-20,207,11
466,66,2025-09-20,152,9
467,67,2025-09-20,198,12
468,68,2025-09-20,88,6
469,69,2025-09-20,199,14
470,70,2025-09-20,102,9
471,71,2025-09-20,230,14
472,72,2025-09-20,216,14
473,73,2025-09-20,179,12
474,74,2025-09-20,168,7
475,75,2025-09-20,189,10
476,76,2025-09-20,140,10
477,77,2025-09-20,117,8
478,78,2025-09-20,139,8
479,79,2025-09-20,125,9
480,80,2025-09-20,289,14
481,81,2025-09-20,159,12
482,82,2025-09-20,169,10
483,83,2025-09-20,159,9
484,84,2025-09-20,176,10
485,85,2025-09-20,194,8
486,86,2025-09-20,156,9
487,87,2025-09-20,144,6
488,88,2025-09-20,179,11
489,89,2025-09-20,268,14
490,90,2025-09-20,137,6
491,91,2025-09-20,147,5
492,92,2025-09-20,391,22
493,93,2025-09-20,215,11
494,94,2025-09-20,183,16
495,95,2025-09-20,230,13
496,96,2025-09-20,135,6
497,97,2025-09-20,204,12
498,98,2025-09-20,194,10
499,99,2025-09-20,145,10
500,100,2025-09-20,197,14
501,1,2025-09-21,89,7
502,2,2025-09-21,111,9
503,3,2025-09-21,104,10
504,4,2025-09-21,159,6
505,5,2025-09-21,124,6
506,6,2025-09-21,172,10
507,7,2025-09-21,177,12
508,8,2025-09-21,160,8
509,9,2025-09-21,115,5
510,10,2025-09-21,64,1
511,11,2025-09-21,128,5
512,12,2025-09-21,110,6
513,13,2025-09-21,68,3
514,14,2025-09-21,99,5
515,15,2025-09-21,73,3
516,16,2025-09-21,92,3
517,17,2025-09-21,124,5
518,18,2025-09-21,89,8
519,19,2025-09-21,78,8
520,20,2025-09-21,71,2
521,21,2025-09-21,86,3
522,22,2025-09-21,96,4
523,23,2025-09-21,83,1
524,24,2025-09-21,125,11
525,25,2025-09-21,68,5
526,26,2025-09-21,142,7
527,27,2025-09-21,80,3
528,28,2025-09-21,72,5
529,29,2025-09-21,97,7
530,30,2025-09-21,101,5
531,31,2025-09-21,71,5
532,32,2025-09-21,97,6
533,33,2025-09-21,66,5
534,34,2025-09-21,61,4
535,35,2025-09-21,62,0
536,36,2025-09-21,198,11
537,37,2025-09-21,121,8
538,38,2025-09-21,72,7
539,39,2025-09-21,86,5
540,40,2025-09-21,82,5
541,41,2025-09-21,85,4
542,42,2025-09-21,130,4
543,43,2025-09-21,86,2
544,44,2025-09-21,69,2
545,45,2025-09-21,97,6
546,46,2025-09-21,103,7
547,47,2025-09-21,124,6
548,48,2025-09-21,64,3
549,49,2025-09-21,64,2
550,50,2025-09-21,117,6
551,51,2025-09-21,105,4
552,52,2025-09-21,82,2
553,53,2025-09-21,83,8
554,54,2025-09-21,81,7
555,55,2025-09-21,99,2
556,56,2025-09-21,115,3
557,57,2025-09-21,75,5
558,58,2025-09-21,114,7
559,59,2025-09-21,108,4
560,60,2025-09-21,101,3
561,61,2025-09-21,126,6
562,62,2025-09-21,80,4
563,63,2025-09-21,107,7
564,64,2025-09-21,91,6
565,65,2025-09-21,115,6
566,66,2025-09-21,81,8
567,67,2025-09-21,116,8
568,68,2025-09-21,54,2
569,69,2025-09-21,86,7
570,70,2025-09-21,70,5
571,71,2025-09-21,113,6
572,72,2025-09-21,147,10
573,73,2025-09-21,107,8
574,74,2025-09-21,86,6
575,75,2025-09-21,92,5
576,76,2025-09-21,116,6
577,77,2025-09-21,59,2
578,78,2025-09-21,90,4
579,79,2025-09-21,81,5
580,80,2025-09-21,124,7
581,81,2025-09-21,69,5
582,82,2025-09-21,96,4
583,83,2025-09-21,124,6
584,84,2025-09-21,109,4
585,85,2025-09-21,82,5
586,86,2025-09-21,75,7
587,87,2025-09-21,63,4
588,88,2025-09-21,109,10
589,89,2025-09-21,196,12
590,90,2025-09-21,76,6
591,91,2025-09-21,99,5
592,92,2025-09-21,265,16
593,93,2025-09-21,105,10
594,94,2025-09-21,102,6
595,95,2025-09-21,123,7
596,96,2025-09-21,63,1
597,97,2025-09-21,106,7
598,98,2025-09-21,138,9
599,99,2025-09-21,102,6
600,100,2025-09-21,92,5
601,1,2025-09-22,213,11
602,2,2025-09-22,224,11
603,3,2025-09-22,279,18
604,4,2025-09-22,363,21
605,5,2025-09-22,324,17
606,6,2025-09-22,332,16
607,7,2025-09-22,407,23
608,8,2025-09-22,336,21
609,9,2025-09-22,230,17
610,10,2025-09-22,163,11
611,11,2025-09-22,257,15
612,12,2025-09-22,234,11
613,13,2025-09-22,176,7
614,14,2025-09-22,236,13
615,15,2025-09-22,180,11
616,16,2025-09-22,275,17
617,17,2025-09-22,329,19
618,18,2025-09-22,241,12
619,19,2025-09-22,221,14
620,20,2025-09-22,152,8
621,21,2025-09-22,172,10
622,22,2025-09-22,280,20
623,23,2025-09-22,163,8
624,24,2025-09-22,294,15
625,25,2025-09-22,189,11
626,26,2025-09-22,288,16
627,27,2025-09-22,203,13
628,28,2025-09-22,159,11
629,29,2025-09-22,260,17
630,30,2025-09-22,208,11
631,31,2025-09-22,181,11
632,32,2025-09-22,205,13
633,33,2025-09-22,182,10
634,34,2025-09-22,131,8
635,35,2025-09-22,181,9
636,36,2025-09-22,307,15
637,37,2025-09-22,236,13
638,38,2025-09-22,202,8
639,39,2025-09-22,227,13
640,40,2025-09-22,183,9
641,41,2025-09-22,192,14
642,42,2025-09-22,233,11
643,43,2025-09-22,204,11
644,44,2025-09-22,148,11
645,45,2025-09-22,244,14
646,46,2025-09-22,251,14
647,47,2025-09-22,243,11
648,48,2025-09-22,177,11
649,49,2025-09-22,196,12
650,50,2025-09-22,286,17
651,51,2025-09-22,269,16
652,52,2025-09-22,193,10
653,53,2025-09-22,174,8
654,54,2025-09-22,177,11
655,55,2025-09-22,226,13
656,56,2025-09-22,259,14
657,57,2025-09-22,129,6
658,58,2025-09-22,267,19
659,59,2025-09-22,212,11
660,60,2025-09-22,207,14
661,61,2025-09-22,259,12
662,62,2025-09-22,227,13
663,63,2025-09-22,336,18
664,64,2025-09-22,179,11
665,65,2025-09-22,280,16
666,66,2025-09-22,210,9
667,67,2025-09-22,258,18
668,68,2025-09-22,128,4
669,69,2025-09-22,294,12
670,70,2025-09-22,130,6
671,71,2025-09-22,222,14
672,72,2025-09-22,283,16
673,73,2025-09-22,284,16
674,74,2025-09-22,206,11
675,75,2025-09-22,252,13
676,76,2025-09-22,219,12
677,77,2025-09-22,133,6
678,78,2025-09-22,186,10
679,79,2025-09-22,182,12
680,80,2025-09-22,362,24
681,81,2025-09-22,208,12
682,82,2025-09-22,212,10
683,83,2025-09-22,255,16
684,84,2025-09-22,238,13
685,85,2025-09-22,248,17
686,86,2025-09-22,169,9
687,87,2025-09-22,202,13
688,88,2025-09-22,238,10
689,89,2025-09-22,387,24
690,90,2025-09-22,214,11
691,91,2025-09-22,207,14
692,92,2025-09-22,557,33
693,93,2025-09-22,272,13
694,94,2025-09-22,236,16
695,95,2025-09-22,306,19
696,96,2025-09-22,164,12
697,97,2025-09-22,223,12
698,98,2025-09-22,249,11
699,99,2025-09-22,211,12
700,100,2025-09-22,252,17
701,1,2025-09-23,144,9
702,2,2025-09-23,165,6
703,3,2025-09-23,241,16
704,4,2025-09-23,271,17
705,5,2025-09-23,242,13
706,6,2025-09-23,310,21
707,7,2025-09-23,390,22
708,8,2025-09-23,285,11
709,9,2025-09-23,215,12
710,10,2025-09-23,163,11
711,11,2025-09-23,188,12
712,12,2025-09-23,245,15
713,13,2025-09-23,155,9
714,14,2025-09-23,196,11
715,15,2025-09-23,159,10
716,16,2025-09-23,245,16
717,17,2025-09-23,230,11
718,18,2025-09-23,212,13
719,19,2025-09-23,162,7
720,20,2025-09-23,120,7
721,21,2025-09-23,146,5
722,22,2025-09-23,233,14
723,23,2025-09-23,157,9
724,24,2025-09-23,253,12
725,25,2025-09-23,149,11
726,26,2025-09-23,271,19
727,27,2025-09-23,198,10
728,28,2025-09-23,140,12
729,29,2025-09-23,234,16
730,30,2025-09-23,185,10
731,31,2025-09-23,159,12
732,32,2025-09-23,176,12
733,33,2025-09-23,144,6
734,34,2025-09-23,130,6
735,35,2025-09-23,157,5
736,36,2025-09-23,300,17
737,37,2025-09-23,263,13
738,38,2025-09-23,203,10
739,39,2025-09-23,169,10
740,40,2025-09-23,155,7
741,41,2025-09-23,180,14
742,42,2025-09-23,216,9
743,43,2025-09-23,205,14
744,44,2025-09-23,118,4
745,45,2025-09-23,224,13
746,46,2025-09-23,225,15
747,47,2025-09-23,200,11
748,48,2025-09-23,167,11
749,49,2025-09-23,169,6
750,50,2025-09-23,222,12
751,51,2025-09-23,232,14
752,52,2025-09-23,190,10
753,53,2025-09-23,139,8
754,54,2025-09-23,148,10
755,55,2025-09-23,180,11
756,56,2025-09-23,237,16
757,57,2025-09-23,132,7
758,58,2025-09-23,226,15
759,59,2025-09-23,188,9
760,60,2025-09-23,183,10
761,61,2025-09-23,243,14
762,62,2025-09-23,189,12
763,63,2025-09-23,290,17
764,64,2025-09-23,158,8
765,65,2025-09-23,216,12
766,66,2025-09-23,182,10
767,67,2025-09-23,226,12
768,68,2025-09-23,101,5
769,69,2025-09-23,252,15
770,70,2025-09-23,122,8
771,71,2025-09-23,237,16
772,72,2025-09-23,254,15
773,73,2025-09-23,209,15
774,74,2025-09-23,177,11
775,75,2025-09-23,205,10
776,76,2025-09-23,175,10
777,77,2025-09-23,122,8
778,78,2025-09-23,148,7
779,79,2025-09-23,127,4
780,80,2025-09-23,313,20
781,81,2025-09-23,188,10
782,82,2025-09-23,197,14
783,83,2025-09-23,218,11
784,84,2025-09-23,213,13
785,85,2025-09-23,207,8
786,86,2025-09-23,167,12
787,87,2025-09-23,183,11
788,88,2025-09-23,211,11
789,89,2025-09-23,321,20
790,90,2025-09-23,190,12
791,91,2025-09-23,177,11
792,92,2025-09-23,443,25
793,93,2025-09-23,227,13
794,94,2025-09-23,187,8
795,95,2025-09-23,221,13
796,96,2025-09-23,154,10
797,97,2025-09-23,196,10
798,98,2025-09-23,209,13
799,99,2025-09-23,193,13
800,100,2025-09-23,180,9
801,1,2025-09-24,174,10
802,2,2025-09-24,181,10
803,3,2025-09-24,235,15
804,4,2025-09-24,308,18
805,5,2025-09-24,256,17
806,6,2025-09-24,288,18
807,7,2025-09-24,349,23
808,8,2025-09-24,279,16
809,9,2025-09-24,220,13
810,10,2025-09-24,165,12
811,11,2025-09-24,190,10
812,12,2025-09-24,206,8
813,13,2025-09-24,149,7
814,14,2025-09-24,220,14
815,15,2025-09-24,193,13
816,16,2025-09-24,254,17
817,17,2025-09-24,279,14
818,18,2025-09-24,191,11
819,19,2025-09-24,158,7
820,20,2025-09-24,111,5
821,21,2025-09-24,139,7
822,22,2025-09-24,239,12
823,23,2025-09-24,161,10
824,24,2025-09-24,257,15
825,25,2025-09-24,148,6
826,26,2025-09-24,245,14
827,27,2025-09-24,216,17
828,28,2025-09-24,148,7
829,29,2025-09-24,230,15
830,30,2025-09-24,224,11
831,31,2025-09-24,162,7
832,32,2025-09-24,203,9
833,33,2025-09-24,160,8
834,34,2025-09-24,127,5
835,35,2025-09-24,140,12
836,36,2025-09-24,323,19
837,37,2025-09-24,244,9
838,38,2025-09-24,179,6
839,39,2025-09-24,189,11
840,40,2025-09-24,141,9
841,41,2025-09-24,166,9
842,42,2025-09-24,239,15
843,43,2025-09-24,185,12
844,44,2025-09-24,101,6
845,45,2025-09-24,236,12
846,46,2025-09-24,218,12
847,47,2025-09-24,212,10
848,48,2025-09-24,159,13
849,49,2025-09-24,169,10
850,50,2025-09-24,231,12
851,51,2025-09-24,180,12
852,52,2025-09-24,179,9
853,53,2025-09-24,148,7
854,54,2025-09-24,150,10
855,55,2025-09-24,198,13
856,56,2025-09-24,207,14
857,57,2025-09-24,128,7
858,58,2025-09-24,237,16
859,59,2025-09-24,168,7
860,60,2025-09-24,154,10
861,61,2025-09-24,231,10
862,62,2025-09-24,230,15
863,63,2025-09-24,281,13
864,64,2025-09-24,172,8
865,65,2025-09-24,221,9
866,66,2025-09-24,180,10
867,67,2025-09-24,237,12
868,68,2025-09-24,103,8
869,69,2025-09-24,215,12
870,70,2025-09-24,110,2
871,71,2025-09-24,192,9
872,72,2025-09-24,265,13
873,73,2025-09-24,238,17
874,74,2025-09-24,167,9
875,75,2025-09-24,203,13
876,76,2025-09-24,196,9
877,77,2025-09-24,121,8
878,78,2025-09-24,169,6
879,79,2025-09-24,155,8
880,80,2025-09-24,276,16
881,81,2025-09-24,181,9
882,82,2025-09-24,201,9
883,83,2025-09-24,254,17
884,84,2025-09-24,208,15
885,85,2025-09-24,217,11
886,86,2025-09-24,167,10
887,87,2025-09-24,170,10
888,88,2025-09-24,209,12
889,89,2025-09-24,296,18
890,90,2025-09-24,190,11
891,91,2025-09-24,178,10
892,92,2025-09-24,445,27
893,93,2025-09-24,229,14
894,94,2025-09-24,196,8
895,95,2025-09-24,248,14
896,96,2025-09-24,139,5
897,97,2025-09-24,211,7
898,98,2025-09-24,210,14
899,99,2025-09-24,191,13
900,100,2025-09-24,207,8
901,1,2025-09-25,150,8
902,2,2025-09-25,177,13
903,3,2025-09-25,202,7
904,4,2025-09-25,294,15
905,5,2025-09-25,250,12
906,6,2025-09-25,256,17
907,7,2025-09-25,284,16
908,8,2025-09-25,219,13
909,9,2025-09-25,180,9
910,10,2025-09-25,132,9
911,11,2025-09-25,196,13
912,12,2025-09-25,164,10
913,13,2025-09-25,158,6
914,14,2025-09-25,219,14
915,15,2025-09-25,153,8
916,16,2025-09-25,208,13
917,17,2025-09-25,259,14
918,18,2025-09-25,180,6
919,19,2025-09-25,174,10
920,20,2025-09-25,98,6
921,21,2025-09-25,143,4
922,22,2025-09-25,200,15
923,23,2025-09-25,130,5
924,24,2025-09-25,202,14
925,25,2025-09-25,151,9
926,26,2025-09-25,211,14
927,27,2025-09-25,150,12
928,28,2025-09-25,114,7
929,29,2025-09-25,181,12
930,30,2025-09-25,153,11
931,31,2025-09-25,154,4
932,32,2025-09-25,150,10
933,33,2025-09-25,146,8
934,34,2025-09-25,109,7
935,35,2025-09-25,101,9
936,36,2025-09-25,239,14
937,37,2025-09-25,233,14
938,38,2025-09-25,167,12
939,39,2025-09-25,158,8
940,40,2025-09-25,122,7
941,41,2025-09-25,140,7
942,42,2025-09-25,205,14
943,43,2025-09-25,163,5
944,44,2025-09-25,109,9
945,45,2025-09-25,192,10
946,46,2025-09-25,180,10
947,47,2025-09-25,164,7
948,48,2025-09-25,135,5
949,49,2025-09-25,162,11
950,50,2025-09-25,205,9
951,51,2025-09-25,217,10
952,52,2025-09-25,140,8
953,53,2025-09-25,118,6
954,54,2025-09-25,120,7
955,55,2025-09-25,170,12
956,56,2025-09-25,191,9
957,57,2025-09-25,119,9
958,58,2025-09-25,213,12
959,59,2025-09-25,135,12
960,60,2025-09-25,155,7
961,61,2025-09-25,197,13
962,62,2025-09-25,181,8
963,63,2025-09-25,234,12
964,64,2025-09-25,142,9
965,65,2025-09-25,198,11
966,66,2025-09-25,140,10
967,67,2025-09-25,221,10
968,68,2025-09-25,77,4
969,69,2025-09-25,222,14
970,70,2025-09-25,88,3
971,71,2025-09-25,205,14
972,72,2025-09-25,234,14
973,73,2025-09-25,186,9
974,74,2025-09-25,182,8
975,75,2025-09-25,185,11
976,76,2025-09-25,157,6
977,77,2025-09-25,96,7
978,78,2025-09-25,131,4
979,79,2025-09-25,129,6
980,80,2025-09-25,280,17
981,81,2025-09-25,145,8
982,82,2025-09-25,171,12
983,83,2025-09-25,217,16
984,84,2025-09-25,159,12
985,85,2025-09-25,173,11
986,86,2025-09-25,127,7
987,87,2025-09-25,157,7
988,88,2025-09-25,155,8
989,89,2025-09-25,273,15
990,90,2025-09-25,175,8
991,91,2025-09-25,165,11
992,92,2025-09-25,382,23
993,93,2025-09-25,208,12
994,94,2025-09-25,152,8
995,95,2025-09-25,227,12
996,96,2025-09-25,116,6
997,97,2025-09-25,195,9
998,98,2025-09-25,203,11
999,99,2025-09-25,172,11
1000,100,2025-09-25,203,13
1001,1,2025-09-26,141,10
1002,2,2025-09-26,158,8
1003,3,2025-09-26,203,12
1004,4,2025-09-26,232,12
1005,5,2025-09-26,222,13
1006,6,2025-09-26,251,14
1007,7,2025-09-26,327,18
1008,8,2025-09-26,251,15
1009,9,2025-09-26,170,11
1010,10,2025-09-26,130,6
1011,11,2025-09-26,184,8
1012,12,2025-09-26,202,11
1013,13,2025-09-26,132,6
1014,14,2025-09-26,179,10
1015,15,2025-09-26,159,10
1016,16,2025-09-26,221,15
1017,17,2025-09-26,256,14
1018,18,2025-09-26,190,13
1019,19,2025-09-26,177,11
1020,20,2025-09-26,114,5
1021,21,2025-09-26,118,8
1022,22,2025-09-26,200,13
1023,23,2025-09-26,126,12
1024,24,2025-09-26,225,14
1025,25,2025-09-26,142,7
1026,26,2025-09-26,217,13
1027,27,2025-09-26,162,7
1028,28,2025-09-26,116,8
1029,29,2025-09-26,195,11
1030,30,2025-09-26,169,8
1031,31,2025-09-26,145,9
1032,32,2025-09-26,156,7
1033,33,2025-09-26,151,12
1034,34,2025-09-26,116,7
1035,35,2025-09-26,112,3
1036,36,2025-09-26,235,11
1037,37,2025-09-26,231,13
1038,38,2025-09-26,157,8
1039,39,2025-09-26,170,8
1040,40,2025-09-26,118,6
1041,41,2025-09-26,154,9
1042,42,2025-09-26,231,14
1043,43,2025-09-26,179,14
1044,44,2025-09-26,104,8
1045,45,2025-09-26,179,14
1046,46,2025-09-26,180,11
1047,47,2025-09-26,145,8
1048,48,2025-09-26,142,9
1049,49,2025-09-26,141,9
1050,50,2025-09-26,190,9
1051,51,2025-09-26,218,13
1052,52,2025-09-26,145,8
1053,53,2025-09-26,111,2
1054,54,2025-09-26,133,11
1055,55,2025-09-26,166,8
1056,56,2025-09-26,188,7
1057,57,2025-09-26,114,3
1058,58,2025-09-26,181,9
1059,59,2025-09-26,145,8
1060,60,2025-09-26,145,9
1061,61,2025-09-26,201,14
1062,62,2025-09-26,159,8
1063,63,2025-09-26,255,16
1064,64,2025-09-26,145,7
1065,65,2025-09-26,222,14
1066,66,2025-09-26,155,11
1067,67,2025-09-26,187,11
1068,68,2025-09-26,94,7
1069,69,2025-09-26,190,11
1070,70,2025-09-26,93,5
1071,71,2025-09-26,181,13
1072,72,2025-09-26,229,10
1073,73,2025-09-26,180,10
1074,74,2025-09-26,159,10
1075,75,2025-09-26,198,13
1076,76,2025-09-26,129,6
1077,77,2025-09-26,116,7
1078,78,2025-09-26,147,6
1079,79,2025-09-26,143,2
1080,80,2025-09-26,257,13
1081,81,2025-09-26,171,9
1082,82,2025-09-26,144,5
1083,83,2025-09-26,206,13
1084,84,2025-09-26,177,6
1085,85,2025-09-26,192,11
1086,86,2025-09-26,144,5
1087,87,2025-09-26,162,8
1088,88,2025-09-26,193,10
1089,89,2025-09-26,311,18
1090,90,2025-09-26,154,6
1091,91,2025-09-26,173,11
1092,92,2025-09-26,354,18
1093,93,2025-09-26,238,15
1094,94,2025-09-26,162,11
1095,95,2025-09-26,217,12
1096,96,2025-09-26,121,8
1097,97,2025-09-26,153,6
1098,98,2025-09-26,172,11
1099,99,2025-09-26,161,6
1100,100,2025-09-26,191,11
1101,1,2025-09-27,171,12
1102,2,2025-09-27,144,11
1103,3,2025-09-27,209,9
1104,4,2025-09-27,260,16
1105,5,2025-09-27,225,14
1106,6,2025-09-27,229,17
1107,7,2025-09-27,319,19
1108,8,2025-09-27,278,12
1109,9,2025-09-27,199,12
1110,10,2025-09-27,134,6
1111,11,2025-09-27,188,7
1112,12,2025-09-27,213,14
1113,13,2025-09-27,122,3
1114,14,2025-09-27,182,10
1115,15,2025-09-27,143,7
1116,16,2025-09-27,181,14
1117,17,2025-09-27,221,16
1118,18,2025-09-27,204,8
1119,19,2025-09-27,148,11
1120,20,2025-09-27,102,4
1121,21,2025-09-27,122,5
1122,22,2025-09-27,193,12
1123,23,2025-09-27,121,9
1124,24,2025-09-27,215,12
1125,25,2025-09-27,125,6
1126,26,2025-09-27,205,9
1127,27,2025-09-27,168,9
1128,28,2025-09-27,115,10
1129,29,2025-09-27,187,13
1130,30,2025-09-27,162,10
1131,31,2025-09-27,128,8
1132,32,2025-09-27,167,6
1133,33,2025-09-27,140,10
1134,34,2025-09-27,93,8
1135,35,2025-09-27,113,6
1136,36,2025-09-27,243,15
1137,37,2025-09-27,214,12
1138,38,2025-09-27,174,13
1139,39,2025-09-27,162,8
1140,40,2025-09-27,129,8
1141,41,2025-09-27,156,10
1142,42,2025-09-27,210,13
1143,43,2025-09-27,161,8
1144,44,2025-09-27,103,8
1145,45,2025-09-27,182,9
1146,46,2025-09-27,193,11
1147,47,2025-09-27,144,9
1148,48,2025-09-27,133,5
1149,49,2025-09-27,138,9
1150,50,2025-09-27,195,9
1151,51,2025-09-27,194,14
1152,52,2025-09-27,137,8
1153,53,2025-09-27,112,5
1154,54,2025-09-27,124,8
1155,55,2025-09-27,152,9
1156,56,2025-09-27,172,14
1157,57,2025-09-27,121,5
1158,58,2025-09-27,197,9
1159,59,2025-09-27,191,9
1160,60,2025-09-27,159,11
1161,61,2025-09-27,190,11
1162,62,2025-09-27,181,11
1163,63,2025-09-27,266,17
1164,64,2025-09-27,142,6
1165,65,2025-09-27,197,10
1166,66,2025-09-27,151,7
1167,67,2025-09-27,221,12
1168,68,2025-09-27,81,2
1169,69,2025-09-27,198,10
1170,70,2025-09-27,107,8
1171,71,2025-09-27,191,11
1172,72,2025-09-27,203,12
1173,73,2025-09-27,199,14
1174,74,2025-09-27,152,13
1175,75,2025-09-27,185,11
1176,76,2025-09-27,170,6
1177,77,2025-09-27,103,5
1178,78,2025-09-27,134,4
1179,79,2025-09-27,108,8
1180,80,2025-09-27,255,16
1181,81,2025-09-27,191,11
1182,82,2025-09-27,139,9
1183,83,2025-09-27,191,11
1184,84,2025-09-27,186,9
1185,85,2025-09-27,194,9
1186,86,2025-09-27,141,6
1187,87,2025-09-27,140,8
1188,88,2025-09-27,182,11
1189,89,2025-09-27,250,13
1190,90,2025-09-27,157,9
1191,91,2025-09-27,161,5
1192,92,2025-09-27,432,27
1193,93,2025-09-27,214,9
1194,94,2025-09-27,167,11
1195,95,2025-09-27,227,13
1196,96,2025-09-27,131,8
1197,97,2025-09-27,174,8
1198,98,2025-09-27,198,11
1199,99,2025-09-27,161,7
1200,100,2025-09-27,161,11
1201,1,2025-09-28,97,5
1202,2,2025-09-28,71,1
1203,3,2025-09-28,98,5
1204,4,2025-09-28,178,11
1205,5,2025-09-28,172,8
1206,6,2025-09-28,149,9
1207,7,2025-09-28,162,10
1208,8,2025-09-28,159,10
1209,9,2025-09-28,77,4
1210,10,2025-09-28,65,4
1211,11,2025-09-28,98,4
1212,12,2025-09-28,94,0
1213,13,2025-09-28,94,4
1214,14,2025-09-28,101,7
1215,15,2025-09-28,87,4
1216,16,2025-09-28,147,7
1217,17,2025-09-28,108,5
1218,18,2025-09-28,124,11
1219,19,2025-09-28,91,4
1220,20,2025-09-28,63,2
1221,21,2025-09-28,73,4
1222,22,2025-09-28,100,5
1223,23,2025-09-28,93,5
1224,24,2025-09-28,100,5
1225,25,2025-09-28,96,6
1226,26,2025-09-28,127,10
1227,27,2025-09-28,69,2
1228,28,2025-09-28,66,1
1229,29,2025-09-28,123,6
1230,30,2025-09-28,124,7
1231,31,2025-09-28,90,7
1232,32,2025-09-28,83,5
1233,33,2025-09-28,86,6
1234,34,2025-09-28,49,3
1235,35,2025-09-28,90,4
1236,36,2025-09-28,157,11
1237,37,2025-09-28,123,6
1238,38,2025-09-28,97,5
1239,39,2025-09-28,75,6
1240,40,2025-09-28,72,6
1241,41,2025-09-28,82,4
1242,42,2025-09-28,121,8
1243,43,2025-09-28,73,4
1244,44,2025-09-28,84,6
1245,45,2025-09-28,148,11
1246,46,2025-09-28,89,7
1247,47,2025-09-28,85,5
1248,48,2025-09-28,74,4
1249,49,2025-09-28,82,4
1250,50,2025-09-28,117,10
1251,51,2025-09-28,81,4
1252,52,2025-09-28,68,0
1253,53,2025-09-28,63,4
1254,54,2025-09-28,111,6
1255,55,2025-09-28,112,10
1256,56,2025-09-28,143,6
1257,57,2025-09-28,64,4
1258,58,2025-09-28,107,6
1259,59,2025-09-28,68,3
1260,60,2025-09-28,103,7
1261,61,2025-09-28,102,3
1262,62,2025-09-28,101,7
1263,63,2025-09-28,161,10
1264,64,2025-09-28,65,5
1265,65,2025-09-28,130,9
1266,66,2025-09-28,114,8
1267,67,2025-09-28,110,4
1268,68,2025-09-28,60,0
1269,69,2025-09-28,122,8
1270,70,2025-09-28,58,6
1271,71,2025-09-28,118,9
1272,72,2025-09-28,143,8
1273,73,2025-09-28,124,8
1274,74,2025-09-28,84,3
1275,75,2025-09-28,111,7
1276,76,2025-09-28,100,3
1277,77,2025-09-28,69,1
1278,78,2025-09-28,87,3
1279,79,2025-09-28,71,7
1280,80,2025-09-28,164,13
1281,81,2025-09-28,93,7
1282,82,2025-09-28,90,7
1283,83,2025-09-28,115,6
1284,84,2025-09-28,98,3
1285,85,2025-09-28,113,7
1286,86,2025-09-28,89,4
1287,87,2025-09-28,85,2
1288,88,2025-09-28,113,6
1289,89,2025-09-28,154,6
1290,90,2025-09-28,96,7
1291,91,2025-09-28,96,5
1292,92,2025-09-28,270,17
1293,93,2025-09-28,126,10
1294,94,2025-09-28,104,5
1295,95,2025-09-28,121,7
1296,96,2025-09-28,61,5
1297,97,2025-09-28,107,8
1298,98,2025-09-28,113,8
1299,99,2025-09-28,72,5
1300,100,2025-09-28,123,5
1301,1,2025-09-29,198,10
1302,2,2025-09-29,193,10
1303,3,2025-09-29,256,15
1304,4,2025-09-29,376,22
1305,5,2025-09-29,287,16
1306,6,2025-09-29,354,18
1307,7,2025-09-29,419,25
1308,8,2025-09-29,333,17
1309,9,2025-09-29,243,14
1310,10,2025-09-29,206,15
1311,11,2025-09-29,246,17
1312,12,2025-09-29,243,15
1313,13,2025-09-29,187,6
1314,14,2025-09-29,242,14
1315,15,2025-09-29,189,10
1316,16,2025-09-29,291,16
1317,17,2025-09-29,301,17
1318,18,2025-09-29,225,12
1319,19,2025-09-29,238,15
1320,20,2025-09-29,156,7
1321,21,2025-09-29,161,8
1322,22,2025-09-29,296,17
1323,23,2025-09-29,165,9
1324,24,2025-09-29,278,12
1325,25,2025-09-29,168,8
1326,26,2025-09-29,272,16
1327,27,2025-09-29,230,12
1328,28,2025-09-29,162,10
1329,29,2025-09-29,278,18
1330,30,2025-09-29,212,15
1331,31,2025-09-29,192,11
1332,32,2025-09-29,205,14
1333,33,2025-09-29,175,11
1334,34,2025-09-29,130,10
1335,35,2025-09-29,167,9
1336,36,2025-09-29,339,18
1337,37,2025-09-29,259,15
1338,38,2025-09-29,219,12
1339,39,2025-09-29,213,12
1340,40,2025-09-29,154,9
1341,41,2025-09-29,197,12
1342,42,2025-09-29,259,16
1343,43,2025-09-29,224,15
1344,44,2025-09-29,140,11
1345,45,2025-09-29,255,16
1346,46,2025-09-29,270,16
1347,47,2025-09-29,231,15
1348,48,2025-09-29,171,12
1349,49,2025-09-29,168,10
1350,50,2025-09-29,241,16
1351,51,2025-09-29,260,19
1352,52,2025-09-29,176,12
1353,53,2025-09-29,169,9
1354,54,2025-09-29,169,11
1355,55,2025-09-29,212,11
1356,56,2025-09-29,244,12
1357,57,2025-09-29,162,13
1358,58,2025-09-29,271,15
1359,59,2025-09-29,220,11
1360,60,2025-09-29,228,13
1361,61,2025-09-29,234,15
1362,62,2025-09-29,218,15
1363,63,2025-09-29,333,20
1364,64,2025-09-29,201,10
1365,65,2025-09-29,259,18
1366,66,2025-09-29,189,14
1367,67,2025-09-29,282,12
1368,68,2025-09-29,104,7
1369,69,2025-09-29,272,18
1370,70,2025-09-29,131,8
1371,71,2025-09-29,231,15
1372,72,2025-09-29,277,16
1373,73,2025-09-29,237,13
1374,74,2025-09-29,200,12
1375,75,2025-09-29,239,14
1376,76,2025-09-29,195,10
1377,77,2025-09-29,126,8
1378,78,2025-09-29,209,15
1379,79,2025-09-29,180,9
1380,80,2025-09-29,330,23
1381,81,2025-09-29,225,13
1382,82,2025-09-29,217,14
1383,83,2025-09-29,289,19
1384,84,2025-09-29,248,13
1385,85,2025-09-29,252,17
1386,86,2025-09-29,190,13
1387,87,2025-09-29,217,13
1388,88,2025-09-29,213,7
1389,89,2025-09-29,367,22
1390,90,2025-09-29,227,13
1391,91,2025-09-29,213,9
1392,92,2025-09-29,538,32
1393,93,2025-09-29,303,16
1394,94,2025-09-29,199,10
1395,95,2025-09-29,256,13
1396,96,2025-09-29,152,8
1397,97,2025-09-29,250,10
1398,98,2025-09-29,253,15
1399,99,2025-09-29,217,13
1400,100,2025-09-29,246,16
1401,1,2025-09-30,168,11
1402,2,2025-09-30,182,8
1403,3,2025-09-30,197,11
1404,4,2025-09-30,327,18
1405,5,2025-09-30,227,10
1406,6,2025-09-30,304,17
1407,7,2025-09-30,351,20
1408,8,2025-09-30,283,16
1409,9,2025-09-30,221,16
1410,10,2025-09-30,158,6
1411,11,2025-09-30,222,11
1412,12,2025-09-30,190,12
1413,13,2025-09-30,151,10
1414,14,2025-09-30,218,13
1415,15,2025-09-30,163,10
1416,16,2025-09-30,246,11
1417,17,2025-09-30,255,14
1418,18,2025-09-30,182,14
1419,19,2025-09-30,182,10
1420,20,2025-09-30,129,5
1421,21,2025-09-30,133,6
1422,22,2025-09-30,234,11
1423,23,2025-09-30,150,7
1424,24,2025-09-30,259,16
1425,25,2025-09-30,157,9
1426,26,2025-09-30,247,18
1427,27,2025-09-30,175,9
1428,28,2025-09-30,128,8
1429,29,2025-09-30,191,11
1430,30,2025-09-30,165,8
1431,31,2025-09-30,159,4
1432,32,2025-09-30,179,8
1433,33,2025-09-30,169,11
1434,34,2025-09-30,120,7
1435,35,2025-09-30,107,5
1436,36,2025-09-30,283,17
1437,37,2025-09-30,229,15
1438,38,2025-09-30,201,14
1439,39,2025-09-30,176,11
1440,40,2025-09-30,140,13
1441,41,2025-09-30,146,5
1442,42,2025-09-30,213,12
1443,43,2025-09-30,167,10
1444,44,2025-09-30,97,3
1445,45,2025-09-30,201,9
1446,46,2025-09-30,208,10
1447,47,2025-09-30,209,12
1448,48,2025-09-30,170,13
1449,49,2025-09-30,175,13
1450,50,2025-09-30,215,19
1451,51,2025-09-30,231,13
1452,52,2025-09-30,170,7
1453,53,2025-09-30,148,9
1454,54,2025-09-30,152,9
1455,55,2025-09-30,188,9
1456,56,2025-09-30,235,16
1457,57,2025-09-30,115,6
1458,58,2025-09-30,222,15
1459,59,2025-09-30,199,12
1460,60,2025-09-30,226,13
1461,61,2025-09-30,214,11
1462,62,2025-09-30,196,8
1463,63,2025-09-30,256,16
1464,64,2025-09-30,159,9
1465,65,2025-09-30,249,14
1466,66,2025-09-30,170,8
1467,67,2025-09-30,216,13
1468,68,2025-09-30,99,7
1469,69,2025-09-30,238,14
1470,70,2025-09-30,117,8
1471,71,2025-09-30,248,13
1472,72,2025-09-30,281,19
1473,73,2025-09-30,242,10
1474,74,2025-09-30,176,7
1475,75,2025-09-30,200,15
1476,76,2025-09-30,182,11
1477,77,2025-09-30,115,8
1478,78,2025-09-30,164,10
1479,79,2025-09-30,155,7
1480,80,2025-09-30,309,16
1481,81,2025-09-30,172,11
1482,82,2025-09-30,167,6
1483,83,2025-09-30,236,13
1484,84,2025-09-30,223,14
1485,85,2025-09-30,248,16
1486,86,2025-09-30,161,8
1487,87,2025-09-30,162,14
1488,88,2025-09-30,205,19
1489,89,2025-09-30,328,22
1490,90,2025-09-30,202,10
1491,91,2025-09-30,142,6
1492,92,2025-09-30,416,26
1493,93,2025-09-30,237,12
1494,94,2025-09-30,200,11
1495,95,2025-09-30,236,12
1496,96,2025-09-30,155,13
1497,97,2025-09-30,185,8
1498,98,2025-09-30,199,14
1499,99,2025-09-30,198,6
1500,100,2025-09-30,226,17
1501,1,2025-10-01,120,7
1502,2,2025-10-01,130,7
1503,3,2025-10-01,149,9
1504,4,2025-10-01,231,13
1505,5,2025-10-01,201,14
1506,6,2025-10-01,193,12
1507,7,2025-10-01,254,11
1508,8,2025-10-01,215,11
1509,9,2025-10-01,177,11
1510,10,2025-10-01,133,6
1511,11,2025-10-01,177,11
1512,12,2025-10-01,180,8
1513,13,2025-10-01,121,8
1514,14,2025-10-01,166,10
1515,15,2025-10-01,158,12
1516,16,2025-10-01,202,11
1517,17,2025-10-01,214,15
1518,18,2025-10-01,162,10
1519,19,2025-10-01,110,4
1520,20,2025-10-01,100,6
1521,21,2025-10-01,112,10
1522,22,2025-10-01,164,13
1523,23,2025-10-01,106,7
1524,24,2025-10-01,183,9
1525,25,2025-10-01,108,5
1526,26,2025-10-01,196,14
1527,27,2025-10-01,135,4
1528,28,2025-10-01,123,10
1529,29,2025-10-01,188,11
1530,30,2025-10-01,159,11
1531,31,2025-10-01,122,13
1532,32,2025-10-01,143,10
1533,33,2025-10-01,141,10
1534,34,2025-10-01,90,9
1535,35,2025-10-01,117,8
1536,36,2025-10-01,232,14
1537,37,2025-10-01,173,9
1538,38,2025-10-01,144,10
1539,39,2025-10-01,156,11
1540,40,2025-10-01,118,5
1541,41,2025-10-01,123,6
1542,42,2025-10-01,215,12
1543,43,2025-10-01,135,7
1544,44,2025-10-01,102,5
1545,45,2025-10-01,148,11
1546,46,2025-10-01,185,10
1547,47,2025-10-01,158,7
1548,48,2025-10-01,110,3
1549,49,2025-10-01,140,8
1550,50,2025-10-01,184,10
1551,51,2025-10-01,215,13
1552,52,2025-10-01,132,9
1553,53,2025-10-01,86,4
1554,54,2025-10-01,142,11
1555,55,2025-10-01,125,6
1556,56,2025-10-01,190,7
1557,57,2025-10-01,97,7
1558,58,2025-10-01,178,8
1559,59,2025-10-01,137,6
1560,60,2025-10-01,138,11
1561,61,2025-10-01,179,11
1562,62,2025-10-01,137,8
1563,63,2025-10-01,232,13
1564,64,2025-10-01,127,9
1565,65,2025-10-01,182,14
1566,66,2025-10-01,121,6
1567,67,2025-10-01,207,14
1568,68,2025-10-01,81,7
1569,69,2025-10-01,179,12
1570,70,2025-10-01,76,6
1571,71,2025-10-01,164,10
1572,72,2025-10-01,196,12
1573,73,2025-10-01,181,10
1574,74,2025-10-01,147,9
1575,75,2025-10-01,157,8
1576,76,2025-10-01,164,9
1577,77,2025-10-01,97,8
1578,78,2025-10-01,126,6
1579,79,2025-10-01,102,7
1580,80,2025-10-01,212,11
1581,81,2025-10-01,136,6
1582,82,2025-10-01,148,10
1583,83,2025-10-01,173,8
1584,84,2025-10-01,194,14
1585,85,2025-10-01,143,9
1586,86,2025-10-01,148,8
1587,87,2025-10-01,153,8
1588,88,2025-10-01,144,8
1589,89,2025-10-01,268,15
1590,90,2025-10-01,143,8
1591,91,2025-10-01,149,11
1592,92,2025-10-01,317,20
1593,93,2025-10-01,180,10
1594,94,2025-10-01,155,8
1595,95,2025-10-01,206,10
1596,96,2025-10-01,118,8
1597,97,2025-10-01,148,10
1598,98,2025-10-01,188,6
1599,99,2025-10-01,151,8
1600,100,2025-10-01,168,9
1601,1,2025-10-02,108,5
1602,2,2025-10-02,136,6
1603,3,2025-10-02,141,10
1604,4,2025-10-02,191,12
1605,5,2025-10-02,187,12
1606,6,2025-10-02,163,8
1607,7,2025-10-02,251,15
1608,8,2025-10-02,209,10
1609,9,2025-10-02,135,8
1610,10,2025-10-02,104,5
1611,11,2025-10-02,159,11
1612,12,2025-10-02,136,8
1613,13,2025-10-02,107,4
1614,14,2025-10-02,159,6
1615,15,2025-10-02,124,9
1616,16,2025-10-02,163,6
1617,17,2025-10-02,176,10
1618,18,2025-10-02,162,10
1619,19,2025-10-02,136,8
1620,20,2025-10-02,73,5
1621,21,2025-10-02,95,5
1622,22,2025-10-02,193,7
1623,23,2025-10-02,122,7
1624,24,2025-10-02,143,10
1625,25,2025-10-02,90,2
1626,26,2025-10-02,177,10
1627,27,2025-10-02,117,7
1628,28,2025-10-02,97,4
1629,29,2025-10-02,142,10
1630,30,2025-10-02,141,12
1631,31,2025-10-02,104,6
1632,32,2025-10-02,127,7
1633,33,2025-10-02,115,10
1634,34,2025-10-02,79,6
1635,35,2025-10-02,79,4
1636,36,2025-10-02,229,15
1637,37,2025-10-02,162,9
1638,38,2025-10-02,113,7
1639,39,2025-10-02,109,9
1640,40,2025-10-02,86,4
1641,41,2025-10-02,117,3
1642,42,2025-10-02,144,8
1643,43,2025-10-02,108,5
1644,44,2025-10-02,88,5
1645,45,2025-10-02,144,7
1646,46,2025-10-02,148,10
1647,47,2025-10-02,138,8
1648,48,2025-10-02,116,7
1649,49,2025-10-02,115,6
1650,50,2025-10-02,171,7
1651,51,2025-10-02,160,11
1652,52,2025-10-02,103,6
1653,53,2025-10-02,91,4
1654,54,2025-10-02,106,2
1655,55,2025-10-02,101,9
1656,56,2025-10-02,161,12
1657,57,2025-10-02,91,5
1658,58,2025-10-02,113,5
1659,59,2025-10-02,112,7
1660,60,2025-10-02,119,9
1661,61,2025-10-02,140,4
1662,62,2025-10-02,129,8
1663,63,2025-10-02,179,6
1664,64,2025-10-02,113,8
1665,65,2025-10-02,194,10
1666,66,2025-10-02,107,6
1667,67,2025-10-02,126,4
1668,68,2025-10-02,61,4
1669,69,2025-10-02,144,6
1670,70,2025-10-02,74,8
1671,71,2025-10-02,168,12
1672,72,2025-10-02,174,9
1673,73,2025-10-02,150,8
1674,74,2025-10-02,123,8
1675,75,2025-10-02,153,10
1676,76,2025-10-02,136,7
1677,77,2025-10-02,79,4
1678,78,2025-10-02,121,7
1679,79,2025-10-02,99,6
1680,80,2025-10-02,190,12
1681,81,2025-10-02,130,9
1682,82,2025-10-02,160,9
1683,83,2025-10-02,156,7
1684,84,2025-10-02,126,10
1685,85,2025-10-02,134,7
1686,86,2025-10-02,103,7
1687,87,2025-10-02,104,6
1688,88,2025-10-02,143,8
1689,89,2025-10-02,195,13
1690,90,2025-10-02,105,3
1691,91,2025-10-02,124,7
1692,92,2025-10-02,275,16
1693,93,2025-10-02,181,10
1694,94,2025-10-02,110,7
1695,95,2025-10-02,173,11
1696,96,2025-10-02,70,5
1697,97,2025-10-02,118,0
1698,98,2025-10-02,119,5
1699,99,2025-10-02,136,5
1700,100,2025-10-02,135,12
1701,1,2025-10-03,127,7
1702,2,2025-10-03,154,11
1703,3,2025-10-03,153,11
1704,4,2025-10-03,177,8
1705,5,2025-10-03,197,12
1706,6,2025-10-03,214,14
1707,7,2025-10-03,273,15
1708,8,2025-10-03,195,9
1709,9,2025-10-03,133,7
1710,10,2025-10-03,108,5
1711,11,2025-10-03,153,7
1712,12,2025-10-03,152,11
1713,13,2025-10-03,111,10
1714,14,2025-10-03,107,6
1715,15,2025-10-03,142,7
1716,16,2025-10-03,154,10
1717,17,2025-10-03,185,10
1718,18,2025-10-03,128,8
1719,19,2025-10-03,113,7
1720,20,2025-10-03,91,5
1721,21,2025-10-03,100,3
1722,22,2025-10-03,140,10
1723,23,2025-10-03,94,5
1724,24,2025-10-03,177,11
1725,25,2025-10-03,121,6
1726,26,2025-10-03,199,8
1727,27,2025-10-03,132,5
1728,28,2025-10-03,92,3
1729,29,2025-10-03,146,6
1730,30,2025-10-03,131,7
1731,31,2025-10-03,113,6
1732,32,2025-10-03,123,6
1733,33,2025-10-03,108,6
1734,34,2025-10-03,76,2
1735,35,2025-10-03,87,1
1736,36,2025-10-03,208,13
1737,37,2025-10-03,129,10
1738,38,2025-10-03,137,11
1739,39,2025-10-03,129,7
1740,40,2025-10-03,114,4
1741,41,2025-10-03,119,5
1742,42,2025-10-03,144,10
1743,43,2025-10-03,115,9
1744,44,2025-10-03,73,5
1745,45,2025-10-03,160,10
1746,46,2025-10-03,129,10
1747,47,2025-10-03,119,6
1748,48,2025-10-03,108,6
1749,49,2025-10-03,102,6
1750,50,2025-10-03,131,4
1751,51,2025-10-03,150,9
1752,52,2025-10-03,114,9
1753,53,2025-10-03,99,6
1754,54,2025-10-03,120,5
1755,55,2025-10-03,149,8
1756,56,2025-10-03,179,9
1757,57,2025-10-03,82,5
1758,58,2025-10-03,150,10
1759,59,2025-10-03,96,6
1760,60,2025-10-03,128,7
1761,61,2025-10-03,159,5
1762,62,2025-10-03,115,4
1763,63,2025-10-03,171,14
1764,64,2025-10-03,91,2
1765,65,2025-10-03,167,15
1766,66,2025-10-03,106,6
1767,67,2025-10-03,157,10
1768,68,2025-10-03,63,2
1769,69,2025-10-03,155,6
1770,70,2025-10-03,75,3
1771,71,2025-10-03,147,11
1772,72,2025-10-03,160,7
1773,73,2025-10-03,170,10
1774,74,2025-10-03,109,4
1775,75,2025-10-03,129,4
1776,76,2025-10-03,106,3
1777,77,2025-10-03,70,4
1778,78,2025-10-03,91,3
1779,79,2025-10-03,89,4
1780,80,2025-10-03,231,13
1781,81,2025-10-03,124,4
1782,82,2025-10-03,137,7
1783,83,2025-10-03,141,8
1784,84,2025-10-03,163,12
1785,85,2025-10-03,110,6
1786,86,2025-10-03,91,6
1787,87,2025-10-03,122,8
1788,88,2025-10-03,129,7
1789,89,2025-10-03,183,12
1790,90,2025-10-03,157,10
1791,91,2025-10-03,112,8
1792,92,2025-10-03,305,19
1793,93,2025-10-03,160,9
1794,94,2025-10-03,132,10
1795,95,2025-10-03,157,10
1796,96,2025-10-03,87,6
1797,97,2025-10-03,158,13
1798,98,2025-10-03,150,9
1799,99,2025-10-03,131,5
1800,100,2025-10-03,171,11
1801,1,2025-10-04,123,9
1802,2,2025-10-04,113,4
1803,3,2025-10-04,127,3
1804,4,2025-10-04,212,12
1805,5,2025-10-04,155,7
1806,6,2025-10-04,185,10
1807,7,2025-10-04,229,12
1808,8,2025-10-04,221,14
1809,9,2025-10-04,138,9
1810,10,2025-10-04,116,3
1811,11,2025-10-04,122,7
1812,12,2025-10-04,151,5
1813,13,2025-10-04,106,5
1814,14,2025-10-04,133,10
1815,15,2025-10-04,124,4
1816,16,2025-10-04,187,10
1817,17,2025-10-04,176,10
1818,18,2025-10-04,139,13
1819,19,2025-10-04,120,7
1820,20,2025-10-04,85,10
1821,21,2025-10-04,117,5
1822,22,2025-10-04,182,11
1823,23,2025-10-04,108,6
1824,24,2025-10-04,147,7
1825,25,2025-10-04,112,5
1826,26,2025-10-04,165,8
1827,27,2025-10-04,136,8
1828,28,2025-10-04,81,4
1829,29,2025-10-04,135,3
1830,30,2025-10-04,143,9
1831,31,2025-10-04,94,4
1832,32,2025-10-04,134,8
1833,33,2025-10-04,128,8
1834,34,2025-10-04,74,5
1835,35,2025-10-04,99,4
1836,36,2025-10-04,199,13
1837,37,2025-10-04,160,9
1838,38,2025-10-04,109,6
1839,39,2025-10-04,137,8
1840,40,2025-10-04,114,0
1841,41,2025-10-04,109,4
1842,42,2025-10-04,196,12
1843,43,2025-10-04,125,6
1844,44,2025-10-04,85,3
1845,45,2025-10-04,119,6
1846,46,2025-10-04,158,7
1847,47,2025-10-04,153,10
1848,48,2025-10-04,115,6
1849,49,2025-10-04,105,5
1850,50,2025-10-04,143,6
1851,51,2025-10-04,154,9
1852,52,2025-10-04,110,6
1853,53,2025-10-04,114,6
1854,54,2025-10-04,103,6
1855,55,2025-10-04,136,5
1856,56,2025-10-04,170,9
1857,57,2025-10-04,74,2
1858,58,2025-10-04,165,10
1859,59,2025-10-04,147,10
1860,60,2025-10-04,127,8
1861,61,2025-10-04,147,6
1862,62,2025-10-04,112,4
1863,63,2025-10-04,218,16
1864,64,2025-10-04,126,5
1865,65,2025-10-04,151,8
1866,66,2025-10-04,109,7
1867,67,2025-10-04,144,8
1868,68,2025-10-04,69,10
1869,69,2025-10-04,123,3
1870,70,2025-10-04,73,4
1871,71,2025-10-04,166,9
1872,72,2025-10-04,149,8
1873,73,2025-10-04,142,10
1874,74,2025-10-04,104,3
1875,75,2025-10-04,128,8
1876,76,2025-10-04,131,9
1877,77,2025-10-04,77,3
1878,78,2025-10-04,102,10
1879,79,2025-10-04,72,5
1880,80,2025-10-04,226,13
1881,81,2025-10-04,120,6
1882,82,2025-10-04,117,6
1883,83,2025-10-04,134,9
1884,84,2025-10-04,142,8
1885,85,2025-10-04,165,6
1886,86,2025-10-04,118,7
1887,87,2025-10-04,118,8
1888,88,2025-10-04,126,8
1889,89,2025-10-04,217,16
1890,90,2025-10-04,103,6
1891,91,2025-10-04,111,7
1892,92,2025-10-04,303,18
1893,93,2025-10-04,172,9
1894,94,2025-10-04,150,5
1895,95,2025-10-04,170,12
1896,96,2025-10-04,118,8
1897,97,2025-10-04,141,8
1898,98,2025-10-04,136,8
1899,99,2025-10-04,137,6
1900,100,2025-10-04,138,10
1901,1,2025-10-05,65,4
1902,2,2025-10-05,49,1
1903,3,2025-10-05,90,3
1904,4,2025-10-05,114,8
1905,5,2025-10-05,89,7
1906,6,2025-10-05,114,7
1907,7,2025-10-05,116,7
1908,8,2025-10-05,99,8
1909,9,2025-10-05,73,4
1910,10,2025-10-05,55,5
1911,11,2025-10-05,99,6
1912,12,2025-10-05,60,3
1913,13,2025-10-05,48,0
1914,14,2025-10-05,69,2
1915,15,2025-10-05,71,2
1916,16,2025-10-05,92,6
1917,17,2025-10-05,107,6
1918,18,2025-10-05,73,4
1919,19,2025-10-05,81,5
1920,20,2025-10-05,60,1
1921,21,2025-10-05,57,4
1922,22,2025-10-05,90,2
1923,23,2025-10-05,71,4
1924,24,2025-10-05,118,5
1925,25,2025-10-05,48,0
1926,26,2025-10-05,103,5
1927,27,2025-10-05,41,3
1928,28,2025-10-05,46,3
1929,29,2025-10-05,87,4
1930,30,2025-10-05,90,3
1931,31,2025-10-05,66,3
1932,32,2025-10-05,83,5
1933,33,2025-10-05,87,6
1934,34,2025-10-05,37,3
1935,35,2025-10-05,59,3
1936,36,2025-10-05,119,5
1937,37,2025-10-05,95,1
1938,38,2025-10-05,87,3
1939,39,2025-10-05,53,1
1940,40,2025-10-05,52,0
1941,41,2025-10-05,71,2
1942,42,2025-10-05,80,4
1943,43,2025-10-05,67,3
1944,44,2025-10-05,48,0
1945,45,2025-10-05,85,2
1946,46,2025-10-05,92,5
1947,47,2025-10-05,81,5
1948,48,2025-10-05,41,1
1949,49,2025-10-05,75,2
1950,50,2025-10-05,112,4
1951,51,2025-10-05,78,5
1952,52,2025-10-05,43,1
1953,53,2025-10-05,47,1
1954,54,2025-10-05,64,5
1955,55,2025-10-05,54,3
1956,56,2025-10-05,93,7
1957,57,2025-10-05,43,3
1958,58,2025-10-05,113,6
1959,59,2025-10-05,68,4
1960,60,2025-10-05,80,2
1961,61,2025-10-05,93,2
1962,62,2025-10-05,65,4
1963,63,2025-10-05,121,6
1964,64,2025-10-05,65,5
1965,65,2025-10-05,121,4
1966,66,2025-10-05,55,2
1967,67,2025-10-05,105,9
1968,68,2025-10-05,33,2
1969,69,2025-10-05,123,7
1970,70,2025-10-05,47,4
1971,71,2025-10-05,61,1
1972,72,2025-10-05,79,5
1973,73,2025-10-05,78,3
1974,74,2025-10-05,61,3
1975,75,2025-10-05,66,4
1976,76,2025-10-05,68,8
1977,77,2025-10-05,56,0
1978,78,2025-10-05,61,3
1979,79,2025-10-05,63,6
1980,80,2025-10-05,88,4
1981,81,2025-10-05,49,2
1982,82,2025-10-05,98,6
1983,83,2025-10-05,70,5
1984,84,2025-10-05,85,5
1985,85,2025-10-05,81,5
1986,86,2025-10-05,69,3
1987,87,2025-10-05,67,3
1988,88,2025-10-05,75,7
1989,89,2025-10-05,149,9
1990,90,2025-10-05,85,6
1991,91,2025-10-05,58,0
1992,92,2025-10-05,121,8
1993,93,2025-10-05,71,4
1994,94,2025-10-05,90,4
1995,95,2025-10-05,74,0
1996,96,2025-10-05,39,0
1997,97,2025-10-05,101,5
1998,98,2025-10-05,97,2
1999,99,2025-10-05,69,6
2000,100,2025-10-05,64,0
2001,1,2025-10-06,124,8
2002,2,2025-10-06,189,9
2003,3,2025-10-06,182,12
2004,4,2025-10-06,254,12
2005,5,2025-10-06,236,15
2006,6,2025-10-06,263,19
2007,7,2025-10-06,331,18
2008,8,2025-10-06,242,15
2009,9,2025-10-06,209,10
2010,10,2025-10-06,130,6
2011,11,2025-10-06,164,7
2012,12,2025-10-06,228,16
2013,13,2025-10-06,127,8
2014,14,2025-10-06,180,11
2015,15,2025-10-06,168,13
2016,16,2025-10-06,212,15
2017,17,2025-10-06,249,15
2018,18,2025-10-06,159,7
2019,19,2025-10-06,188,11
2020,20,2025-10-06,108,8
2021,21,2025-10-06,120,6
2022,22,2025-10-06,180,11
2023,23,2025-10-06,143,10
2024,24,2025-10-06,242,13
2025,25,2025-10-06,154,8
2026,26,2025-10-06,249,16
2027,27,2025-10-06,158,9
2028,28,2025-10-06,125,6
2029,29,2025-10-06,225,10
2030,30,2025-10-06,165,12
2031,31,2025-10-06,133,9
2032,32,2025-10-06,169,13
2033,33,2025-10-06,139,6
2034,34,2025-10-06,106,9
2035,35,2025-10-06,115,7
2036,36,2025-10-06,289,16
2037,37,2025-10-06,173,11
2038,38,2025-10-06,173,13
2039,39,2025-10-06,153,6
2040,40,2025-10-06,142,8
2041,41,2025-10-06,156,5
2042,42,2025-10-06,203,10
2043,43,2025-10-06,155,7
2044,44,2025-10-06,117,6
2045,45,2025-10-06,185,9
2046,46,2025-10-06,188,8
2047,47,2025-10-06,153,13
2048,48,2025-10-06,152,12
2049,49,2025-10-06,126,7
2050,50,2025-10-06,186,13
2051,51,2025-10-06,186,9
2052,52,2025-10-06,154,11
2053,53,2025-10-06,126,11
2054,54,2025-10-06,139,6
2055,55,2025-10-06,160,12
2056,56,2025-10-06,183,11
2057,57,2025-10-06,119,7
2058,58,2025-10-06,195,13
2059,59,2025-10-06,153,6
2060,60,2025-10-06,157,8
2061,61,2025-10-06,184,10
2062,62,2025-10-06,151,9
2063,63,2025-10-06,221,13
2064,64,2025-10-06,162,12
2065,65,2025-10-06,205,12
2066,66,2025-10-06,159,9
2067,67,2025-10-06,241,14
2068,68,2025-10-06,93,3
2069,69,2025-10-06,187,11
2070,70,2025-10-06,95,4
2071,71,2025-10-06,198,15
2072,72,2025-10-06,230,13
2073,73,2025-10-06,179,9
2074,74,2025-10-06,144,11
2075,75,2025-10-06,207,14
2076,76,2025-10-06,141,8
2077,77,2025-10-06,108,4
2078,78,2025-10-06,144,9
2079,79,2025-10-06,136,6
2080,80,2025-10-06,295,18
2081,81,2025-10-06,158,9
2082,82,2025-10-06,158,10
2083,83,2025-10-06,227,9
2084,84,2025-10-06,186,9
2085,85,2025-10-06,181,11
2086,86,2025-10-06,166,9
2087,87,2025-10-06,154,9
2088,88,2025-10-06,164,8
2089,89,2025-10-06,298,17
2090,90,2025-10-06,172,9
2091,91,2025-10-06,152,7
2092,92,2025-10-06,417,25
2093,93,2025-10-06,229,13
2094,94,2025-10-06,162,8
2095,95,2025-10-06,232,13
2096,96,2025-10-06,123,7
2097,97,2025-10-06,210,12
2098,98,2025-10-06,232,16
2099,99,2025-10-06,162,10
2100,100,2025-10-06,193,13
2101,1,2025-10-07,134,11
2102,2,2025-10-07,140,8
2103,3,2025-10-07,178,11
2104,4,2025-10-07,225,13
2105,5,2025-10-07,188,12
2106,6,2025-10-07,173,14
2107,7,2025-10-07,271,19
2108,8,2025-10-07,222,13
2109,9,2025-10-07,170,12
2110,10,2025-10-07,114,8
2111,11,2025-10-07,169,12
2112,12,2025-10-07,182,12
2113,13,2025-10-07,131,10
2114,14,2025-10-07,169,9
2115,15,2025-10-07,131,7
2116,16,2025-10-07,175,6
2117,17,2025-10-07,195,14
2118,18,2025-10-07,139,9
2119,19,2025-10-07,145,8
2120,20,2025-10-07,79,3
2121,21,2025-10-07,104,6
2122,22,2025-10-07,170,10
2123,23,2025-10-07,115,7
2124,24,2025-10-07,214,15
2125,25,2025-10-07,135,9
2126,26,2025-10-07,210,13
2127,27,2025-10-07,133,5
2128,28,2025-10-07,114,9
2129,29,2025-10-07,153,9
2130,30,2025-10-07,168,8
2131,31,2025-10-07,129,12
2132,32,2025-10-07,144,14
2133,33,2025-10-07,124,8
2134,34,2025-10-07,92,10
2135,35,2025-10-07,110,5
2136,36,2025-10-07,244,12
2137,37,2025-10-07,199,10
2138,38,2025-10-07,126,2
2139,39,2025-10-07,139,9
2140,40,2025-10-07,117,3
2141,41,2025-10-07,124,9
2142,42,2025-10-07,181,10
2143,43,2025-10-07,149,9
2144,44,2025-10-07,93,3
2145,45,2025-10-07,146,5
2146,46,2025-10-07,177,11
2147,47,2025-10-07,141,10
2148,48,2025-10-07,132,9
2149,49,2025-10-07,140,8
2150,50,2025-10-07,155,5
2151,51,2025-10-07,164,8
2152,52,2025-10-07,101,6
2153,53,2025-10-07,97,3
2154,54,2025-10-07,119,7
2155,55,2025-10-07,155,6
2156,56,2025-10-07,208,10
2157,57,2025-10-07,118,8
2158,58,2025-10-07,207,13
2159,59,2025-10-07,148,5
2160,60,2025-10-07,113,4
2161,61,2025-10-07,168,7
2162,62,2025-10-07,176,10
2163,63,2025-10-07,222,12
2164,64,2025-10-07,131,6
2165,65,2025-10-07,181,11
2166,66,2025-10-07,140,6
2167,67,2025-10-07,168,13
2168,68,2025-10-07,77,6
2169,69,2025-10-07,174,9
2170,70,2025-10-07,82,4
2171,71,2025-10-07,196,12
2172,72,2025-10-07,206,14
2173,73,2025-10-07,162,12
2174,74,2025-10-07,133,7
2175,75,2025-10-07,170,12
2176,76,2025-10-07,154,12
2177,77,2025-10-07,91,5
2178,78,2025-10-07,138,9
2179,79,2025-10-07,117,7
2180,80,2025-10-07,246,17
2181,81,2025-10-07,137,10
2182,82,2025-10-07,123,10
2183,83,2025-10-07,180,11
2184,84,2025-10-07,164,11
2185,85,2025-10-07,162,7
2186,86,2025-10-07,137,8
2187,87,2025-10-07,173,8
2188,88,2025-10-07,162,10
2189,89,2025-10-07,251,13
2190,90,2025-10-07,157,9
2191,91,2025-10-07,139,7
2192,92,2025-10-07,396,23
2193,93,2025-10-07,173,7
2194,94,2025-10-07,149,7
2195,95,2025-10-07,205,10
2196,96,2025-10-07,110,4
2197,97,2025-10-07,166,14
2198,98,2025-10-07,159,11
2199,99,2025-10-07,147,10
2200,100,2025-10-07,164,10
2201,1,2025-10-08,146,6
2202,2,2025-10-08,128,8
2203,3,2025-10-08,147,10
2204,4,2025-10-08,220,13
2205,5,2025-10-08,205,11
2206,6,2025-10-08,203,14
2207,7,2025-10-08,273,13
2208,8,2025-10-08,229,12
2209,9,2025-10-08,176,8
2210,10,2025-10-08,120,5
2211,11,2025-10-08,171,13
2212,12,2025-10-08,187,10
2213,13,2025-10-08,99,6
2214,14,2025-10-08,163,10
2215,15,2025-10-08,124,8
2216,16,2025-10-08,194,8
2217,17,2025-10-08,184,11
2218,18,2025-10-08,160,11
2219,19,2025-10-08,146,8
2220,20,2025-10-08,88,4
2221,21,2025-10-08,103,8
2222,22,2025-10-08,173,8
2223,23,2025-10-08,120,3
2224,24,2025-10-08,181,8
2225,25,2025-10-08,118,7
2226,26,2025-10-08,175,8
2227,27,2025-10-08,156,10
2228,28,2025-10-08,103,5
2229,29,2025-10-08,172,7
2230,30,2025-10-08,155,6
2231,31,2025-10-08,126,8
2232,32,2025-10-08,142,7
2233,33,2025-10-08,128,6
2234,34,2025-10-08,100,6
2235,35,2025-10-08,103,6
2236,36,2025-10-08,280,14
2237,37,2025-10-08,178,8
2238,38,2025-10-08,128,6
2239,39,2025-10-08,149,11
2240,40,2025-10-08,126,8
2241,41,2025-10-08,108,8
2242,42,2025-10-08,223,13
2243,43,2025-10-08,152,9
2244,44,2025-10-08,109,7
2245,45,2025-10-08,182,12
2246,46,2025-10-08,126,10
2247,47,2025-10-08,169,10
2248,48,2025-10-08,129,6
2249,49,2025-10-08,148,3
2250,50,2025-10-08,175,11
2251,51,2025-10-08,146,9
2252,52,2025-10-08,130,6
2253,53,2025-10-08,100,6
2254,54,2025-10-08,118,3
2255,55,2025-10-08,147,8
2256,56,2025-10-08,202,12
2257,57,2025-10-08,96,4
2258,58,2025-10-08,166,8
2259,59,2025-10-08,142,8
2260,60,2025-10-08,147,11
2261,61,2025-10-08,203,15
2262,62,2025-10-08,139,9
2263,63,2025-10-08,252,15
2264,64,2025-10-08,124,7
2265,65,2025-10-08,188,9
2266,66,2025-10-08,137,10
2267,67,2025-10-08,168,9
2268,68,2025-10-08,84,4
2269,69,2025-10-08,174,12
2270,70,2025-10-08,62,5
2271,71,2025-10-08,173,9
2272,72,2025-10-08,177,11
2273,73,2025-10-08,194,11
2274,74,2025-10-08,132,5
2275,75,2025-10-08,166,7
2276,76,2025-10-08,129,8
2277,77,2025-10-08,107,2
2278,78,2025-10-08,130,5
2279,79,2025-10-08,106,6
2280,80,2025-10-08,250,14
2281,81,2025-10-08,174,8
2282,82,2025-10-08,145,9
2283,83,2025-10-08,164,10
2284,84,2025-10-08,190,12
2285,85,2025-10-08,157,8
2286,86,2025-10-08,140,10
2287,87,2025-10-08,148,6
2288,88,2025-10-08,134,9
2289,89,2025-10-08,235,10
2290,90,2025-10-08,128,6
2291,91,2025-10-08,113,7
2292,92,2025-10-08,321,21
2293,93,2025-10-08,145,9
2294,94,2025-10-08,157,8
2295,95,2025-10-08,154,9
2296,96,2025-10-08,120,7
2297,97,2025-10-08,158,10
2298,98,2025-10-08,158,7
2299,99,2025-10-08,136,12
2300,100,2025-10-08,166,9
2301,1,2025-10-09,113,6
2302,2,2025-10-09,129,12
2303,3,2025-10-09,144,10
2304,4,2025-10-09,203,13
2305,5,2025-10-09,184,10
2306,6,2025-10-09,237,13
2307,7,2025-10-09,214,11
2308,8,2025-10-09,172,13
2309,9,2025-10-09,139,7
2310,10,2025-10-09,127,7
2311,11,2025-10-09,160,9
2312,12,2025-10-09,146,9
2313,13,2025-10-09,107,4
2314,14,2025-10-09,163,12
2315,15,2025-10-09,128,9
2316,16,2025-10-09,147,9
2317,17,2025-10-09,167,11
2318,18,2025-10-09,109,6
2319,19,2025-10-09,152,11
2320,20,2025-10-09,103,10
2321,21,2025-10-09,108,5
2322,22,2025-10-09,197,13
2323,23,2025-10-09,109,5
2324,24,2025-10-09,184,10
2325,25,2025-10-09,90,3
2326,26,2025-10-09,139,7
2327,27,2025-10-09,101,7
2328,28,2025-10-09,99,10
2329,29,2025-10-09,171,9
2330,30,2025-10-09,122,6
2331,31,2025-10-09,108,5
2332,32,2025-10-09,126,10
2333,33,2025-10-09,110,5
2334,34,2025-10-09,78,5
2335,35,2025-10-09,83,9
2336,36,2025-10-09,263,16
2337,37,2025-10-09,147,7
2338,38,2025-10-09,143,6
2339,39,2025-10-09,98,3
2340,40,2025-10-09,107,5
2341,41,2025-10-09,100,4
2342,42,2025-10-09,180,10
2343,43,2025-10-09,119,7
2344,44,2025-10-09,81,6
2345,45,2025-10-09,125,7
2346,46,2025-10-09,154,7
2347,47,2025-10-09,143,8
2348,48,2025-10-09,111,6
2349,49,2025-10-09,119,7
2350,50,2025-10-09,160,6
2351,51,2025-10-09,130,2
2352,52,2025-10-09,111,4
2353,53,2025-10-09,88,7
2354,54,2025-10-09,118,6
2355,55,2025-10-09,125,10
2356,56,2025-10-09,128,6
2357,57,2025-10-09,83,5
2358,58,2025-10-09,166,4
2359,59,2025-10-09,130,12
2360,60,2025-10-09,122,4
2361,61,2025-10-09,129,8
2362,62,2025-10-09,124,7
2363,63,2025-10-09,209,15
2364,64,2025-10-09,115,4
2365,65,2025-10-09,170,7
2366,66,2025-10-09,128,5
2367,67,2025-10-09,173,10
2368,68,2025-10-09,78,3
2369,69,2025-10-09,124,7
2370,70,2025-10-09,76,1
2371,71,2025-10-09,156,9
2372,72,2025-10-09,192,9
2373,73,2025-10-09,171,11
2374,74,2025-10-09,107,9
2375,75,2025-10-09,138,9
2376,76,2025-10-09,127,7
2377,77,2025-10-09,78,3
2378,78,2025-10-09,117,9
2379,79,2025-10-09,105,5
2380,80,2025-10-09,182,12
2381,81,2025-10-09,146,9
2382,82,2025-10-09,156,6
2383,83,2025-10-09,159,9
2384,84,2025-10-09,159,12
2385,85,2025-10-09,157,7
2386,86,2025-10-09,113,7
2387,87,2025-10-09,110,3
2388,88,2025-10-09,142,9
2389,89,2025-10-09,194,10
2390,90,2025-10-09,162,11
2391,91,2025-10-09,113,9
2392,92,2025-10-09,295,18
2393,93,2025-10-09,152,10
2394,94,2025-10-09,105,4
2395,95,2025-10-09,172,13
2396,96,2025-10-09,103,6
2397,97,2025-10-09,144,7
2398,98,2025-10-09,122,8
2399,99,2025-10-09,121,7
2400,100,2025-10-09,163,8
2401,1,2025-10-10,134,7
2402,2,2025-10-10,125,5
2403,3,2025-10-10,171,11
2404,4,2025-10-10,210,10
2405,5,2025-10-10,213,13
2406,6,2025-10-10,161,10
2407,7,2025-10-10,227,14
2408,8,2025-10-10,170,7
2409,9,2025-10-10,163,7
2410,10,2025-10-10,90,9
2411,11,2025-10-10,199,11
2412,12,2025-10-10,151,10
2413,13,2025-10-10,118,5
2414,14,2025-10-10,162,11
2415,15,2025-10-10,126,4
2416,16,2025-10-10,183,11
2417,17,2025-10-10,204,11
2418,18,2025-10-10,158,13
2419,19,2025-10-10,114,5
2420,20,2025-10-10,80,3
2421,21,2025-10-10,92,3
2422,22,2025-10-10,179,7
2423,23,2025-10-10,91,5
2424,24,2025-10-10,168,8
2425,25,2025-10-10,106,8
2426,26,2025-10-10,170,9
2427,27,2025-10-10,114,8
2428,28,2025-10-10,105,6
2429,29,2025-10-10,140,9
2430,30,2025-10-10,134,9
2431,31,2025-10-10,117,7
2432,32,2025-10-10,112,4
2433,33,2025-10-10,107,9
2434,34,2025-10-10,81,6
2435,35,2025-10-10,108,5
2436,36,2025-10-10,185,9
2437,37,2025-10-10,168,9
2438,38,2025-10-10,123,8
2439,39,2025-10-10,124,8
2440,40,2025-10-10,127,10
2441,41,2025-10-10,115,6
2442,42,2025-10-10,141,8
2443,43,2025-10-10,131,10
2444,44,2025-10-10,79,6
2445,45,2025-10-10,128,3
2446,46,2025-10-10,145,6
2447,47,2025-10-10,108,6
2448,48,2025-10-10,128,5
2449,49,2025-10-10,121,10
2450,50,2025-10-10,140,4
2451,51,2025-10-10,152,7
2452,52,2025-10-10,93,2
2453,53,2025-10-10,92,3
2454,54,2025-10-10,93,4
2455,55,2025-10-10,113,4
2456,56,2025-10-10,170,14
2457,57,2025-10-10,95,7
2458,58,2025-10-10,131,6
2459,59,2025-10-10,124,5
2460,60,2025-10-10,103,1
2461,61,2025-10-10,147,8
2462,62,2025-10-10,140,11
2463,63,2025-10-10,209,10
2464,64,2025-10-10,107,9
2465,65,2025-10-10,210,9
2466,66,2025-10-10,97,8
2467,67,2025-10-10,125,8
2468,68,2025-10-10,67,6
2469,69,2025-10-10,173,10
2470,70,2025-10-10,79,2
2471,71,2025-10-10,137,9
2472,72,2025-10-10,208,11
2473,73,2025-10-10,149,11
2474,74,2025-10-10,111,5
2475,75,2025-10-10,141,11
2476,76,2025-10-10,135,8
2477,77,2025-10-10,81,3
2478,78,2025-10-10,102,7
2479,79,2025-10-10,107,5
2480,80,2025-10-10,214,16
2481,81,2025-10-10,123,8
2482,82,2025-10-10,121,5
2483,83,2025-10-10,173,10
2484,84,2025-10-10,137,3
2485,85,2025-10-10,135,6
2486,86,2025-10-10,111,6
2487,87,2025-10-10,124,8
2488,88,2025-10-10,141,8
2489,89,2025-10-10,207,12
2490,90,2025-10-10,131,6
2491,91,2025-10-10,106,5
2492,92,2025-10-10,270,17
2493,93,2025-10-10,169,10
2494,94,2025-10-10,125,11
2495,95,2025-10-10,182,9
2496,96,2025-10-10,77,3
2497,97,2025-10-10,138,5
2498,98,2025-10-10,139,7
2499,99,2025-10-10,136,6
2500,100,2025-10-10,144,6
2501,1,2025-10-11,120,8
2502,2,2025-10-11,129,5
2503,3,2025-10-11,155,9
2504,4,2025-10-11,184,10
2505,5,2025-10-11,221,17
2506,6,2025-10-11,157,8
2507,7,2025-10-11,266,15
2508,8,2025-10-11,158,6
2509,9,2025-10-11,129,9
2510,10,2025-10-11,115,7
2511,11,2025-10-11,168,8
2512,12,2025-10-11,123,5
2513,13,2025-10-11,102,5
2514,14,2025-10-11,125,5
2515,15,2025-10-11,134,6
2516,16,2025-10-11,171,8
2517,17,2025-10-11,177,9
2518,18,2025-10-11,131,7
2519,19,2025-10-11,130,3
2520,20,2025-10-11,102,6
2521,21,2025-10-11,89,7
2522,22,2025-10-11,174,7
2523,23,2025-10-11,97,7
2524,24,2025-10-11,192,13
2525,25,2025-10-11,94,5
2526,26,2025-10-11,173,11
2527,27,2025-10-11,119,5
2528,28,2025-10-11,96,6
2529,29,2025-10-11,167,15
2530,30,2025-10-11,108,4
2531,31,2025-10-11,110,7
2532,32,2025-10-11,130,8
2533,33,2025-10-11,128,5
2534,34,2025-10-11,79,5
2535,35,2025-10-11,107,6
2536,36,2025-10-11,193,13
2537,37,2025-10-11,124,6
2538,38,2025-10-11,115,5
2539,39,2025-10-11,121,6
2540,40,2025-10-11,132,5
2541,41,2025-10-11,112,5
2542,42,2025-10-11,120,7
2543,43,2025-10-11,136,10
2544,44,2025-10-11,84,8
2545,45,2025-10-11,126,7
2546,46,2025-10-11,123,7
2547,47,2025-10-11,127,8
2548,48,2025-10-11,98,6
2549,49,2025-10-11,122,7
2550,50,2025-10-11,140,9
2551,51,2025-10-11,159,10
2552,52,2025-10-11,97,7
2553,53,2025-10-11,99,6
2554,54,2025-10-11,107,6
2555,55,2025-10-11,123,4
2556,56,2025-10-11,161,5
2557,57,2025-10-11,88,4
2558,58,2025-10-11,135,10
2559,59,2025-10-11,126,8
2560,60,2025-10-11,120,7
2561,61,2025-10-11,106,6
2562,62,2025-10-11,109,5
2563,63,2025-10-11,228,13
2564,64,2025-10-11,98,6
2565,65,2025-10-11,147,6
2566,66,2025-10-11,103,6
2567,67,2025-10-11,165,9
2568,68,2025-10-11,69,8
2569,69,2025-10-11,175,8
2570,70,2025-10-11,64,3
2571,71,2025-10-11,152,9
2572,72,2025-10-11,182,10
2573,73,2025-10-11,161,11
2574,74,2025-10-11,107,6
2575,75,2025-10-11,172,8
2576,76,2025-10-11,104,5
2577,77,2025-10-11,87,6
2578,78,2025-10-11,110,6
2579,79,2025-10-11,112,8
2580,80,2025-10-11,223,13
2581,81,2025-10-11,113,9
2582,82,2025-10-11,135,7
2583,83,2025-10-11,152,11
2584,84,2025-10-11,115,8
2585,85,2025-10-11,140,6
2586,86,2025-10-11,102,5
2587,87,2025-10-11,121,8
2588,88,2025-10-11,162,12
2589,89,2025-10-11,201,12
2590,90,2025-10-11,133,7
2591,91,2025-10-11,125,10
2592,92,2025-10-11,329,17
2593,93,2025-10-11,145,5
2594,94,2025-10-11,125,7
2595,95,2025-10-11,154,10
2596,96,2025-10-11,85,8
2597,97,2025-10-11,125,14
2598,98,2025-10-11,136,7
2599,99,2025-10-11,158,6
2600,100,2025-10-11,163,8
2601,1,2025-10-12,77,5
2602,2,2025-10-12,66,4
2603,3,2025-10-12,84,3
2604,4,2025-10-12,115,9
2605,5,2025-10-12,87,5
2606,6,2025-10-12,112,6
2607,7,2025-10-12,145,9
2608,8,2025-10-12,113,6
2609,9,2025-10-12,72,3
2610,10,2025-10-12,66,0
2611,11,2025-10-12,97,5
2612,12,2025-10-12,118,8
2613,13,2025-10-12,66,2
2614,14,2025-10-12,96,7
2615,15,2025-10-12,71,1
2616,16,2025-10-12,87,3
2617,17,2025-10-12,104,4
2618,18,2025-10-12,57,0
2619,19,2025-10-12,91,6
2620,20,2025-10-12,53,5
2621,21,2025-10-12,53,1
2622,22,2025-10-12,105,10
2623,23,2025-10-12,71,6
2624,24,2025-10-12,123,8
2625,25,2025-10-12,61,2
2626,26,2025-10-12,79,6
2627,27,2025-10-12,86,1
2628,28,2025-10-12,53,5
2629,29,2025-10-12,69,5
2630,30,2025-10-12,78,3
2631,31,2025-10-12,66,2
2632,32,2025-10-12,71,3
2633,33,2025-10-12,76,7
2634,34,2025-10-12,34,0
2635,35,2025-10-12,38,3
2636,36,2025-10-12,127,6
2637,37,2025-10-12,64,2
2638,38,2025-10-12,71,5
2639,39,2025-10-12,61,0
2640,40,2025-10-12,56,1
2641,41,2025-10-12,77,7
2642,42,2025-10-12,125,9
2643,43,2025-10-12,58,4
2644,44,2025-10-12,36,0
2645,45,2025-10-12,61,2
2646,46,2025-10-12,83,3
2647,47,2025-10-12,84,2
2648,48,2025-10-12,76,4
2649,49,2025-10-12,75,5
2650,50,2025-10-12,81,5
2651,51,2025-10-12,107,9
2652,52,2025-10-12,70,3
2653,53,2025-10-12,47,2
2654,54,2025-10-12,58,6
2655,55,2025-10-12,82,1
2656,56,2025-10-12,107,3
2657,57,2025-10-12,47,0
2658,58,2025-10-12,91,3
2659,59,2025-10-12,78,2
2660,60,2025-10-12,72,3
2661,61,2025-10-12,97,5
2662,62,2025-10-12,57,3
2663,63,2025-10-12,105,6
2664,64,2025-10-12,63,1
2665,65,2025-10-12,105,4
2666,66,2025-10-12,83,3
2667,67,2025-10-12,121,6
2668,68,2025-10-12,52,3
2669,69,2025-10-12,103,9
2670,70,2025-10-12,42,4
2671,71,2025-10-12,126,6
2672,72,2025-10-12,106,9
2673,73,2025-10-12,96,5
2674,74,2025-10-12,69,3
2675,75,2025-10-12,81,5
2676,76,2025-10-12,86,7
2677,77,2025-10-12,51,4
2678,78,2025-10-12,62,3
2679,79,2025-10-12,69,2
2680,80,2025-10-12,119,6
2681,81,2025-10-12,87,7
2682,82,2025-10-12,69,1
2683,83,2025-10-12,78,7
2684,84,2025-10-12,87,7
2685,85,2025-10-12,103,6
2686,86,2025-10-12,68,0
2687,87,2025-10-12,62,5
2688,88,2025-10-12,90,6
2689,89,2025-10-12,93,8
2690,90,2025-10-12,68,5
2691,91,2025-10-12,81,3
2692,92,2025-10-12,196,11
2693,93,2025-10-12,132,6
2694,94,2025-10-12,63,5
2695,95,2025-10-12,58,3
2696,96,2025-10-12,57,1
2697,97,2025-10-12,77,3
2698,98,2025-10-12,95,5
2699,99,2025-10-12,62,2
2700,100,2025-10-12,110,8
2701,1,2025-10-13,140,8
2702,2,2025-10-13,183,9
2703,3,2025-10-13,217,14
2704,4,2025-10-13,296,19
2705,5,2025-10-13,260,16
2706,6,2025-10-13,290,18
2707,7,2025-10-13,313,19
2708,8,2025-10-13,252,13
2709,9,2025-10-13,193,13
2710,10,2025-10-13,117,7
2711,11,2025-10-13,189,15
2712,12,2025-10-13,210,15
2713,13,2025-10-13,153,7
2714,14,2025-10-13,195,11
2715,15,2025-10-13,146,10
2716,16,2025-10-13,213,13
2717,17,2025-10-13,267,17
2718,18,2025-10-13,196,8
2719,19,2025-10-13,154,9
2720,20,2025-10-13,122,6
2721,21,2025-10-13,119,3
2722,22,2025-10-13,216,15
2723,23,2025-10-13,139,3
2724,24,2025-10-13,243,13
2725,25,2025-10-13,142,9
2726,26,2025-10-13,229,14
2727,27,2025-10-13,149,5
2728,28,2025-10-13,127,9
2729,29,2025-10-13,188,13
2730,30,2025-10-13,142,10
2731,31,2025-10-13,146,9
2732,32,2025-10-13,161,8
2733,33,2025-10-13,149,10
2734,34,2025-10-13,91,5
2735,35,2025-10-13,121,9
2736,36,2025-10-13,260,19
2737,37,2025-10-13,168,10
2738,38,2025-10-13,184,11
2739,39,2025-10-13,203,13
2740,40,2025-10-13,144,7
2741,41,2025-10-13,175,6
2742,42,2025-10-13,220,9
2743,43,2025-10-13,184,9
2744,44,2025-10-13,99,4
2745,45,2025-10-13,163,9
2746,46,2025-10-13,186,11
2747,47,2025-10-13,180,9
2748,48,2025-10-13,140,9
2749,49,2025-10-13,146,12
2750,50,2025-10-13,220,8
2751,51,2025-10-13,207,12
2752,52,2025-10-13,145,8
2753,53,2025-10-13,140,7
2754,54,2025-10-13,155,8
2755,55,2025-10-13,168,10
2756,56,2025-10-13,176,8
2757,57,2025-10-13,85,5
2758,58,2025-10-13,207,12
2759,59,2025-10-13,142,7
2760,60,2025-10-13,135,4
2761,61,2025-10-13,206,13
2762,62,2025-10-13,175,10
2763,63,2025-10-13,259,16
2764,64,2025-10-13,148,9
2765,65,2025-10-13,226,11
2766,66,2025-10-13,157,11
2767,67,2025-10-13,204,14
2768,68,2025-10-13,104,7
2769,69,2025-10-13,195,11
2770,70,2025-10-13,93,4
2771,71,2025-10-13,192,9
2772,72,2025-10-13,218,12
2773,73,2025-10-13,200,14
2774,74,2025-10-13,149,10
2775,75,2025-10-13,214,13
2776,76,2025-10-13,155,9
2777,77,2025-10-13,101,8
2778,78,2025-10-13,172,8
2779,79,2025-10-13,127,7
2780,80,2025-10-13,267,19
2781,81,2025-10-13,192,14
2782,82,2025-10-13,184,12
2783,83,2025-10-13,228,14
2784,84,2025-10-13,212,13
2785,85,2025-10-13,184,10
2786,86,2025-10-13,139,9
2787,87,2025-10-13,153,8
2788,88,2025-10-13,194,13
2789,89,2025-10-13,246,16
2790,90,2025-10-13,181,9
2791,91,2025-10-13,157,7
2792,92,2025-10-13,394,25
2793,93,2025-10-13,231,14
2794,94,2025-10-13,158,5
2795,95,2025-10-13,201,14
2796,96,2025-10-13,136,9
2797,97,2025-10-13,153,9
2798,98,2025-10-13,194,5
2799,99,2025-10-13,175,11
2800,100,2025-10-13,202,12
2801,1,2025-10-14,138,8
2802,2,2025-10-14,158,9
2803,3,2025-10-14,167,8
2804,4,2025-10-14,230,13
2805,5,2025-10-14,256,14
2806,6,2025-10-14,204,14
2807,7,2025-10-14,279,14
2808,8,2025-10-14,191,12
2809,9,2025-10-14,186,14
2810,10,2025-10-14,123,5
2811,11,2025-10-14,172,6
2812,12,2025-10-14,208,11
2813,13,2025-10-14,119,5
2814,14,2025-10-14,171,15
2815,15,2025-10-14,134,6
2816,16,2025-10-14,170,11
2817,17,2025-10-14,213,12
2818,18,2025-10-14,155,9
2819,19,2025-10-14,130,11
2820,20,2025-10-14,108,9
2821,21,2025-10-14,105,8
2822,22,2025-10-14,150,9
2823,23,2025-10-14,87,4
2824,24,2025-10-14,192,14
2825,25,2025-10-14,109,6
2826,26,2025-10-14,198,12
2827,27,2025-10-14,139,10
2828,28,2025-10-14,126,8
2829,29,2025-10-14,163,7
2830,30,2025-10-14,150,10
2831,31,2025-10-14,111,6
2832,32,2025-10-14,142,7
2833,33,2025-10-14,152,5
2834,34,2025-10-14,77,4
2835,35,2025-10-14,108,7
2836,36,2025-10-14,256,15
2837,37,2025-10-14,196,12
2838,38,2025-10-14,142,11
2839,39,2025-10-14,140,11
2840,40,2025-10-14,117,6
2841,41,2025-10-14,117,9
2842,42,2025-10-14,158,9
2843,43,2025-10-14,134,9
2844,44,2025-10-14,94,2
2845,45,2025-10-14,164,10
2846,46,2025-10-14,177,12
2847,47,2025-10-14,158,11
2848,48,2025-10-14,131,6
2849,49,2025-10-14,125,8
2850,50,2025-10-14,182,11
2851,51,2025-10-14,186,14
2852,52,2025-10-14,126,7
2853,53,2025-10-14,108,5
2854,54,2025-10-14,140,7
2855,55,2025-10-14,162,8
2856,56,2025-10-14,203,11
2857,57,2025-10-14,102,5
2858,58,2025-10-14,120,11
2859,59,2025-10-14,161,12
2860,60,2025-10-14,158,8
2861,61,2025-10-14,162,15
2862,62,2025-10-14,137,9
2863,63,2025-10-14,183,13
2864,64,2025-10-14,142,9
2865,65,2025-10-14,165,7
2866,66,2025-10-14,139,11
2867,67,2025-10-14,189,12
2868,68,2025-10-14,76,2
2869,69,2025-10-14,200,12
2870,70,2025-10-14,105,8
2871,71,2025-10-14,181,14
2872,72,2025-10-14,187,12
2873,73,2025-10-14,196,13
2874,74,2025-10-14,112,7
2875,75,2025-10-14,129,8
2876,76,2025-10-14,175,8
2877,77,2025-10-14,87,4
2878,78,2025-10-14,145,7
2879,79,2025-10-14,128,6
2880,80,2025-10-14,225,13
2881,81,2025-10-14,126,6
2882,82,2025-10-14,142,9
2883,83,2025-10-14,195,11
2884,84,2025-10-14,183,11
2885,85,2025-10-14,156,6
2886,86,2025-10-14,106,7
2887,87,2025-10-14,138,6
2888,88,2025-10-14,155,9
2889,89,2025-10-14,249,17
2890,90,2025-10-14,137,3
2891,91,2025-10-14,126,8
2892,92,2025-10-14,379,22
2893,93,2025-10-14,172,11
2894,94,2025-10-14,160,6
2895,95,2025-10-14,188,10
2896,96,2025-10-14,120,6
2897,97,2025-10-14,157,12
2898,98,2025-10-14,161,10
2899,99,2025-10-14,165,11
2900,100,2025-10-14,181,8
2901,1,2025-10-15,137,10
2902,2,2025-10-15,136,9
2903,3,2025-10-15,158,9
2904,4,2025-10-15,235,12
2905,5,2025-10-15,245,13
2906,6,2025-10-15,199,8
2907,7,2025-10-15,247,10
2908,8,2025-10-15,237,12
2909,9,2025-10-15,146,11
2910,10,2025-10-15,108,5
2911,11,2025-10-15,161,9
2912,12,2025-10-15,174,10
2913,13,2025-10-15,147,8
2914,14,2025-10-15,165,9
2915,15,2025-10-15,131,9
2916,16,2025-10-15,183,9
2917,17,2025-10-15,216,13
2918,18,2025-10-15,137,9
2919,19,2025-10-15,151,11
2920,20,2025-10-15,93,4
2921,21,2025-10-15,102,2
2922,22,2025-10-15,198,11
2923,23,2025-10-15,114,6
2924,24,2025-10-15,183,8
2925,25,2025-10-15,117,8
2926,26,2025-10-15,174,13
2927,27,2025-10-15,166,10
2928,28,2025-10-15,95,5
2929,29,2025-10-15,163,10
2930,30,2025-10-15,134,6
2931,31,2025-10-15,124,7
2932,32,2025-10-15,125,3
2933,33,2025-10-15,125,7
2934,34,2025-10-15,76,7
2935,35,2025-10-15,106,9
2936,36,2025-10-15,254,15
2937,37,2025-10-15,191,13
2938,38,2025-10-15,122,6
2939,39,2025-10-15,119,7
2940,40,2025-10-15,134,7
2941,41,2025-10-15,141,12
2942,42,2025-10-15,196,9
2943,43,2025-10-15,154,10
2944,44,2025-10-15,103,7
2945,45,2025-10-15,165,9
2946,46,2025-10-15,170,10
2947,47,2025-10-15,155,8
2948,48,2025-10-15,113,6
2949,49,2025-10-15,139,11
2950,50,2025-10-15,165,13
2951,51,2025-10-15,173,10
2952,52,2025-10-15,108,3
2953,53,2025-10-15,113,6
2954,54,2025-10-15,121,13
2955,55,2025-10-15,151,7
2956,56,2025-10-15,189,12
2957,57,2025-10-15,98,3
2958,58,2025-10-15,177,10
2959,59,2025-10-15,147,8
2960,60,2025-10-15,154,10
2961,61,2025-10-15,190,13
2962,62,2025-10-15,112,6
2963,63,2025-10-15,195,12
2964,64,2025-10-15,128,11
2965,65,2025-10-15,196,11
2966,66,2025-10-15,151,11
2967,67,2025-10-15,178,10
2968,68,2025-10-15,91,8
2969,69,2025-10-15,195,11
2970,70,2025-10-15,86,5
2971,71,2025-10-15,152,10
2972,72,2025-10-15,209,14
2973,73,2025-10-15,170,10
2974,74,2025-10-15,135,4
2975,75,2025-10-15,142,9
2976,76,2025-10-15,143,4
2977,77,2025-10-15,100,6
2978,78,2025-10-15,152,10
2979,79,2025-10-15,113,6
2980,80,2025-10-15,235,17
2981,81,2025-10-15,142,7
2982,82,2025-10-15,154,11
2983,83,2025-10-15,175,11
2984,84,2025-10-15,171,9
2985,85,2025-10-15,156,11
2986,86,2025-10-15,123,8
2987,87,2025-10-15,159,10
2988,88,2025-10-15,155,10
2989,89,2025-10-15,248,16
2990,90,2025-10-15,172,10
2991,91,2025-10-15,138,8
2992,92,2025-10-15,342,20
2993,93,2025-10-15,226,14
2994,94,2025-10-15,158,5
2995,95,2025-10-15,190,11
2996,96,2025-10-15,105,7
2997,97,2025-10-15,146,8
2998,98,2025-10-15,172,14
2999,99,2025-10-15,158,10
3000,100,2025-10-15,181,14
3001,1,2025-10-16,129,8
3002,2,2025-10-16,120,10
3003,3,2025-10-16,174,10
3004,4,2025-10-16,222,15
3005,5,2025-10-16,185,9
3006,6,2025-10-16,202,9
3007,7,2025-10-16,259,14
3008,8,2025-10-16,178,8
3009,9,2025-10-16,160,8
3010,10,2025-10-16,102,5
3011,11,2025-10-16,136,12
3012,12,2025-10-16,158,12
3013,13,2025-10-16,127,10
3014,14,2025-10-16,144,8
3015,15,2025-10-16,106,4
3016,16,2025-10-16,143,6
3017,17,2025-10-16,203,12
3018,18,2025-10-16,141,12
3019,19,2025-10-16,117,6
3020,20,2025-10-16,83,2
3021,21,2025-10-16,97,6
3022,22,2025-10-16,172,8
3023,23,2025-10-16,103,8
3024,24,2025-10-16,176,9
3025,25,2025-10-16,121,5
3026,26,2025-10-16,156,8
3027,27,2025-10-16,134,9
3028,28,2025-10-16,96,5
3029,29,2025-10-16,165,11
3030,30,2025-10-16,131,7
3031,31,2025-10-16,112,8
3032,32,2025-10-16,133,10
3033,33,2025-10-16,117,7
3034,34,2025-10-16,64,4
3035,35,2025-10-16,110,6
3036,36,2025-10-16,199,8
3037,37,2025-10-16,182,11
3038,38,2025-10-16,125,7
3039,39,2025-10-16,134,13
3040,40,2025-10-16,101,5
3041,41,2025-10-16,105,4
3042,42,2025-10-16,127,5
3043,43,2025-10-16,143,11
3044,44,2025-10-16,74,7
3045,45,2025-10-16,126,7
3046,46,2025-10-16,148,11
3047,47,2025-10-16,118,7
3048,48,2025-10-16,108,3
3049,49,2025-10-16,115,5
3050,50,2025-10-16,165,9
3051,51,2025-10-16,156,5
3052,52,2025-10-16,115,4
3053,53,2025-10-16,91,4
3054,54,2025-10-16,102,8
3055,55,2025-10-16,119,6
3056,56,2025-10-16,170,10
3057,57,2025-10-16,88,4
3058,58,2025-10-16,147,8
3059,59,2025-10-16,134,4
3060,60,2025-10-16,128,8
3061,61,2025-10-16,139,9
3062,62,2025-10-16,142,9
3063,63,2025-10-16,198,13
3064,64,2025-10-16,112,6
3065,65,2025-10-16,163,12
3066,66,2025-10-16,121,4
3067,67,2025-10-16,163,9
3068,68,2025-10-16,68,5
3069,69,2025-10-16,148,10
3070,70,2025-10-16,85,7
3071,71,2025-10-16,150,7
3072,72,2025-10-16,183,10
3073,73,2025-10-16,147,9
3074,74,2025-10-16,128,9
3075,75,2025-10-16,157,9
3076,76,2025-10-16,126,8
3077,77,2025-10-16,62,2
3078,78,2025-10-16,110,7
3079,79,2025-10-16,92,4
3080,80,2025-10-16,190,11
3081,81,2025-10-16,129,8
3082,82,2025-10-16,109,6
3083,83,2025-10-16,172,9
3084,84,2025-10-16,131,7
3085,85,2025-10-16,155,9
3086,86,2025-10-16,113,7
3087,87,2025-10-16,126,5
3088,88,2025-10-16,140,6
3089,89,2025-10-16,218,11
3090,90,2025-10-16,98,7
3091,91,2025-10-16,136,6
3092,92,2025-10-16,303,19
3093,93,2025-10-16,162,11
3094,94,2025-10-16,126,8
3095,95,2025-10-16,174,8
3096,96,2025-10-16,108,9
3097,97,2025-10-16,128,9
3098,98,2025-10-16,153,9
3099,99,2025-10-16,112,4
3100,100,2025-10-16,152,7
3101,1,2025-10-17,117,10
3102,2,2025-10-17,131,7
3103,3,2025-10-17,147,8
3104,4,2025-10-17,178,11
3105,5,2025-10-17,144,10
3106,6,2025-10-17,193,13
3107,7,2025-10-17,240,13
3108,8,2025-10-17,187,10
3109,9,2025-10-17,176,12
3110,10,2025-10-17,106,7
3111,11,2025-10-17,158,12
3112,12,2025-10-17,156,6
3113,13,2025-10-17,104,4
3114,14,2025-10-17,168,11
3115,15,2025-10-17,128,6
3116,16,2025-10-17,192,11
3117,17,2025-10-17,203,7
3118,18,2025-10-17,121,7
3119,19,2025-10-17,123,6
3120,20,2025-10-17,97,8
3121,21,2025-10-17,109,7
3122,22,2025-10-17,165,11
3123,23,2025-10-17,108,3
3124,24,2025-10-17,187,9
3125,25,2025-10-17,88,2
3126,26,2025-10-17,170,13
3127,27,2025-10-17,138,12
3128,28,2025-10-17,81,5
3129,29,2025-10-17,149,11
3130,30,2025-10-17,125,10
3131,31,2025-10-17,116,6
3132,32,2025-10-17,137,9
3133,33,2025-10-17,108,5
3134,34,2025-10-17,94,5
3135,35,2025-10-17,90,4
3136,36,2025-10-17,190,15
3137,37,2025-10-17,156,8
3138,38,2025-10-17,98,4
3139,39,2025-10-17,132,6
3140,40,2025-10-17,124,6
3141,41,2025-10-17,130,8
3142,42,2025-10-17,146,8
3143,43,2025-10-17,138,7
3144,44,2025-10-17,82,5
3145,45,2025-10-17,120,4
3146,46,2025-10-17,129,10
3147,47,2025-10-17,152,9
3148,48,2025-10-17,104,4
3149,49,2025-10-17,125,6
3150,50,2025-10-17,161,8
3151,51,2025-10-17,151,14
3152,52,2025-10-17,141,10
3153,53,2025-10-17,97,3
3154,54,2025-10-17,110,6
3155,55,2025-10-17,203,11
3156,56,2025-10-17,173,9
3157,57,2025-10-17,96,8
3158,58,2025-10-17,149,8
3159,59,2025-10-17,110,5
3160,60,2025-10-17,144,9
3161,61,2025-10-17,183,9
3162,62,2025-10-17,145,9
3163,63,2025-10-17,201,10
3164,64,2025-10-17,108,5
3165,65,2025-10-17,153,10
3166,66,2025-10-17,114,9
3167,67,2025-10-17,151,6
3168,68,2025-10-17,65,0
3169,69,2025-10-17,168,10
3170,70,2025-10-17,89,4
3171,71,2025-10-17,153,7
3172,72,2025-10-17,185,10
3173,73,2025-10-17,146,6
3174,74,2025-10-17,95,7
3175,75,2025-10-17,156,9
3176,76,2025-10-17,154,10
3177,77,2025-10-17,73,3
3178,78,2025-10-17,122,5
3179,79,2025-10-17,100,4
3180,80,2025-10-17,210,10
3181,81,2025-10-17,147,7
3182,82,2025-10-17,132,7
3183,83,2025-10-17,176,12
3184,84,2025-10-17,157,9
3185,85,2025-10-17,165,5
3186,86,2025-10-17,185,8
3187,87,2025-10-17,110,4
3188,88,2025-10-17,119,6
3189,89,2025-10-17,224,12
3190,90,2025-10-17,120,8
3191,91,2025-10-17,119,9
3192,92,2025-10-17,290,17
3193,93,2025-10-17,173,7
3194,94,2025-10-17,131,7
3195,95,2025-10-17,172,9
3196,96,2025-10-17,113,3
3197,97,2025-10-17,110,8
3198,98,2025-10-17,155,7
3199,99,2025-10-17,113,6
3200,100,2025-10-17,129,8
3201,1,2025-10-18,85,2
3202,2,2025-10-18,115,8
3203,3,2025-10-18,169,8
3204,4,2025-10-18,228,16
3205,5,2025-10-18,160,12
3206,6,2025-10-18,195,14
3207,7,2025-10-18,226,16
3208,8,2025-10-18,193,11
3209,9,2025-10-18,152,12
3210,10,2025-10-18,98,5
3211,11,2025-10-18,176,12
3212,12,2025-10-18,148,7
3213,13,2025-10-18,95,3
3214,14,2025-10-18,183,9
3215,15,2025-10-18,114,9
3216,16,2025-10-18,152,6
3217,17,2025-10-18,212,8
3218,18,2025-10-18,132,8
3219,19,2025-10-18,133,10
3220,20,2025-10-18,98,3
3221,21,2025-10-18,96,4
3222,22,2025-10-18,143,7
3223,23,2025-10-18,99,4
3224,24,2025-10-18,162,7
3225,25,2025-10-18,102,8
3226,26,2025-10-18,180,11
3227,27,2025-10-18,121,9
3228,28,2025-10-18,101,5
3229,29,2025-10-18,126,7
3230,30,2025-10-18,115,5
3231,31,2025-10-18,107,5
3232,32,2025-10-18,135,9
3233,33,2025-10-18,89,4
3234,34,2025-10-18,73,3
3235,35,2025-10-18,99,4
3236,36,2025-10-18,216,10
3237,37,2025-10-18,149,9
3238,38,2025-10-18,107,8
3239,39,2025-10-18,125,7
3240,40,2025-10-18,105,3
3241,41,2025-10-18,117,7
3242,42,2025-10-18,159,10
3243,43,2025-10-18,102,11
3244,44,2025-10-18,101,6
3245,45,2025-10-18,171,7
3246,46,2025-10-18,140,7
3247,47,2025-10-18,140,7
3248,48,2025-10-18,106,4
3249,49,2025-10-18,123,7
3250,50,2025-10-18,154,8
3251,51,2025-10-18,167,12
3252,52,2025-10-18,117,7
3253,53,2025-10-18,100,6
3254,54,2025-10-18,111,8
3255,55,2025-10-18,214,11
3256,56,2025-10-18,182,14
3257,57,2025-10-18,93,5
3258,58,2025-10-18,149,7
3259,59,2025-10-18,108,8
3260,60,2025-10-18,112,8
3261,61,2025-10-18,126,7
3262,62,2025-10-18,117,6
3263,63,2025-10-18,210,13
3264,64,2025-10-18,125,9
3265,65,2025-10-18,186,11
3266,66,2025-10-18,121,5
3267,67,2025-10-18,159,7
3268,68,2025-10-18,71,0
3269,69,2025-10-18,158,10
3270,70,2025-10-18,78,1
3271,71,2025-10-18,157,9
3272,72,2025-10-18,166,12
3273,73,2025-10-18,143,6
3274,74,2025-10-18,117,7
3275,75,2025-10-18,147,10
3276,76,2025-10-18,150,10
3277,77,2025-10-18,77,5
3278,78,2025-10-18,141,9
3279,79,2025-10-18,92,7
3280,80,2025-10-18,167,10
3281,81,2025-10-18,107,4
3282,82,2025-10-18,144,8
3283,83,2025-10-18,130,4
3284,84,2025-10-18,149,8
3285,85,2025-10-18,147,10
3286,86,2025-10-18,193,9
3287,87,2025-10-18,110,5
3288,88,2025-10-18,131,8
3289,89,2025-10-18,224,15
3290,90,2025-10-18,137,10
3291,91,2025-10-18,147,6
3292,92,2025-10-18,310,14
3293,93,2025-10-18,177,9
3294,94,2025-10-18,119,6
3295,95,2025-10-18,136,7
3296,96,2025-10-18,82,3
3297,97,2025-10-18,124,6
3298,98,2025-10-18,123,4
3299,99,2025-10-18,131,7
3300,100,2025-10-18,166,10
3301,1,2025-10-19,71,5
3302,2,2025-10-19,45,2
3303,3,2025-10-19,87,1
3304,4,2025-10-19,127,4
3305,5,2025-10-19,134,9
3306,6,2025-10-19,97,9
3307,7,2025-10-19,172,12
3308,8,2025-10-19,140,10
3309,9,2025-10-19,67,3
3310,10,2025-10-19,43,6
3311,11,2025-10-19,66,4
3312,12,2025-10-19,100,9
3313,13,2025-10-19,64,3
3314,14,2025-10-19,83,4
3315,15,2025-10-19,91,4
3316,16,2025-10-19,106,6
3317,17,2025-10-19,76,4
3318,18,2025-10-19,83,1
3319,19,2025-10-19,66,5
3320,20,2025-10-19,31,0
3321,21,2025-10-19,64,2
3322,22,2025-10-19,59,1
3323,23,2025-10-19,50,3
3324,24,2025-10-19,92,3
3325,25,2025-10-19,56,3
3326,26,2025-10-19,106,7
3327,27,2025-10-19,101,3
3328,28,2025-10-19,53,3
3329,29,2025-10-19,96,6
3330,30,2025-10-19,50,2
3331,31,2025-10-19,65,4
3332,32,2025-10-19,73,5
3333,33,2025-10-19,68,4
3334,34,2025-10-19,35,2
3335,35,2025-10-19,53,2
3336,36,2025-10-19,116,6
3337,37,2025-10-19,93,4
3338,38,2025-10-19,70,3
3339,39,2025-10-19,96,4
3340,40,2025-10-19,76,4
3341,41,2025-10-19,61,0
3342,42,2025-10-19,119,8
3343,43,2025-10-19,66,4
3344,44,2025-10-19,38,2
3345,45,2025-10-19,65,2
3346,46,2025-10-19,73,5
3347,47,2025-10-19,98,6
3348,48,2025-10-19,45,1
3349,49,2025-10-19,66,1
3350,50,2025-10-19,43,2
3351,51,2025-10-19,85,6
3352,52,2025-10-19,57,4
3353,53,2025-10-19,57,0
3354,54,2025-10-19,54,2
3355,55,2025-10-19,118,5
3356,56,2025-10-19,124,8
3357,57,2025-10-19,55,3
3358,58,2025-10-19,109,3
3359,59,2025-10-19,78,7
3360,60,2025-10-19,79,6
3361,61,2025-10-19,86,3
3362,62,2025-10-19,85,4
3363,63,2025-10-19,126,5
3364,64,2025-10-19,49,3
3365,65,2025-10-19,98,4
3366,66,2025-10-19,65,3
3367,67,2025-10-19,83,4
3368,68,2025-10-19,35,2
3369,69,2025-10-19,66,5
3370,70,2025-10-19,36,0
3371,71,2025-10-19,87,6
3372,72,2025-10-19,121,7
3373,73,2025-10-19,98,4
3374,74,2025-10-19,64,3
3375,75,2025-10-19,79,4
3376,76,2025-10-19,69,4
3377,77,2025-10-19,50,5
3378,78,2025-10-19,73,3
3379,79,2025-10-19,76,3
3380,80,2025-10-19,109,6
3381,81,2025-10-19,78,5
3382,82,2025-10-19,77,3
3383,83,2025-10-19,117,4
3384,84,2025-10-19,74,5
3385,85,2025-10-19,100,5
3386,86,2025-10-19,111,8
3387,87,2025-10-19,71,7
3388,88,2025-10-19,90,4
3389,89,2025-10-19,119,5
3390,90,2025-10-19,72,4
3391,91,2025-10-19,65,6
3392,92,2025-10-19,147,8
3393,93,2025-10-19,72,5
3394,94,2025-10-19,97,4
3395,95,2025-10-19,100,6
3396,96,2025-10-19,72,5
3397,97,2025-10-19,62,3
3398,98,2025-10-19,102,6
3399,99,2025-10-19,86,7
3400,100,2025-10-19,72,6
3401,1,2025-10-20,160,6
3402,2,2025-10-20,173,12
3403,3,2025-10-20,206,15
3404,4,2025-10-20,304,15
3405,5,2025-10-20,198,8
3406,6,2025-10-20,272,16
3407,7,2025-10-20,343,18
3408,8,2025-10-20,293,16
3409,9,2025-10-20,187,15
3410,10,2025-10-20,129,6
3411,11,2025-10-20,212,12
3412,12,2025-10-20,176,11
3413,13,2025-10-20,146,11
3414,14,2025-10-20,212,10
3415,15,2025-10-20,152,8
3416,16,2025-10-20,215,13
3417,17,2025-10-20,237,12
3418,18,2025-10-20,186,12
3419,19,2025-10-20,161,11
3420,20,2025-10-20,94,6
3421,21,2025-10-20,101,3
3422,22,2025-10-20,211,14
3423,23,2025-10-20,142,8
3424,24,2025-10-20,211,14
3425,25,2025-10-20,138,11
3426,26,2025-10-20,237,14
3427,27,2025-10-20,171,13
3428,28,2025-10-20,112,6
3429,29,2025-10-20,219,11
3430,30,2025-10-20,165,10
3431,31,2025-10-20,162,9
3432,32,2025-10-20,158,10
3433,33,2025-10-20,141,11
3434,34,2025-10-20,113,6
3435,35,2025-10-20,113,4
3436,36,2025-10-20,292,17
3437,37,2025-10-20,220,13
3438,38,2025-10-20,152,7
3439,39,2025-10-20,157,9
3440,40,2025-10-20,135,9
3441,41,2025-10-20,160,10
3442,42,2025-10-20,214,11
3443,43,2025-10-20,171,15
3444,44,2025-10-20,118,8
3445,45,2025-10-20,192,12
3446,46,2025-10-20,171,10
3447,47,2025-10-20,167,5
3448,48,2025-10-20,134,5
3449,49,2025-10-20,130,8
3450,50,2025-10-20,184,12
3451,51,2025-10-20,207,14
3452,52,2025-10-20,148,7
3453,53,2025-10-20,112,4
3454,54,2025-10-20,137,6
3455,55,2025-10-20,266,15
3456,56,2025-10-20,222,16
3457,57,2025-10-20,128,7
3458,58,2025-10-20,168,11
3459,59,2025-10-20,175,5
3460,60,2025-10-20,188,15
3461,61,2025-10-20,217,12
3462,62,2025-10-20,169,6
3463,63,2025-10-20,268,14
3464,64,2025-10-20,153,7
3465,65,2025-10-20,200,13
3466,66,2025-10-20,159,9
3467,67,2025-10-20,205,11
3468,68,2025-10-20,84,4
3469,69,2025-10-20,185,14
3470,70,2025-10-20,118,6
3471,71,2025-10-20,195,13
3472,72,2025-10-20,246,12
3473,73,2025-10-20,195,15
3474,74,2025-10-20,123,6
3475,75,2025-10-20,189,10
3476,76,2025-10-20,154,9
3477,77,2025-10-20,100,3
3478,78,2025-10-20,138,6
3479,79,2025-10-20,117,8
3480,80,2025-10-20,273,16
3481,81,2025-10-20,134,9
3482,82,2025-10-20,171,9
3483,83,2025-10-20,210,10
3484,84,2025-10-20,196,12
3485,85,2025-10-20,225,12
3486,86,2025-10-20,254,17
3487,87,2025-10-20,160,7
3488,88,2025-10-20,165,10
3489,89,2025-10-20,321,20
3490,90,2025-10-20,170,9
3491,91,2025-10-20,165,10
3492,92,2025-10-20,399,23
3493,93,2025-10-20,182,12
3494,94,2025-10-20,185,11
3495,95,2025-10-20,214,13
3496,96,2025-10-20,129,9
3497,97,2025-10-20,179,11
3498,98,2025-10-20,187,13
3499,99,2025-10-20,159,9
3500,100,2025-10-20,201,11
3501,1,2025-10-21,164,9
3502,2,2025-10-21,128,10
3503,3,2025-10-21,170,9
3504,4,2025-10-21,217,11
3505,5,2025-10-21,169,8
3506,6,2025-10-21,240,17
3507,7,2025-10-21,244,16
3508,8,2025-10-21,208,11
3509,9,2025-10-21,161,10
3510,10,2025-10-21,120,4
3511,11,2025-10-21,188,12
3512,12,2025-10-21,156,10
3513,13,2025-10-21,122,6
3514,14,2025-10-21,170,10
3515,15,2025-10-21,131,5
3516,16,2025-10-21,193,13
3517,17,2025-10-21,209,8
3518,18,2025-10-21,160,8
3519,19,2025-10-21,148,7
3520,20,2025-10-21,90,5
3521,21,2025-10-21,101,5
3522,22,2025-10-21,170,8
3523,23,2025-10-21,117,8
3524,24,2025-10-21,188,14
3525,25,2025-10-21,115,4
3526,26,2025-10-21,176,12
3527,27,2025-10-21,155,8
3528,28,2025-10-21,108,6
3529,29,2025-10-21,153,8
3530,30,2025-10-21,127,5
3531,31,2025-10-21,113,7
3532,32,2025-10-21,150,12
3533,33,2025-10-21,130,5
3534,34,2025-10-21,88,4
3535,35,2025-10-21,118,8
3536,36,2025-10-21,226,11
3537,37,2025-10-21,177,13
3538,38,2025-10-21,149,8
3539,39,2025-10-21,157,7
3540,40,2025-10-21,116,6
3541,41,2025-10-21,133,3
3542,42,2025-10-21,174,7
3543,43,2025-10-21,152,8
3544,44,2025-10-21,104,7
3545,45,2025-10-21,154,8
3546,46,2025-10-21,149,7
3547,47,2025-10-21,171,11
3548,48,2025-10-21,105,9
3549,49,2025-10-21,132,7
3550,50,2025-10-21,180,10
3551,51,2025-10-21,173,13
3552,52,2025-10-21,141,3
3553,53,2025-10-21,114,7
3554,54,2025-10-21,131,8
3555,55,2025-10-21,216,11
3556,56,2025-10-21,189,10
3557,57,2025-10-21,96,4
3558,58,2025-10-21,161,9
3559,59,2025-10-21,127,8
3560,60,2025-10-21,153,10
3561,61,2025-10-21,173,12
3562,62,2025-10-21,151,7
3563,63,2025-10-21,215,10
3564,64,2025-10-21,89,5
3565,65,2025-10-21,208,15
3566,66,2025-10-21,107,7
3567,67,2025-10-21,155,13
3568,68,2025-10-21,77,4
3569,69,2025-10-21,159,9
3570,70,2025-10-21,88,4
3571,71,2025-10-21,128,10
3572,72,2025-10-21,206,13
3573,73,2025-10-21,195,11
3574,74,2025-10-21,130,6
3575,75,2025-10-21,155,9
3576,76,2025-10-21,142,9
3577,77,2025-10-21,92,4
3578,78,2025-10-21,132,7
3579,79,2025-10-21,108,4
3580,80,2025-10-21,223,13
3581,81,2025-10-21,141,7
3582,82,2025-10-21,121,4
3583,83,2025-10-21,211,14
3584,84,2025-10-21,173,7
3585,85,2025-10-21,161,11
3586,86,2025-10-21,182,9
3587,87,2025-10-21,127,6
3588,88,2025-10-21,161,10
3589,89,2025-10-21,219,15
3590,90,2025-10-21,135,7
3591,91,2025-10-21,142,9
3592,92,2025-10-21,401,19
3593,93,2025-10-21,213,16
3594,94,2025-10-21,158,7
3595,95,2025-10-21,178,9
3596,96,2025-10-21,111,5
3597,97,2025-10-21,149,8
3598,98,2025-10-21,148,8
3599,99,2025-10-21,147,7
3600,100,2025-10-21,158,9
3601,1,2025-10-22,123,9
3602,2,2025-10-22,157,7
3603,3,2025-10-22,172,9
3604,4,2025-10-22,233,12
3605,5,2025-10-22,198,14
3606,6,2025-10-22,225,14
3607,7,2025-10-22,280,17
3608,8,2025-10-22,222,12
3609,9,2025-10-22,172,10
3610,10,2025-10-22,131,5
3611,11,2025-10-22,179,14
3612,12,2025-10-22,204,13
3613,13,2025-10-22,119,4
3614,14,2025-10-22,130,8
3615,15,2025-10-22,113,8
3616,16,2025-10-22,186,11
3617,17,2025-10-22,244,15
3618,18,2025-10-22,177,13
3619,19,2025-10-22,153,8
3620,20,2025-10-22,79,5
3621,21,2025-10-22,118,6
3622,22,2025-10-22,177,11
3623,23,2025-10-22,119,5
3624,24,2025-10-22,341,21
3625,25,2025-10-22,110,8
3626,26,2025-10-22,206,14
3627,27,2025-10-22,133,6
3628,28,2025-10-22,96,8
3629,29,2025-10-22,175,11
3630,30,2025-10-22,163,12
3631,31,2025-10-22,105,2
3632,32,2025-10-22,140,7
3633,33,2025-10-22,135,4
3634,34,2025-10-22,84,4
3635,35,2025-10-22,106,8
3636,36,2025-10-22,226,11
3637,37,2025-10-22,157,8
3638,38,2025-10-22,155,6
3639,39,2025-10-22,135,6
3640,40,2025-10-22,145,11
3641,41,2025-10-22,147,9
3642,42,2025-10-22,195,9
3643,43,2025-10-22,167,9
3644,44,2025-10-22,97,9
3645,45,2025-10-22,168,11
3646,46,2025-10-22,126,9
3647,47,2025-10-22,149,7
3648,48,2025-10-22,124,7
3649,49,2025-10-22,142,6
3650,50,2025-10-22,148,8
3651,51,2025-10-22,179,12
3652,52,2025-10-22,129,4
3653,53,2025-10-22,109,4
3654,54,2025-10-22,118,12
3655,55,2025-10-22,244,16
3656,56,2025-10-22,217,17
3657,57,2025-10-22,90,1
3658,58,2025-10-22,164,8
3659,59,2025-10-22,168,7
3660,60,2025-10-22,145,8
3661,61,2025-10-22,165,11
3662,62,2025-10-22,145,8
3663,63,2025-10-22,230,15
3664,64,2025-10-22,122,8
3665,65,2025-10-22,207,9
3666,66,2025-10-22,127,8
3667,67,2025-10-22,168,11
3668,68,2025-10-22,84,6
3669,69,2025-10-22,163,9
3670,70,2025-10-22,86,6
3671,71,2025-10-22,162,9
3672,72,2025-10-22,216,12
3673,73,2025-10-22,201,10
3674,74,2025-10-22,114,8
3675,75,2025-10-22,153,9
3676,76,2025-10-22,153,8
3677,77,2025-10-22,78,8
3678,78,2025-10-22,113,7
3679,79,2025-10-22,122,5
3680,80,2025-10-22,204,12
3681,81,2025-10-22,126,7
3682,82,2025-10-22,145,11
3683,83,2025-10-22,170,7
3684,84,2025-10-22,151,7
3685,85,2025-10-22,181,10
3686,86,2025-10-22,134,8
3687,87,2025-10-22,112,10
3688,88,2025-10-22,137,11
3689,89,2025-10-22,218,12
3690,90,2025-10-22,149,7
3691,91,2025-10-22,130,11
3692,92,2025-10-22,336,21
3693,93,2025-10-22,169,9
3694,94,2025-10-22,133,10
3695,95,2025-10-22,169,9
3696,96,2025-10-22,120,6
3697,97,2025-10-22,158,8
3698,98,2025-10-22,186,10
3699,99,2025-10-22,165,14
3700,100,2025-10-22,154,7
3701,1,2025-10-23,112,6
3702,2,2025-10-23,109,6
3703,3,2025-10-23,132,6
3704,4,2025-10-23,174,11
3705,5,2025-10-23,136,7
3706,6,2025-10-23,194,14
3707,7,2025-10-23,218,10
3708,8,2025-10-23,213,8
3709,9,2025-10-23,156,13
3710,10,2025-10-23,104,7
3711,11,2025-10-23,150,5
3712,12,2025-10-23,177,12
3713,13,2025-10-23,112,7
3714,14,2025-10-23,157,9
3715,15,2025-10-23,112,10
3716,16,2025-10-23,141,7
3717,17,2025-10-23,181,13
3718,18,2025-10-23,159,11
3719,19,2025-10-23,117,5
3720,20,2025-10-23,73,5
3721,21,2025-10-23,103,9
3722,22,2025-10-23,160,10
3723,23,2025-10-23,98,4
3724,24,2025-10-23,304,18
3725,25,2025-10-23,103,7
3726,26,2025-10-23,175,12
3727,27,2025-10-23,111,9
3728,28,2025-10-23,97,6
3729,29,2025-10-23,149,8
3730,30,2025-10-23,145,10
3731,31,2025-10-23,111,3
3732,32,2025-10-23,132,9
3733,33,2025-10-23,94,6
3734,34,2025-10-23,88,2
3735,35,2025-10-23,94,9
3736,36,2025-10-23,182,9
3737,37,2025-10-23,105,4
3738,38,2025-10-23,103,6
3739,39,2025-10-23,144,13
3740,40,2025-10-23,120,9
3741,41,2025-10-23,114,6
3742,42,2025-10-23,132,13
3743,43,2025-10-23,112,6
3744,44,2025-10-23,83,7
3745,45,2025-10-23,170,11
3746,46,2025-10-23,151,10
3747,47,2025-10-23,138,9
3748,48,2025-10-23,113,8
3749,49,2025-10-23,112,8
3750,50,2025-10-23,178,10
3751,51,2025-10-23,180,11
3752,52,2025-10-23,117,5
3753,53,2025-10-23,98,6
3754,54,2025-10-23,108,7
3755,55,2025-10-23,116,6
3756,56,2025-10-23,137,9
3757,57,2025-10-23,111,5
3758,58,2025-10-23,143,9
3759,59,2025-10-23,91,2
3760,60,2025-10-23,121,3
3761,61,2025-10-23,153,9
3762,62,2025-10-23,130,8
3763,63,2025-10-23,192,10
3764,64,2025-10-23,121,4
3765,65,2025-10-23,156,6
3766,66,2025-10-23,101,5
3767,67,2025-10-23,133,8
3768,68,2025-10-23,69,2
3769,69,2025-10-23,149,3
3770,70,2025-10-23,70,3
3771,71,2025-10-23,135,5
3772,72,2025-10-23,197,9
3773,73,2025-10-23,141,5
3774,74,2025-10-23,116,6
3775,75,2025-10-23,144,7
3776,76,2025-10-23,129,9
3777,77,2025-10-23,76,8
3778,78,2025-10-23,117,7
3779,79,2025-10-23,90,3
3780,80,2025-10-23,193,12
3781,81,2025-10-23,105,5
3782,82,2025-10-23,118,5
3783,83,2025-10-23,165,8
3784,84,2025-10-23,143,7
3785,85,2025-10-23,143,7
3786,86,2025-10-23,98,6
3787,87,2025-10-23,115,8
3788,88,2025-10-23,132,7
3789,89,2025-10-23,134,5
3790,90,2025-10-23,132,5
3791,91,2025-10-23,136,5
3792,92,2025-10-23,287,15
3793,93,2025-10-23,174,12
3794,94,2025-10-23,130,7
3795,95,2025-10-23,174,8
3796,96,2025-10-23,105,11
3797,97,2025-10-23,136,7
3798,98,2025-10-23,132,4
3799,99,2025-10-23,115,9
3800,100,2025-10-23,133,7
3801,1,2025-10-24,105,1
3802,2,2025-10-24,122,8
3803,3,2025-10-24,135,7
3804,4,2025-10-24,250,13
3805,5,2025-10-24,170,5
3806,6,2025-10-24,193,12
3807,7,2025-10-24,215,12
3808,8,2025-10-24,223,15
3809,9,2025-10-24,144,6
3810,10,2025-10-24,88,8
3811,11,2025-10-24,133,7
3812,12,2025-10-24,133,8
3813,13,2025-10-24,95,7
3814,14,2025-10-24,125,9
3815,15,2025-10-24,114,9
3816,16,2025-10-24,165,8
3817,17,2025-10-24,183,10
3818,18,2025-10-24,129,8
3819,19,2025-10-24,140,7
3820,20,2025-10-24,84,6
3821,21,2025-10-24,83,6
3822,22,2025-10-24,154,11
3823,23,2025-10-24,96,6
3824,24,2025-10-24,263,13
3825,25,2025-10-24,108,9
3826,26,2025-10-24,177,11
3827,27,2025-10-24,143,9
3828,28,2025-10-24,92,6
3829,29,2025-10-24,138,6
3830,30,2025-10-24,149,7
3831,31,2025-10-24,123,4
3832,32,2025-10-24,119,9
3833,33,2025-10-24,119,6
3834,34,2025-10-24,85,7
3835,35,2025-10-24,87,2
3836,36,2025-10-24,188,11
3837,37,2025-10-24,166,12
3838,38,2025-10-24,136,8
3839,39,2025-10-24,128,9
3840,40,2025-10-24,104,4
3841,41,2025-10-24,120,7
3842,42,2025-10-24,138,12
3843,43,2025-10-24,139,12
3844,44,2025-10-24,90,6
3845,45,2025-10-24,161,12
3846,46,2025-10-24,161,8
3847,47,2025-10-24,122,4
3848,48,2025-10-24,109,6
3849,49,2025-10-24,116,6
3850,50,2025-10-24,159,7
3851,51,2025-10-24,134,9
3852,52,2025-10-24,117,2
3853,53,2025-10-24,91,6
3854,54,2025-10-24,119,8
3855,55,2025-10-24,123,8
3856,56,2025-10-24,188,12
3857,57,2025-10-24,97,3
3858,58,2025-10-24,152,5
3859,59,2025-10-24,117,6
3860,60,2025-10-24,142,11
3861,61,2025-10-24,152,9
3862,62,2025-10-24,129,5
3863,63,2025-10-24,213,14
3864,64,2025-10-24,117,7
3865,65,2025-10-24,172,6
3866,66,2025-10-24,107,9
3867,67,2025-10-24,198,7
3868,68,2025-10-24,68,8
3869,69,2025-10-24,141,8
3870,70,2025-10-24,86,7
3871,71,2025-10-24,150,12
3872,72,2025-10-24,193,10
3873,73,2025-10-24,151,9
3874,74,2025-10-24,126,6
3875,75,2025-10-24,148,9
3876,76,2025-10-24,136,6
3877,77,2025-10-24,81,5
3878,78,2025-10-24,103,7
3879,79,2025-10-24,105,6
3880,80,2025-10-24,179,7
3881,81,2025-10-24,116,6
3882,82,2025-10-24,115,9
3883,83,2025-10-24,151,7
3884,84,2025-10-24,138,7
3885,85,2025-10-24,174,8
3886,86,2025-10-24,112,5
3887,87,2025-10-24,133,10
3888,88,2025-10-24,127,6
3889,89,2025-10-24,183,13
3890,90,2025-10-24,135,10
3891,91,2025-10-24,131,8
3892,92,2025-10-24,295,13
3893,93,2025-10-24,166,9
3894,94,2025-10-24,122,7
3895,95,2025-10-24,177,8
3896,96,2025-10-24,106,3
3897,97,2025-10-24,138,7
3898,98,2025-10-24,142,10
3899,99,2025-10-24,136,5
3900,100,2025-10-24,166,9
3901,1,2025-10-25,110,7
3902,2,2025-10-25,104,6
3903,3,2025-10-25,143,7
3904,4,2025-10-25,206,11
3905,5,2025-10-25,212,14
3906,6,2025-10-25,194,10
3907,7,2025-10-25,235,14
3908,8,2025-10-25,210,14
3909,9,2025-10-25,148,8
3910,10,2025-10-25,137,3
3911,11,2025-10-25,167,10
3912,12,2025-10-25,175,9
3913,13,2025-10-25,114,6
3914,14,2025-10-25,139,9
3915,15,2025-10-25,119,6
3916,16,2025-10-25,177,9
3917,17,2025-10-25,169,12
3918,18,2025-10-25,144,9
3919,19,2025-10-25,126,6
3920,20,2025-10-25,84,3
3921,21,2025-10-25,96,7
3922,22,2025-10-25,159,10
3923,23,2025-10-25,99,6
3924,24,2025-10-25,257,18
3925,25,2025-10-25,107,9
3926,26,2025-10-25,128,9
3927,27,2025-10-25,122,7
3928,28,2025-10-25,82,6
3929,29,2025-10-25,150,8
3930,30,2025-10-25,151,8
3931,31,2025-10-25,118,8
3932,32,2025-10-25,136,5
3933,33,2025-10-25,116,3
3934,34,2025-10-25,78,2
3935,35,2025-10-25,95,7
3936,36,2025-10-25,228,15
3937,37,2025-10-25,156,7
3938,38,2025-10-25,129,10
3939,39,2025-10-25,115,8
3940,40,2025-10-25,91,1
3941,41,2025-10-25,104,3
3942,42,2025-10-25,102,5
3943,43,2025-10-25,115,7
3944,44,2025-10-25,99,7
3945,45,2025-10-25,164,12
3946,46,2025-10-25,140,9
3947,47,2025-10-25,130,10
3948,48,2025-10-25,95,6
3949,49,2025-10-25,118,7
3950,50,2025-10-25,143,4
3951,51,2025-10-25,159,7
3952,52,2025-10-25,138,9
3953,53,2025-10-25,87,4
3954,54,2025-10-25,103,0
3955,55,2025-10-25,142,8
3956,56,2025-10-25,147,5
3957,57,2025-10-25,115,4
3958,58,2025-10-25,138,7
3959,59,2025-10-25,129,3
3960,60,2025-10-25,125,6
3961,61,2025-10-25,143,6
3962,62,2025-10-25,135,7
3963,63,2025-10-25,223,9
3964,64,2025-10-25,96,7
3965,65,2025-10-25,165,10
3966,66,2025-10-25,119,5
3967,67,2025-10-25,150,12
3968,68,2025-10-25,75,4
3969,69,2025-10-25,148,12
3970,70,2025-10-25,80,7
3971,71,2025-10-25,148,12
3972,72,2025-10-25,153,11
3973,73,2025-10-25,117,8
3974,74,2025-10-25,126,6
3975,75,2025-10-25,148,9
3976,76,2025-10-25,119,7
3977,77,2025-10-25,72,8
3978,78,2025-10-25,117,7
3979,79,2025-10-25,108,6
3980,80,2025-10-25,208,12
3981,81,2025-10-25,127,10
3982,82,2025-10-25,150,7
3983,83,2025-10-25,175,12
3984,84,2025-10-25,133,7
3985,85,2025-10-25,158,8
3986,86,2025-10-25,108,8
3987,87,2025-10-25,119,9
3988,88,2025-10-25,131,7
3989,89,2025-10-25,197,13
3990,90,2025-10-25,129,4
3991,91,2025-10-25,93,8
3992,92,2025-10-25,340,20
3993,93,2025-10-25,151,11
3994,94,2025-10-25,148,9
3995,95,2025-10-25,138,9
3996,96,2025-10-25,90,6
3997,97,2025-10-25,124,6
3998,98,2025-10-25,126,6
3999,99,2025-10-25,168,11
4000,100,2025-10-25,160,11
4001,1,2025-10-26,81,4
4002,2,2025-10-26,62,6
4003,3,2025-10-26,62,3
4004,4,2025-10-26,115,7
4005,5,2025-10-26,84,4
4006,6,2025-10-26,95,7
4007,7,2025-10-26,88,6
4008,8,2025-10-26,88,4
4009,9,2025-10-26,80,7
4010,10,2025-10-26,73,7
4011,11,2025-10-26,94,6
4012,12,2025-10-26,106,5
4013,13,2025-10-26,76,2
4014,14,2025-10-26,87,3
4015,15,2025-10-26,69,5
4016,16,2025-10-26,94,5
4017,17,2025-10-26,104,7
4018,18,2025-10-26,74,1
4019,19,2025-10-26,91,8
4020,20,2025-10-26,47,0
4021,21,2025-10-26,49,5
4022,22,2025-10-26,105,8
4023,23,2025-10-26,83,7
4024,24,2025-10-26,166,13
4025,25,2025-10-26,73,4
4026,26,2025-10-26,114,5
4027,27,2025-10-26,87,7
4028,28,2025-10-26,66,6
4029,29,2025-10-26,97,9
4030,30,2025-10-26,87,5
4031,31,2025-10-26,64,3
4032,32,2025-10-26,53,3
4033,33,2025-10-26,60,6
4034,34,2025-10-26,44,2
4035,35,2025-10-26,58,1
4036,36,2025-10-26,120,7
4037,37,2025-10-26,120,4
4038,38,2025-10-26,90,2
4039,39,2025-10-26,85,6
4040,40,2025-10-26,51,3
4041,41,2025-10-26,68,5
4042,42,2025-10-26,49,2
4043,43,2025-10-26,76,9
4044,44,2025-10-26,60,3
4045,45,2025-10-26,75,8
4046,46,2025-10-26,68,5
4047,47,2025-10-26,90,7
4048,48,2025-10-26,46,2
4049,49,2025-10-26,68,4
4050,50,2025-10-26,98,4
4051,51,2025-10-26,81,8
4052,52,2025-10-26,76,7
4053,53,2025-10-26,59,3
4054,54,2025-10-26,51,0
4055,55,2025-10-26,58,6
4056,56,2025-10-26,77,0
4057,57,2025-10-26,40,4
4058,58,2025-10-26,79,7
4059,59,2025-10-26,78,7
4060,60,2025-10-26,46,2
4061,61,2025-10-26,92,8
4062,62,2025-10-26,61,6
4063,63,2025-10-26,123,9
4064,64,2025-10-26,60,0
4065,65,2025-10-26,85,2
4066,66,2025-10-26,64,3
4067,67,2025-10-26,95,5
4068,68,2025-10-26,35,2
4069,69,2025-10-26,90,1
4070,70,2025-10-26,49,3
4071,71,2025-10-26,93,7
4072,72,2025-10-26,88,4
4073,73,2025-10-26,84,5
4074,74,2025-10-26,92,11
4075,75,2025-10-26,74,5
4076,76,2025-10-26,68,0
4077,77,2025-10-26,38,2
4078,78,2025-10-26,51,1
4079,79,2025-10-26,42,0
4080,80,2025-10-26,140,9
4081,81,2025-10-26,77,8
4082,82,2025-10-26,85,4
4083,83,2025-10-26,82,6
4084,84,2025-10-26,104,7
4085,85,2025-10-26,58,2
4086,86,2025-10-26,50,3
4087,87,2025-10-26,79,6
4088,88,2025-10-26,77,3
4089,89,2025-10-26,113,7
4090,90,2025-10-26,77,5
4091,91,2025-10-26,66,5
4092,92,2025-10-26,172,10
4093,93,2025-10-26,93,6
4094,94,2025-10-26,73,3
4095,95,2025-10-26,144,3
4096,96,2025-10-26,63,3
4097,97,2025-10-26,101,2
4098,98,2025-10-26,83,0
4099,99,2025-10-26,74,0
4100,100,2025-10-26,73,4
4101,1,2025-10-27,145,7
4102,2,2025-10-27,180,11
4103,3,2025-10-27,157,9
4104,4,2025-10-27,279,18
4105,5,2025-10-27,234,16
4106,6,2025-10-27,282,14
4107,7,2025-10-27,344,19
4108,8,2025-10-27,238,12
4109,9,2025-10-27,191,11
4110,10,2025-10-27,129,4
4111,11,2025-10-27,179,13
4112,12,2025-10-27,195,9
4113,13,2025-10-27,141,9
4114,14,2025-10-27,185,12
4115,15,2025-10-27,144,11
4116,16,2025-10-27,232,13
4117,17,2025-10-27,256,14
4118,18,2025-10-27,203,11
4119,19,2025-10-27,163,6
4120,20,2025-10-27,116,8
4121,21,2025-10-27,138,9
4122,22,2025-10-27,228,13
4123,23,2025-10-27,109,4
4124,24,2025-10-27,374,20
4125,25,2025-10-27,150,11
4126,26,2025-10-27,217,14
4127,27,2025-10-27,159,8
4128,28,2025-10-27,115,9
4129,29,2025-10-27,194,11
4130,30,2025-10-27,161,11
4131,31,2025-10-27,135,7
4132,32,2025-10-27,161,13
4133,33,2025-10-27,139,6
4134,34,2025-10-27,115,8
4135,35,2025-10-27,120,11
4136,36,2025-10-27,263,17
4137,37,2025-10-27,189,11
4138,38,2025-10-27,161,8
4139,39,2025-10-27,171,13
4140,40,2025-10-27,127,8
4141,41,2025-10-27,159,12
4142,42,2025-10-27,195,14
4143,43,2025-10-27,163,12
4144,44,2025-10-27,111,8
4145,45,2025-10-27,203,11
4146,46,2025-10-27,163,8
4147,47,2025-10-27,173,14
4148,48,2025-10-27,144,10
4149,49,2025-10-27,147,7
4150,50,2025-10-27,204,14
4151,51,2025-10-27,189,9
4152,52,2025-10-27,149,8
4153,53,2025-10-27,134,5
4154,54,2025-10-27,147,13
4155,55,2025-10-27,181,9
4156,56,2025-10-27,226,13
4157,57,2025-10-27,113,8
4158,58,2025-10-27,194,13
4159,59,2025-10-27,146,6
4160,60,2025-10-27,152,7
4161,61,2025-10-27,206,14
4162,62,2025-10-27,147,7
4163,63,2025-10-27,267,16
4164,64,2025-10-27,152,8
4165,65,2025-10-27,236,15
4166,66,2025-10-27,154,8
4167,67,2025-10-27,192,8
4168,68,2025-10-27,94,5
4169,69,2025-10-27,199,12
4170,70,2025-10-27,116,6
4171,71,2025-10-27,216,11
4172,72,2025-10-27,231,14
4173,73,2025-10-27,207,11
4174,74,2025-10-27,171,12
4175,75,2025-10-27,192,7
4176,76,2025-10-27,166,10
4177,77,2025-10-27,109,6
4178,78,2025-10-27,158,11
4179,79,2025-10-27,120,5
4180,80,2025-10-27,270,18
4181,81,2025-10-27,177,10
4182,82,2025-10-27,182,10
4183,83,2025-10-27,226,13
4184,84,2025-10-27,173,11
4185,85,2025-10-27,211,12
4186,86,2025-10-27,150,9
4187,87,2025-10-27,162,11
4188,88,2025-10-27,182,10
4189,89,2025-10-27,262,16
4190,90,2025-10-27,189,13
4191,91,2025-10-27,154,10
4192,92,2025-10-27,358,20
4193,93,2025-10-27,225,13
4194,94,2025-10-27,169,8
4195,95,2025-10-27,240,13
4196,96,2025-10-27,153,6
4197,97,2025-10-27,159,9
4198,98,2025-10-27,184,12
4199,99,2025-10-27,175,11
4200,100,2025-10-27,188,9
4201,1,2025-10-28,109,5
4202,2,2025-10-28,140,8
4203,3,2025-10-28,159,8
4204,4,2025-10-28,212,13
4205,5,2025-10-28,194,11
4206,6,2025-10-28,233,12
4207,7,2025-10-28,280,14
4208,8,2025-10-28,204,11
4209,9,2025-10-28,209,11
4210,10,2025-10-28,122,9
4211,11,2025-10-28,175,10
4212,12,2025-10-28,162,8
4213,13,2025-10-28,130,9
4214,14,2025-10-28,185,12
4215,15,2025-10-28,134,9
4216,16,2025-10-28,194,10
4217,17,2025-10-28,194,10
4218,18,2025-10-28,161,11
4219,19,2025-10-28,115,7
4220,20,2025-10-28,75,2
4221,21,2025-10-28,109,6
4222,22,2025-10-28,195,9
4223,23,2025-10-28,110,7
4224,24,2025-10-28,198,14
4225,25,2025-10-28,125,11
4226,26,2025-10-28,203,14
4227,27,2025-10-28,134,9
4228,28,2025-10-28,133,10
4229,29,2025-10-28,177,12
4230,30,2025-10-28,159,11
4231,31,2025-10-28,118,3
4232,32,2025-10-28,156,11
4233,33,2025-10-28,131,6
4234,34,2025-10-28,91,9
4235,35,2025-10-28,123,6
4236,36,2025-10-28,197,7
4237,37,2025-10-28,175,7
4238,38,2025-10-28,162,9
4239,39,2025-10-28,134,10
4240,40,2025-10-28,113,7
4241,41,2025-10-28,155,8
4242,42,2025-10-28,180,9
4243,43,2025-10-28,173,10
4244,44,2025-10-28,84,2
4245,45,2025-10-28,175,10
4246,46,2025-10-28,169,13
4247,47,2025-10-28,142,9
4248,48,2025-10-28,108,7
4249,49,2025-10-28,124,5
4250,50,2025-10-28,150,7
4251,51,2025-10-28,195,13
4252,52,2025-10-28,131,7
4253,53,2025-10-28,111,7
4254,54,2025-10-28,126,8
4255,55,2025-10-28,122,7
4256,56,2025-10-28,194,13
4257,57,2025-10-28,111,3
4258,58,2025-10-28,181,11
4259,59,2025-10-28,122,6
4260,60,2025-10-28,146,5
4261,61,2025-10-28,163,13
4262,62,2025-10-28,129,6
4263,63,2025-10-28,221,11
4264,64,2025-10-28,131,11
4265,65,2025-10-28,184,8
4266,66,2025-10-28,146,8
4267,67,2025-10-28,161,6
4268,68,2025-10-28,79,3
4269,69,2025-10-28,200,9
4270,70,2025-10-28,74,4
4271,71,2025-10-28,173,10
4272,72,2025-10-28,192,11
4273,73,2025-10-28,167,11
4274,74,2025-10-28,135,8
4275,75,2025-10-28,127,4
4276,76,2025-10-28,137,6
4277,77,2025-10-28,105,6
4278,78,2025-10-28,116,7
4279,79,2025-10-28,107,10
4280,80,2025-10-28,236,15
4281,81,2025-10-28,120,10
4282,82,2025-10-28,143,11
4283,83,2025-10-28,169,8
4284,84,2025-10-28,171,14
4285,85,2025-10-28,138,8
4286,86,2025-10-28,105,5
4287,87,2025-10-28,138,4
4288,88,2025-10-28,127,8
4289,89,2025-10-28,220,15
4290,90,2025-10-28,181,13
4291,91,2025-10-28,119,8
4292,92,2025-10-28,338,18
4293,93,2025-10-28,191,11
4294,94,2025-10-28,154,14
4295,95,2025-10-28,204,12
4296,96,2025-10-28,129,7
4297,97,2025-10-28,146,11
4298,98,2025-10-28,172,9
4299,99,2025-10-28,146,13
4300,100,2025-10-28,164,9
4301,1,2025-10-29,103,5
4302,2,2025-10-29,159,13
4303,3,2025-10-29,178,10
4304,4,2025-10-29,230,12
4305,5,2025-10-29,224,13
4306,6,2025-10-29,180,7
4307,7,2025-10-29,276,13
4308,8,2025-10-29,223,14
4309,9,2025-10-29,190,12
4310,10,2025-10-29,211,13
4311,11,2025-10-29,152,12
4312,12,2025-10-29,181,12
4313,13,2025-10-29,132,4
4314,14,2025-10-29,163,10
4315,15,2025-10-29,159,8
4316,16,2025-10-29,166,12
4317,17,2025-10-29,232,9
4318,18,2025-10-29,174,11
4319,19,2025-10-29,126,5
4320,20,2025-10-29,99,7
4321,21,2025-10-29,129,12
4322,22,2025-10-29,171,6
4323,23,2025-10-29,113,7
4324,24,2025-10-29,186,13
4325,25,2025-10-29,109,5
4326,26,2025-10-29,205,14
4327,27,2025-10-29,153,8
4328,28,2025-10-29,109,11
4329,29,2025-10-29,169,9
4330,30,2025-10-29,166,11
4331,31,2025-10-29,120,9
4332,32,2025-10-29,144,9
4333,33,2025-10-29,142,10
4334,34,2025-10-29,94,7
4335,35,2025-10-29,113,6
4336,36,2025-10-29,253,11
4337,37,2025-10-29,203,12
4338,38,2025-10-29,153,9
4339,39,2025-10-29,143,11
4340,40,2025-10-29,111,7
4341,41,2025-10-29,137,9
4342,42,2025-10-29,155,10
4343,43,2025-10-29,153,10
4344,44,2025-10-29,92,5
4345,45,2025-10-29,157,9
4346,46,2025-10-29,168,12
4347,47,2025-10-29,136,9
4348,48,2025-10-29,133,10
4349,49,2025-10-29,119,6
4350,50,2025-10-29,152,7
4351,51,2025-10-29,177,10
4352,52,2025-10-29,134,10
4353,53,2025-10-29,114,10
4354,54,2025-10-29,125,6
4355,55,2025-10-29,149,10
4356,56,2025-10-29,144,8
4357,57,2025-10-29,104,8
4358,58,2025-10-29,181,13
4359,59,2025-10-29,143,2
4360,60,2025-10-29,143,8
4361,61,2025-10-29,191,12
4362,62,2025-10-29,164,8
4363,63,2025-10-29,226,14
4364,64,2025-10-29,142,9
4365,65,2025-10-29,187,13
4366,66,2025-10-29,131,5
4367,67,2025-10-29,180,11
4368,68,2025-10-29,73,2
4369,69,2025-10-29,154,5
4370,70,2025-10-29,77,3
4371,71,2025-10-29,158,10
4372,72,2025-10-29,196,11
4373,73,2025-10-29,181,12
4374,74,2025-10-29,148,5
4375,75,2025-10-29,163,8
4376,76,2025-10-29,109,5
4377,77,2025-10-29,94,2
4378,78,2025-10-29,128,5
4379,79,2025-10-29,126,10
4380,80,2025-10-29,258,16
4381,81,2025-10-29,132,2
4382,82,2025-10-29,131,5
4383,83,2025-10-29,170,8
4384,84,2025-10-29,149,12
4385,85,2025-10-29,161,5
4386,86,2025-10-29,116,8
4387,87,2025-10-29,150,11
4388,88,2025-10-29,167,10
4389,89,2025-10-29,205,12
4390,90,2025-10-29,164,11
4391,91,2025-10-29,157,7
4392,92,2025-10-29,309,17
4393,93,2025-10-29,191,7
4394,94,2025-10-29,150,7
4395,95,2025-10-29,181,5
4396,96,2025-10-29,123,8
4397,97,2025-10-29,161,9
4398,98,2025-10-29,163,6
4399,99,2025-10-29,139,9
4400,100,2025-10-29,177,9
4401,1,2025-10-30,95,6
4402,2,2025-10-30,126,11
4403,3,2025-10-30,157,11
4404,4,2025-10-30,216,15
4405,5,2025-10-30,179,9
4406,6,2025-10-30,255,15
4407,7,2025-10-30,271,17
4408,8,2025-10-30,238,14
4409,9,2025-10-30,151,6
4410,10,2025-10-30,181,8
4411,11,2025-10-30,155,5
4412,12,2025-10-30,164,11
4413,13,2025-10-30,115,8
4414,14,2025-10-30,138,10
4415,15,2025-10-30,148,7
4416,16,2025-10-30,162,9
4417,17,2025-10-30,199,14
4418,18,2025-10-30,157,10
4419,19,2025-10-30,137,10
4420,20,2025-10-30,88,6
4421,21,2025-10-30,108,6
4422,22,2025-10-30,184,12
4423,23,2025-10-30,88,4
4424,24,2025-10-30,162,7
4425,25,2025-10-30,106,5
4426,26,2025-10-30,140,10
4427,27,2025-10-30,128,8
4428,28,2025-10-30,104,9
4429,29,2025-10-30,146,6
4430,30,2025-10-30,103,6
4431,31,2025-10-30,124,6
4432,32,2025-10-30,130,9
4433,33,2025-10-30,122,8
4434,34,2025-10-30,76,5
4435,35,2025-10-30,115,7
4436,36,2025-10-30,191,9
4437,37,2025-10-30,175,15
4438,38,2025-10-30,145,10
4439,39,2025-10-30,123,7
4440,40,2025-10-30,117,8
4441,41,2025-10-30,114,5
4442,42,2025-10-30,159,9
4443,43,2025-10-30,128,6
4444,44,2025-10-30,86,7
4445,45,2025-10-30,140,7
4446,46,2025-10-30,141,7
4447,47,2025-10-30,123,6
4448,48,2025-10-30,89,2
4449,49,2025-10-30,130,6
4450,50,2025-10-30,168,10
4451,51,2025-10-30,149,10
4452,52,2025-10-30,96,7
4453,53,2025-10-30,108,4
4454,54,2025-10-30,93,5
4455,55,2025-10-30,129,11
4456,56,2025-10-30,157,8
4457,57,2025-10-30,96,4
4458,58,2025-10-30,166,12
4459,59,2025-10-30,165,10
4460,60,2025-10-30,163,7
4461,61,2025-10-30,146,6
4462,62,2025-10-30,124,6
4463,63,2025-10-30,169,9
4464,64,2025-10-30,84,5
4465,65,2025-10-30,127,7
4466,66,2025-10-30,139,10
4467,67,2025-10-30,154,9
4468,68,2025-10-30,75,4
4469,69,2025-10-30,130,7
4470,70,2025-10-30,72,4
4471,71,2025-10-30,139,8
4472,72,2025-10-30,178,10
4473,73,2025-10-30,133,11
4474,74,2025-10-30,141,9
4475,75,2025-10-30,139,8
4476,76,2025-10-30,116,3
4477,77,2025-10-30,79,3
4478,78,2025-10-30,184,13
4479,79,2025-10-30,103,6
4480,80,2025-10-30,229,15
4481,81,2025-10-30,123,6
4482,82,2025-10-30,136,8
4483,83,2025-10-30,158,11
4484,84,2025-10-30,151,8
4485,85,2025-10-30,164,7
4486,86,2025-10-30,83,3
4487,87,2025-10-30,122,7
4488,88,2025-10-30,124,8
4489,89,2025-10-30,220,11
4490,90,2025-10-30,119,9
4491,91,2025-10-30,119,7
4492,92,2025-10-30,243,12
4493,93,2025-10-30,147,9
4494,94,2025-10-30,109,6
4495,95,2025-10-30,138,9
4496,96,2025-10-30,107,5
4497,97,2025-10-30,115,7
4498,98,2025-10-30,160,7
4499,99,2025-10-30,106,6
4500,100,2025-10-30,154,10
4501,1,2025-10-31,114,6
4502,2,2025-10-31,147,6
4503,3,2025-10-31,173,12
4504,4,2025-10-31,171,10
4505,5,2025-10-31,200,14
4506,6,2025-10-31,207,14
4507,7,2025-10-31,185,14
4508,8,2025-10-31,171,9
4509,9,2025-10-31,175,12
4510,10,2025-10-31,182,11
4511,11,2025-10-31,141,11
4512,12,2025-10-31,152,7
4513,13,2025-10-31,100,6
4514,14,2025-10-31,237,12
4515,15,2025-10-31,133,9
4516,16,2025-10-31,155,9
4517,17,2025-10-31,189,14
4518,18,2025-10-31,152,9
4519,19,2025-10-31,129,9
4520,20,2025-10-31,86,4
4521,21,2025-10-31,86,6
4522,22,2025-10-31,163,9
4523,23,2025-10-31,83,7
4524,24,2025-10-31,143,5
4525,25,2025-10-31,109,8
4526,26,2025-10-31,158,11
4527,27,2025-10-31,122,7
4528,28,2025-10-31,103,8
4529,29,2025-10-31,166,14
4530,30,2025-10-31,130,4
4531,31,2025-10-31,97,8
4532,32,2025-10-31,113,4
4533,33,2025-10-31,99,7
4534,34,2025-10-31,89,8
4535,35,2025-10-31,103,3
4536,36,2025-10-31,199,6
4537,37,2025-10-31,150,8
4538,38,2025-10-31,123,3
4539,39,2025-10-31,134,8
4540,40,2025-10-31,97,5
4541,41,2025-10-31,108,10
4542,42,2025-10-31,160,9
4543,43,2025-10-31,135,8
4544,44,2025-10-31,81,5
4545,45,2025-10-31,135,5
4546,46,2025-10-31,110,3
4547,47,2025-10-31,127,7
4548,48,2025-10-31,107,4
4549,49,2025-10-31,101,3
4550,50,2025-10-31,152,8
4551,51,2025-10-31,169,5
4552,52,2025-10-31,116,3
4553,53,2025-10-31,76,5
4554,54,2025-10-31,112,4
4555,55,2025-10-31,125,5
4556,56,2025-10-31,120,5
4557,57,2025-10-31,113,6
4558,58,2025-10-31,150,11
4559,59,2025-10-31,108,6
4560,60,2025-10-31,122,8
4561,61,2025-10-31,130,5
4562,62,2025-10-31,122,5
4563,63,2025-10-31,198,11
4564,64,2025-10-31,111,4
4565,65,2025-10-31,187,8
4566,66,2025-10-31,118,5
4567,67,2025-10-31,186,9
4568,68,2025-10-31,58,3
4569,69,2025-10-31,123,10
4570,70,2025-10-31,85,5
4571,71,2025-10-31,159,9
4572,72,2025-10-31,176,11
4573,73,2025-10-31,142,6
4574,74,2025-10-31,127,3
4575,75,2025-10-31,159,10
4576,76,2025-10-31,126,10
4577,77,2025-10-31,76,5
4578,78,2025-10-31,196,10
4579,79,2025-10-31,93,4
4580,80,2025-10-31,226,16
4581,81,2025-10-31,135,10
4582,82,2025-10-31,127,7
4583,83,2025-10-31,151,7
4584,84,2025-10-31,160,8
4585,85,2025-10-31,144,5
4586,86,2025-10-31,117,6
4587,87,2025-10-31,114,8
4588,88,2025-10-31,139,5
4589,89,2025-10-31,210,12
4590,90,2025-10-31,144,10
4591,91,2025-10-31,91,5
4592,92,2025-10-31,369,22
4593,93,2025-10-31,139,7
4594,94,2025-10-31,134,8
4595,95,2025-10-31,174,9
4596,96,2025-10-31,113,8
4597,97,2025-10-31,137,8
4598,98,2025-10-31,137,8
4599,99,2025-10-31,139,6
4600,100,2025-10-31,137,7
4601,1,2025-11-01,155,7
4602,2,2025-11-01,128,8
4603,3,2025-11-01,192,11
4604,4,2025-11-01,242,13
4605,5,2025-11-01,192,10
4606,6,2025-11-01,222,16
4607,7,2025-11-01,214,13
4608,8,2025-11-01,216,13
4609,9,2025-11-01,179,11
4610,10,2025-11-01,104,9
4611,11,2025-11-01,161,11
4612,12,2025-11-01,140,11
4613,13,2025-11-01,115,6
4614,14,2025-11-01,260,15
4615,15,2025-11-01,134,9
4616,16,2025-11-01,210,9
4617,17,2025-11-01,200,12
4618,18,2025-11-01,171,13
4619,19,2025-11-01,124,3
4620,20,2025-11-01,99,5
4621,21,2025-11-01,118,8
4622,22,2025-11-01,172,11
4623,23,2025-11-01,110,8
4624,24,2025-11-01,197,10
4625,25,2025-11-01,119,10
4626,26,2025-11-01,194,11
4627,27,2025-11-01,136,8
4628,28,2025-11-01,94,8
4629,29,2025-11-01,171,11
4630,30,2025-11-01,140,10
4631,31,2025-11-01,125,7
4632,32,2025-11-01,148,9
4633,33,2025-11-01,134,4
4634,34,2025-11-01,93,6
4635,35,2025-11-01,98,6
4636,36,2025-11-01,266,12
4637,37,2025-11-01,190,10
4638,38,2025-11-01,144,10
4639,39,2025-11-01,162,9
4640,40,2025-11-01,106,6
4641,41,2025-11-01,112,4
4642,42,2025-11-01,172,12
4643,43,2025-11-01,154,9
4644,44,2025-11-01,92,3
4645,45,2025-11-01,153,8
4646,46,2025-11-01,160,6
4647,47,2025-11-01,156,11
4648,48,2025-11-01,113,8
4649,49,2025-11-01,118,7
4650,50,2025-11-01,168,14
4651,51,2025-11-01,175,11
4652,52,2025-11-01,131,10
4653,53,2025-11-01,121,6
4654,54,2025-11-01,133,6
4655,55,2025-11-01,143,7
4656,56,2025-11-01,173,12
4657,57,2025-11-01,116,5
4658,58,2025-11-01,154,8
4659,59,2025-11-01,140,9
4660,60,2025-11-01,161,7
4661,61,2025-11-01,150,7
4662,62,2025-11-01,161,8
4663,63,2025-11-01,203,12
4664,64,2025-11-01,145,9
4665,65,2025-11-01,222,7
4666,66,2025-11-01,131,6
4667,67,2025-11-01,149,5
4668,68,2025-11-01,73,2
4669,69,2025-11-01,161,8
4670,70,2025-11-01,92,4
4671,71,2025-11-01,148,9
4672,72,2025-11-01,199,14
4673,73,2025-11-01,183,11
4674,74,2025-11-01,123,7
4675,75,2025-11-01,142,4
4676,76,2025-11-01,143,12
4677,77,2025-11-01,92,3
4678,78,2025-11-01,234,16
4679,79,2025-11-01,94,1
4680,80,2025-11-01,194,7
4681,81,2025-11-01,128,5
4682,82,2025-11-01,136,5
4683,83,2025-11-01,186,14
4684,84,2025-11-01,137,9
4685,85,2025-11-01,145,9
4686,86,2025-11-01,133,6
4687,87,2025-11-01,141,12
4688,88,2025-11-01,139,8
4689,89,2025-11-01,212,11
4690,90,2025-11-01,141,7
4691,91,2025-11-01,129,9
4692,92,2025-11-01,328,19
4693,93,2025-11-01,165,11
4694,94,2025-11-01,161,8
4695,95,2025-11-01,182,11
4696,96,2025-11-01,123,8
4697,97,2025-11-01,168,9
4698,98,2025-11-01,167,11
4699,99,2025-11-01,156,10
4700,100,2025-11-01,155,10
4701,1,2025-11-02,80,5
4702,2,2025-11-02,122,7
4703,3,2025-11-02,96,2
4704,4,2025-11-02,111,6
4705,5,2025-11-02,70,4
4706,6,2025-11-02,159,13
4707,7,2025-11-02,161,6
4708,8,2025-11-02,131,8
4709,9,2025-11-02,80,8
4710,10,2025-11-02,62,1
4711,11,2025-11-02,76,2
4712,12,2025-11-02,92,7
4713,13,2025-11-02,71,7
4714,14,2025-11-02,196,14
4715,15,2025-11-02,57,7
4716,16,2025-11-02,86,8
4717,17,2025-11-02,137,2
4718,18,2025-11-02,90,6
4719,19,2025-11-02,90,6
4720,20,2025-11-02,53,0
4721,21,2025-11-02,65,3
4722,22,2025-11-02,124,9
4723,23,2025-11-02,66,3
4724,24,2025-11-02,106,10
4725,25,2025-11-02,65,4
4726,26,2025-11-02,122,10
4727,27,2025-11-02,94,7
4728,28,2025-11-02,67,1
4729,29,2025-11-02,110,9
4730,30,2025-11-02,88,6
4731,31,2025-11-02,58,1
4732,32,2025-11-02,93,4
4733,33,2025-11-02,85,8
4734,34,2025-11-02,58,4
4735,35,2025-11-02,76,5
4736,36,2025-11-02,127,4
4737,37,2025-11-02,99,5
4738,38,2025-11-02,89,7
4739,39,2025-11-02,76,3
4740,40,2025-11-02,70,3
4741,41,2025-11-02,64,3
4742,42,2025-11-02,128,9
4743,43,2025-11-02,80,4
4744,44,2025-11-02,53,5
4745,45,2025-11-02,96,4
4746,46,2025-11-02,98,3
4747,47,2025-11-02,92,5
4748,48,2025-11-02,67,3
4749,49,2025-11-02,62,3
4750,50,2025-11-02,104,5
4751,51,2025-11-02,104,5
4752,52,2025-11-02,74,7
4753,53,2025-11-02,43,1
4754,54,2025-11-02,68,5
4755,55,2025-11-02,87,6
4756,56,2025-11-02,107,7
4757,57,2025-11-02,41,2
4758,58,2025-11-02,95,5
4759,59,2025-11-02,82,5
4760,60,2025-11-02,94,5
4761,61,2025-11-02,87,0
4762,62,2025-11-02,93,6
4763,63,2025-11-02,102,6
4764,64,2025-11-02,72,7
4765,65,2025-11-02,107,9
4766,66,2025-11-02,70,4
4767,67,2025-11-02,66,2
4768,68,2025-11-02,50,3
4769,69,2025-11-02,110,5
4770,70,2025-11-02,48,0
4771,71,2025-11-02,93,7
4772,72,2025-11-02,92,5
4773,73,2025-11-02,102,4
4774,74,2025-11-02,90,6
4775,75,2025-11-02,95,6
4776,76,2025-11-02,104,6
4777,77,2025-11-02,48,4
4778,78,2025-11-02,122,7
4779,79,2025-11-02,68,3
4780,80,2025-11-02,159,9
4781,81,2025-11-02,75,6
4782,82,2025-11-02,92,4
4783,83,2025-11-02,95,5
4784,84,2025-11-02,95,4
4785,85,2025-11-02,70,4
4786,86,2025-11-02,76,4
4787,87,2025-11-02,85,5
4788,88,2025-11-02,67,2
4789,89,2025-11-02,186,12
4790,90,2025-11-02,102,4
4791,91,2025-11-02,69,2
4792,92,2025-11-02,214,11
4793,93,2025-11-02,106,11
4794,94,2025-11-02,96,7
4795,95,2025-11-02,81,5
4796,96,2025-11-02,68,5
4797,97,2025-11-02,104,6
4798,98,2025-11-02,70,2
4799,99,2025-11-02,86,6
4800,100,2025-11-02,99,3
4801,1,2025-11-03,178,11
4802,2,2025-11-03,187,12
4803,3,2025-11-03,208,12
4804,4,2025-11-03,311,18
4805,5,2025-11-03,285,15
4806,6,2025-11-03,270,17
4807,7,2025-11-03,365,21
4808,8,2025-11-03,240,9
4809,9,2025-11-03,227,12
4810,10,2025-11-03,172,7
4811,11,2025-11-03,218,10
4812,12,2025-11-03,232,15
4813,13,2025-11-03,144,9
4814,14,2025-11-03,356,19
4815,15,2025-11-03,174,7
4816,16,2025-11-03,249,13
4817,17,2025-11-03,289,17
4818,18,2025-11-03,184,13
4819,19,2025-11-03,199,9
4820,20,2025-11-03,115,4
4821,21,2025-11-03,148,9
4822,22,2025-11-03,229,9
4823,23,2025-11-03,144,7
4824,24,2025-11-03,249,16
4825,25,2025-11-03,149,8
4826,26,2025-11-03,222,13
4827,27,2025-11-03,181,12
4828,28,2025-11-03,145,6
4829,29,2025-11-03,221,15
4830,30,2025-11-03,197,10
4831,31,2025-11-03,155,8
4832,32,2025-11-03,182,12
4833,33,2025-11-03,189,12
4834,34,2025-11-03,126,8
4835,35,2025-11-03,150,9
4836,36,2025-11-03,311,16
4837,37,2025-11-03,221,13
4838,38,2025-11-03,204,14
4839,39,2025-11-03,171,12
4840,40,2025-11-03,154,10
4841,41,2025-11-03,166,11
4842,42,2025-11-03,269,16
4843,43,2025-11-03,195,14
4844,44,2025-11-03,109,7
4845,45,2025-11-03,231,14
4846,46,2025-11-03,211,9
4847,47,2025-11-03,211,13
4848,48,2025-11-03,144,9
4849,49,2025-11-03,183,12
4850,50,2025-11-03,209,10
4851,51,2025-11-03,237,10
4852,52,2025-11-03,178,12
4853,53,2025-11-03,142,6
4854,54,2025-11-03,160,5
4855,55,2025-11-03,194,12
4856,56,2025-11-03,226,13
4857,57,2025-11-03,148,9
4858,58,2025-11-03,229,14
4859,59,2025-11-03,171,7
4860,60,2025-11-03,169,11
4861,61,2025-11-03,238,13
4862,62,2025-11-03,162,11
4863,63,2025-11-03,273,13
4864,64,2025-11-03,169,10
4865,65,2025-11-03,236,12
4866,66,2025-11-03,179,10
4867,67,2025-11-03,224,13
4868,68,2025-11-03,101,7
4869,69,2025-11-03,225,12
4870,70,2025-11-03,106,7
4871,71,2025-11-03,227,13
4872,72,2025-11-03,262,15
4873,73,2025-11-03,232,15
4874,74,2025-11-03,215,12
4875,75,2025-11-03,202,10
4876,76,2025-11-03,177,8
4877,77,2025-11-03,133,9
4878,78,2025-11-03,268,16
4879,79,2025-11-03,160,10
4880,80,2025-11-03,327,20
4881,81,2025-11-03,168,10
4882,82,2025-11-03,213,11
4883,83,2025-11-03,234,12
4884,84,2025-11-03,190,10
4885,85,2025-11-03,181,11
4886,86,2025-11-03,155,8
4887,87,2025-11-03,188,8
4888,88,2025-11-03,194,11
4889,89,2025-11-03,335,20
4890,90,2025-11-03,179,13
4891,91,2025-11-03,175,12
4892,92,2025-11-03,412,26
4893,93,2025-11-03,249,10
4894,94,2025-11-03,200,13
4895,95,2025-11-03,235,12
4896,96,2025-11-03,166,8
4897,97,2025-11-03,184,11
4898,98,2025-11-03,219,11
4899,99,2025-11-03,189,9
4900,100,2025-11-03,193,12
4901,1,2025-11-04,140,9
4902,2,2025-11-04,170,11
4903,3,2025-11-04,185,11
4904,4,2025-11-04,259,12
4905,5,2025-11-04,222,12
4906,6,2025-11-04,236,15
4907,7,2025-11-04,281,15
4908,8,2025-11-04,245,15
4909,9,2025-11-04,195,9
4910,10,2025-11-04,123,6
4911,11,2025-11-04,190,12
4912,12,2025-11-04,214,12
4913,13,2025-11-04,119,4
4914,14,2025-11-04,180,8
4915,15,2025-11-04,136,9
4916,16,2025-11-04,243,14
4917,17,2025-11-04,236,10
4918,18,2025-11-04,179,8
4919,19,2025-11-04,155,7
4920,20,2025-11-04,102,3
4921,21,2025-11-04,133,9
4922,22,2025-11-04,208,10
4923,23,2025-11-04,132,11
4924,24,2025-11-04,188,12
4925,25,2025-11-04,115,5
4926,26,2025-11-04,215,14
4927,27,2025-11-04,153,9
4928,28,2025-11-04,120,6
4929,29,2025-11-04,189,13
4930,30,2025-11-04,177,9
4931,31,2025-11-04,142,7
4932,32,2025-11-04,166,7
4933,33,2025-11-04,116,9
4934,34,2025-11-04,109,8
4935,35,2025-11-04,104,6
4936,36,2025-11-04,250,11
4937,37,2025-11-04,217,13
4938,38,2025-11-04,121,5
4939,39,2025-11-04,163,9
4940,40,2025-11-04,149,9
4941,41,2025-11-04,130,8
4942,42,2025-11-04,195,11
4943,43,2025-11-04,167,8
4944,44,2025-11-04,119,8
4945,45,2025-11-04,201,8
4946,46,2025-11-04,168,13
4947,47,2025-11-04,161,9
4948,48,2025-11-04,146,7
4949,49,2025-11-04,135,6
4950,50,2025-11-04,225,11
4951,51,2025-11-04,200,8
4952,52,2025-11-04,145,8
4953,53,2025-11-04,138,10
4954,54,2025-11-04,123,9
4955,55,2025-11-04,145,9
4956,56,2025-11-04,213,13
4957,57,2025-11-04,129,8
4958,58,2025-11-04,198,12
4959,59,2025-11-04,147,11
4960,60,2025-11-04,202,7
4961,61,2025-11-04,187,13
4962,62,2025-11-04,169,11
4963,63,2025-11-04,222,17
4964,64,2025-11-04,137,5
4965,65,2025-11-04,205,15
4966,66,2025-11-04,154,11
4967,67,2025-11-04,209,10
4968,68,2025-11-04,87,1
4969,69,2025-11-04,188,9
4970,70,2025-11-04,105,4
4971,71,2025-11-04,184,10
4972,72,2025-11-04,232,13
4973,73,2025-11-04,206,13
4974,74,2025-11-04,163,10
4975,75,2025-11-04,170,12
4976,76,2025-11-04,152,4
4977,77,2025-11-04,98,3
4978,78,2025-11-04,250,13
4979,79,2025-11-04,145,9
4980,80,2025-11-04,320,20
4981,81,2025-11-04,175,10
4982,82,2025-11-04,164,8
4983,83,2025-11-04,213,13
4984,84,2025-11-04,198,11
4985,85,2025-11-04,207,13
4986,86,2025-11-04,139,6
4987,87,2025-11-04,169,12
4988,88,2025-11-04,139,5
4989,89,2025-11-04,317,17
4990,90,2025-11-04,180,9
4991,91,2025-11-04,160,9
4992,92,2025-11-04,372,26
4993,93,2025-11-04,246,14
4994,94,2025-11-04,150,8
4995,95,2025-11-04,196,11
4996,96,2025-11-04,120,9
4997,97,2025-11-04,177,8
4998,98,2025-11-04,185,12
4999,99,2025-11-04,169,11
5000,100,2025-11-04,177,11
5001,1,2025-11-05,167,11
5002,2,2025-11-05,178,9
5003,3,2025-11-05,192,12
5004,4,2025-11-05,304,19
5005,5,2025-11-05,231,12
5006,6,2025-11-05,217,13
5007,7,2025-11-05,303,20
5008,8,2025-11-05,251,16
5009,9,2025-11-05,161,9
5010,10,2025-11-05,124,6
5011,11,2025-11-05,178,11
5012,12,2025-11-05,213,15
5013,13,2025-11-05,123,9
5014,14,2025-11-05,189,14
5015,15,2025-11-05,157,10
5016,16,2025-11-05,207,14
5017,17,2025-11-05,244,16
5018,18,2025-11-05,184,9
5019,19,2025-11-05,149,8
5020,20,2025-11-05,94,5
5021,21,2025-11-05,123,6
5022,22,2025-11-05,176,8
5023,23,2025-11-05,144,9
5024,24,2025-11-05,193,11
5025,25,2025-11-05,155,10
5026,26,2025-11-05,195,12
5027,27,2025-11-05,170,9
5028,28,2025-11-05,115,5
5029,29,2025-11-05,182,11
5030,30,2025-11-05,153,9
5031,31,2025-11-05,121,8
5032,32,2025-11-05,169,10
5033,33,2025-11-05,138,5
5034,34,2025-11-05,104,7
5035,35,2025-11-05,123,10
5036,36,2025-11-05,248,14
5037,37,2025-11-05,216,14
5038,38,2025-11-05,163,8
5039,39,2025-11-05,163,9
5040,40,2025-11-05,125,10
5041,41,2025-11-05,141,9
5042,42,2025-11-05,208,10
5043,43,2025-11-05,157,10
5044,44,2025-11-05,115,6
5045,45,2025-11-05,185,10
5046,46,2025-11-05,189,8
5047,47,2025-11-05,152,10
5048,48,2025-11-05,127,5
5049,49,2025-11-05,154,9
5050,50,2025-11-05,202,11
5051,51,2025-11-05,214,11
5052,52,2025-11-05,141,6
5053,53,2025-11-05,132,5
5054,54,2025-11-05,127,8
5055,55,2025-11-05,151,10
5056,56,2025-11-05,207,11
5057,57,2025-11-05,107,4
5058,58,2025-11-05,184,9
5059,59,2025-11-05,157,9
5060,60,2025-11-05,137,7
5061,61,2025-11-05,187,13
5062,62,2025-11-05,177,10
5063,63,2025-11-05,256,13
5064,64,2025-11-05,119,6
5065,65,2025-11-05,239,17
5066,66,2025-11-05,155,9
5067,67,2025-11-05,218,13
5068,68,2025-11-05,94,3
5069,69,2025-11-05,187,10
5070,70,2025-11-05,97,5
5071,71,2025-11-05,204,12
5072,72,2025-11-05,183,9
5073,73,2025-11-05,213,13
5074,74,2025-11-05,160,9
5075,75,2025-11-05,157,8
5076,76,2025-11-05,174,6
5077,77,2025-11-05,112,4
5078,78,2025-11-05,237,16
5079,79,2025-11-05,137,10
5080,80,2025-11-05,289,15
5081,81,2025-11-05,172,10
5082,82,2025-11-05,173,10
5083,83,2025-11-05,184,7
5084,84,2025-11-05,194,12
5085,85,2025-11-05,189,12
5086,86,2025-11-05,134,6
5087,87,2025-11-05,163,9
5088,88,2025-11-05,175,6
5089,89,2025-11-05,263,19
5090,90,2025-11-05,167,12
5091,91,2025-11-05,149,9
5092,92,2025-11-05,351,17
5093,93,2025-11-05,193,13
5094,94,2025-11-05,172,14
5095,95,2025-11-05,235,12
5096,96,2025-11-05,145,11
5097,97,2025-11-05,163,9
5098,98,2025-11-05,199,9
5099,99,2025-11-05,160,7
5100,100,2025-11-05,182,11
5101,1,2025-11-06,129,8
5102,2,2025-11-06,145,7
5103,3,2025-11-06,156,8
5104,4,2025-11-06,251,15
5105,5,2025-11-06,177,11
5106,6,2025-11-06,226,13
5107,7,2025-11-06,232,9
5108,8,2025-11-06,211,11
5109,9,2025-11-06,164,8
5110,10,2025-11-06,132,6
5111,11,2025-11-06,138,6
5112,12,2025-11-06,180,16
5113,13,2025-11-06,119,7
5114,14,2025-11-06,158,4
5115,15,2025-11-06,116,7
5116,16,2025-11-06,199,14
5117,17,2025-11-06,213,10
5118,18,2025-11-06,189,10
5119,19,2025-11-06,138,7
5120,20,2025-11-06,87,8
5121,21,2025-11-06,103,6
5122,22,2025-11-06,190,11
5123,23,2025-11-06,112,7
5124,24,2025-11-06,161,11
5125,25,2025-11-06,107,7
5126,26,2025-11-06,185,10
5127,27,2025-11-06,136,11
5128,28,2025-11-06,106,8
5129,29,2025-11-06,162,10
5130,30,2025-11-06,130,4
5131,31,2025-11-06,117,7
5132,32,2025-11-06,121,7
5133,33,2025-11-06,126,7
5134,34,2025-11-06,94,7
5135,35,2025-11-06,98,3
5136,36,2025-11-06,210,13
5137,37,2025-11-06,194,11
5138,38,2025-11-06,144,8
5139,39,2025-11-06,147,7
5140,40,2025-11-06,103,3
5141,41,2025-11-06,121,9
5142,42,2025-11-06,182,13
5143,43,2025-11-06,167,11
5144,44,2025-11-06,103,6
5145,45,2025-11-06,156,9
5146,46,2025-11-06,156,10
5147,47,2025-11-06,157,6
5148,48,2025-11-06,116,6
5149,49,2025-11-06,128,5
5150,50,2025-11-06,165,11
5151,51,2025-11-06,193,11
5152,52,2025-11-06,132,9
5153,53,2025-11-06,91,5
5154,54,2025-11-06,127,9
5155,55,2025-11-06,118,7
5156,56,2025-11-06,170,10
5157,57,2025-11-06,101,5
5158,58,2025-11-06,183,8
5159,59,2025-11-06,148,8
5160,60,2025-11-06,151,10
5161,61,2025-11-06,176,10
5162,62,2025-11-06,143,10
5163,63,2025-11-06,274,17
5164,64,2025-11-06,139,8
5165,65,2025-11-06,172,11
5166,66,2025-11-06,113,9
5167,67,2025-11-06,170,10
5168,68,2025-11-06,72,4
5169,69,2025-11-06,189,11
5170,70,2025-11-06,80,4
5171,71,2025-11-06,166,11
5172,72,2025-11-06,192,13
5173,73,2025-11-06,177,12
5174,74,2025-11-06,121,6
5175,75,2025-11-06,165,8
5176,76,2025-11-06,146,9
5177,77,2025-11-06,98,7
5178,78,2025-11-06,137,6
5179,79,2025-11-06,103,5
5180,80,2025-11-06,277,13
5181,81,2025-11-06,140,6
5182,82,2025-11-06,109,8
5183,83,2025-11-06,197,11
5184,84,2025-11-06,156,10
5185,85,2025-11-06,156,9
5186,86,2025-11-06,96,8
5187,87,2025-11-06,136,6
5188,88,2025-11-06,150,6
5189,89,2025-11-06,250,16
5190,90,2025-11-06,149,7
5191,91,2025-11-06,132,9
5192,92,2025-11-06,357,22
5193,93,2025-11-06,175,10
5194,94,2025-11-06,151,9
5195,95,2025-11-06,220,12
5196,96,2025-11-06,133,7
5197,97,2025-11-06,176,9
5198,98,2025-11-06,160,10
5199,99,2025-11-06,164,11
5200,100,2025-11-06,162,10
5201,1,2025-11-07,133,8
5202,2,2025-11-07,153,11
5203,3,2025-11-07,182,10
5204,4,2025-11-07,241,12
5205,5,2025-11-07,232,13
5206,6,2025-11-07,230,15
5207,7,2025-11-07,248,11
5208,8,2025-11-07,249,14
5209,9,2025-11-07,184,13
5210,10,2025-11-07,125,5
5211,11,2025-11-07,172,8
5212,12,2025-11-07,170,12
5213,13,2025-11-07,92,4
5214,14,2025-11-07,143,4
5215,15,2025-11-07,124,8
5216,16,2025-11-07,211,17
5217,17,2025-11-07,172,8
5218,18,2025-11-07,151,9
5219,19,2025-11-07,144,11
5220,20,2025-11-07,88,3
5221,21,2025-11-07,106,9
5222,22,2025-11-07,164,11
5223,23,2025-11-07,84,4
5224,24,2025-11-07,202,11
5225,25,2025-11-07,121,3
5226,26,2025-11-07,187,15
5227,27,2025-11-07,124,4
5228,28,2025-11-07,102,6
5229,29,2025-11-07,168,9
5230,30,2025-11-07,150,7
5231,31,2025-11-07,109,7
5232,32,2025-11-07,160,5
5233,33,2025-11-07,124,7
5234,34,2025-11-07,89,7
5235,35,2025-11-07,111,10
5236,36,2025-11-07,227,12
5237,37,2025-11-07,166,12
5238,38,2025-11-07,153,6
5239,39,2025-11-07,153,8
5240,40,2025-11-07,120,3
5241,41,2025-11-07,144,8
5242,42,2025-11-07,197,18
5243,43,2025-11-07,139,8
5244,44,2025-11-07,119,8
5245,45,2025-11-07,173,9
5246,46,2025-11-07,169,10
5247,47,2025-11-07,150,9
5248,48,2025-11-07,126,4
5249,49,2025-11-07,139,6
5250,50,2025-11-07,174,13
5251,51,2025-11-07,162,8
5252,52,2025-11-07,121,9
5253,53,2025-11-07,113,7
5254,54,2025-11-07,97,3
5255,55,2025-11-07,124,8
5256,56,2025-11-07,196,14
5257,57,2025-11-07,106,7
5258,58,2025-11-07,171,8
5259,59,2025-11-07,156,7
5260,60,2025-11-07,167,10
5261,61,2025-11-07,127,6
5262,62,2025-11-07,189,9
5263,63,2025-11-07,213,12
5264,64,2025-11-07,136,9
5265,65,2025-11-07,199,9
5266,66,2025-11-07,170,10
5267,67,2025-11-07,219,14
5268,68,2025-11-07,72,2
5269,69,2025-11-07,199,12
5270,70,2025-11-07,79,6
5271,71,2025-11-07,155,8
5272,72,2025-11-07,228,14
5273,73,2025-11-07,166,11
5274,74,2025-11-07,149,8
5275,75,2025-11-07,169,9
5276,76,2025-11-07,156,10
5277,77,2025-11-07,91,9
5278,78,2025-11-07,126,5
5279,79,2025-11-07,98,7
5280,80,2025-11-07,279,17
5281,81,2025-11-07,141,10
5282,82,2025-11-07,134,3
5283,83,2025-11-07,197,13
5284,84,2025-11-07,173,11
5285,85,2025-11-07,161,8
5286,86,2025-11-07,124,1
5287,87,2025-11-07,140,8
5288,88,2025-11-07,128,9
5289,89,2025-11-07,243,13
5290,90,2025-11-07,262,16
5291,91,2025-11-07,140,7
5292,92,2025-11-07,326,20
5293,93,2025-11-07,179,13
5294,94,2025-11-07,149,5
5295,95,2025-11-07,201,10
5296,96,2025-11-07,122,4
5297,97,2025-11-07,172,9
5298,98,2025-11-07,172,13
5299,99,2025-11-07,124,7
5300,100,2025-11-07,166,9
5301,1,2025-11-08,119,9
5302,2,2025-11-08,147,8
5303,3,2025-11-08,179,12
5304,4,2025-11-08,202,6
5305,5,2025-11-08,190,8
5306,6,2025-11-08,221,11
5307,7,2025-11-08,263,16
5308,8,2025-11-08,208,10
5309,9,2025-11-08,170,8
5310,10,2025-11-08,109,8
5311,11,2025-11-08,186,11
5312,12,2025-11-08,188,9
5313,13,2025-11-08,118,9
5314,14,2025-11-08,159,7
5315,15,2025-11-08,131,8
5316,16,2025-11-08,200,13
5317,17,2025-11-08,196,11
5318,18,2025-11-08,169,11
5319,19,2025-11-08,136,9
5320,20,2025-11-08,104,5
5321,21,2025-11-08,114,10
5322,22,2025-11-08,139,9
5323,23,2025-11-08,122,9
5324,24,2025-11-08,169,12
5325,25,2025-11-08,149,7
5326,26,2025-11-08,190,13
5327,27,2025-11-08,152,6
5328,28,2025-11-08,100,8
5329,29,2025-11-08,180,10
5330,30,2025-11-08,155,10
5331,31,2025-11-08,110,1
5332,32,2025-11-08,156,6
5333,33,2025-11-08,141,6
5334,34,2025-11-08,105,6
5335,35,2025-11-08,95,6
5336,36,2025-11-08,226,12
5337,37,2025-11-08,188,12
5338,38,2025-11-08,128,6
5339,39,2025-11-08,164,11
5340,40,2025-11-08,130,5
5341,41,2025-11-08,112,4
5342,42,2025-11-08,175,10
5343,43,2025-11-08,129,5
5344,44,2025-11-08,95,5
5345,45,2025-11-08,156,8
5346,46,2025-11-08,171,11
5347,47,2025-11-08,160,7
5348,48,2025-11-08,141,5
5349,49,2025-11-08,111,5
5350,50,2025-11-08,153,7
5351,51,2025-11-08,166,9
5352,52,2025-11-08,122,8
5353,53,2025-11-08,108,9
5354,54,2025-11-08,127,8
5355,55,2025-11-08,161,13
5356,56,2025-11-08,170,11
5357,57,2025-11-08,81,7
5358,58,2025-11-08,162,12
5359,59,2025-11-08,118,6
5360,60,2025-11-08,126,3
5361,61,2025-11-08,157,10
5362,62,2025-11-08,118,5
5363,63,2025-11-08,198,11
5364,64,2025-11-08,134,7
5365,65,2025-11-08,202,10
5366,66,2025-11-08,124,13
5367,67,2025-11-08,175,9
5368,68,2025-11-08,78,4
5369,69,2025-11-08,166,9
5370,70,2025-11-08,78,8
5371,71,2025-11-08,161,10
5372,72,2025-11-08,188,9
5373,73,2025-11-08,174,9
5374,74,2025-11-08,126,4
5375,75,2025-11-08,189,10
5376,76,2025-11-08,134,7
5377,77,2025-11-08,93,3
5378,78,2025-11-08,128,6
5379,79,2025-11-08,109,4
5380,80,2025-11-08,224,14
5381,81,2025-11-08,147,8
5382,82,2025-11-08,143,9
5383,83,2025-11-08,199,10
5384,84,2025-11-08,133,9
5385,85,2025-11-08,141,11
5386,86,2025-11-08,120,10
5387,87,2025-11-08,106,2
5388,88,2025-11-08,149,7
5389,89,2025-11-08,261,15
5390,90,2025-11-08,248,13
5391,91,2025-11-08,137,7
5392,92,2025-11-08,368,24
5393,93,2025-11-08,189,13
5394,94,2025-11-08,172,12
5395,95,2025-11-08,188,8
5396,96,2025-11-08,114,8
5397,97,2025-11-08,162,9
5398,98,2025-11-08,170,11
5399,99,2025-11-08,147,10
5400,100,2025-11-08,172,12
5401,1,2025-11-09,71,3
5402,2,2025-11-09,109,7
5403,3,2025-11-09,111,6
5404,4,2025-11-09,82,4
5405,5,2025-11-09,85,7
5406,6,2025-11-09,116,7
5407,7,2025-11-09,195,9
5408,8,2025-11-09,143,6
5409,9,2025-11-09,91,7
5410,10,2025-11-09,69,7
5411,11,2025-11-09,105,3
5412,12,2025-11-09,98,7
5413,13,2025-11-09,82,2
5414,14,2025-11-09,76,3
5415,15,2025-11-09,56,0
5416,16,2025-11-09,127,5
5417,17,2025-11-09,145,5
5418,18,2025-11-09,80,5
5419,19,2025-11-09,86,9
5420,20,2025-11-09,65,4
5421,21,2025-11-09,60,0
5422,22,2025-11-09,110,7
5423,23,2025-11-09,73,6
5424,24,2025-11-09,101,6
5425,25,2025-11-09,63,3
5426,26,2025-11-09,107,4
5427,27,2025-11-09,69,4
5428,28,2025-11-09,74,6
5429,29,2025-11-09,111,10
5430,30,2025-11-09,52,4
5431,31,2025-11-09,68,3
5432,32,2025-11-09,91,2
5433,33,2025-11-09,82,6
5434,34,2025-11-09,60,4
5435,35,2025-11-09,59,2
5436,36,2025-11-09,138,6
5437,37,2025-11-09,123,5
5438,38,2025-11-09,86,4
5439,39,2025-11-09,84,8
5440,40,2025-11-09,66,4
5441,41,2025-11-09,81,7
5442,42,2025-11-09,129,10
5443,43,2025-11-09,93,2
5444,44,2025-11-09,69,0
5445,45,2025-11-09,71,6
5446,46,2025-11-09,95,5
5447,47,2025-11-09,81,5
5448,48,2025-11-09,99,6
5449,49,2025-11-09,71,3
5450,50,2025-11-09,102,5
5451,51,2025-11-09,115,7
5452,52,2025-11-09,76,5
5453,53,2025-11-09,58,9
5454,54,2025-11-09,69,4
5455,55,2025-11-09,69,3
5456,56,2025-11-09,110,2
5457,57,2025-11-09,38,1
5458,58,2025-11-09,104,9
5459,59,2025-11-09,93,2
5460,60,2025-11-09,50,4
5461,61,2025-11-09,75,6
5462,62,2025-11-09,90,1
5463,63,2025-11-09,121,5
5464,64,2025-11-09,84,2
5465,65,2025-11-09,96,6
5466,66,2025-11-09,75,4
5467,67,2025-11-09,88,4
5468,68,2025-11-09,52,4
5469,69,2025-11-09,96,10
5470,70,2025-11-09,63,1
5471,71,2025-11-09,96,10
5472,72,2025-11-09,157,8
5473,73,2025-11-09,104,1
5474,74,2025-11-09,61,1
5475,75,2025-11-09,105,8
5476,76,2025-11-09,70,3
5477,77,2025-11-09,30,1
5478,78,2025-11-09,96,5
5479,79,2025-11-09,68,0
5480,80,2025-11-09,114,8
5481,81,2025-11-09,82,6
5482,82,2025-11-09,76,6
5483,83,2025-11-09,93,5
5484,84,2025-11-09,84,5
5485,85,2025-11-09,97,6
5486,86,2025-11-09,81,4
5487,87,2025-11-09,86,9
5488,88,2025-11-09,70,4
5489,89,2025-11-09,191,10
5490,90,2025-11-09,129,7
5491,91,2025-11-09,64,3
5492,92,2025-11-09,138,6
5493,93,2025-11-09,124,5
5494,94,2025-11-09,108,7
5495,95,2025-11-09,102,4
5496,96,2025-11-09,61,3
5497,97,2025-11-09,101,5
5498,98,2025-11-09,78,6
5499,99,2025-11-09,82,3
5500,100,2025-11-09,125,9
5501,1,2025-11-10,188,10
5502,2,2025-11-10,164,4
5503,3,2025-11-10,210,11
5504,4,2025-11-10,275,17
5505,5,2025-11-10,271,16
5506,6,2025-11-10,280,16
5507,7,2025-11-10,337,20
5508,8,2025-11-10,277,17
5509,9,2025-11-10,204,15
5510,10,2025-11-10,144,10
5511,11,2025-11-10,225,11
5512,12,2025-11-10,242,16
5513,13,2025-11-10,186,5
5514,14,2025-11-10,194,12
5515,15,2025-11-10,178,9
5516,16,2025-11-10,242,14
5517,17,2025-11-10,267,16
5518,18,2025-11-10,192,6
5519,19,2025-11-10,177,13
5520,20,2025-11-10,124,9
5521,21,2025-11-10,154,8
5522,22,2025-11-10,195,11
5523,23,2025-11-10,157,8
5524,24,2025-11-10,246,15
5525,25,2025-11-10,168,6
5526,26,2025-11-10,254,10
5527,27,2025-11-10,158,10
5528,28,2025-11-10,145,11
5529,29,2025-11-10,225,10
5530,30,2025-11-10,183,10
5531,31,2025-11-10,150,7
5532,32,2025-11-10,201,13
5533,33,2025-11-10,164,10
5534,34,2025-11-10,114,12
5535,35,2025-11-10,128,7
5536,36,2025-11-10,283,18
5537,37,2025-11-10,230,10
5538,38,2025-11-10,165,6
5539,39,2025-11-10,163,6
5540,40,2025-11-10,127,9
5541,41,2025-11-10,195,12
5542,42,2025-11-10,231,8
5543,43,2025-11-10,209,10
5544,44,2025-11-10,114,9
5545,45,2025-11-10,198,8
5546,46,2025-11-10,215,12
5547,47,2025-11-10,204,10
5548,48,2025-11-10,184,11
5549,49,2025-11-10,181,11
5550,50,2025-11-10,217,14
5551,51,2025-11-10,190,6
5552,52,2025-11-10,175,13
5553,53,2025-11-10,127,7
5554,54,2025-11-10,152,9
5555,55,2025-11-10,199,13
5556,56,2025-11-10,250,17
5557,57,2025-11-10,117,7
5558,58,2025-11-10,199,11
5559,59,2025-11-10,222,15
5560,60,2025-11-10,167,11
5561,61,2025-11-10,197,9
5562,62,2025-11-10,187,12
5563,63,2025-11-10,271,15
5564,64,2025-11-10,175,11
5565,65,2025-11-10,231,15
5566,66,2025-11-10,169,9
5567,67,2025-11-10,235,11
5568,68,2025-11-10,107,5
5569,69,2025-11-10,235,13
5570,70,2025-11-10,115,9
5571,71,2025-11-10,206,16
5572,72,2025-11-10,283,13
5573,73,2025-11-10,238,13
5574,74,2025-11-10,177,12
5575,75,2025-11-10,214,12
5576,76,2025-11-10,173,13
5577,77,2025-11-10,114,3
5578,78,2025-11-10,176,11
5579,79,2025-11-10,142,7
5580,80,2025-11-10,301,17
5581,81,2025-11-10,175,9
5582,82,2025-11-10,180,14
5583,83,2025-11-10,237,15
5584,84,2025-11-10,227,12
5585,85,2025-11-10,242,13
5586,86,2025-11-10,193,9
5587,87,2025-11-10,182,9
5588,88,2025-11-10,193,12
5589,89,2025-11-10,291,17
5590,90,2025-11-10,322,17
5591,91,2025-11-10,175,12
5592,92,2025-11-10,488,28
5593,93,2025-11-10,227,14
5594,94,2025-11-10,166,10
5595,95,2025-11-10,247,12
5596,96,2025-11-10,162,8
5597,97,2025-11-10,213,12
5598,98,2025-11-10,220,10
5599,99,2025-11-10,179,12
5600,100,2025-11-10,234,15
5601,1,2025-11-11,144,7
5602,2,2025-11-11,157,12
5603,3,2025-11-11,222,12
5604,4,2025-11-11,244,14
5605,5,2025-11-11,223,15
5606,6,2025-11-11,244,15
5607,7,2025-11-11,331,17
5608,8,2025-11-11,248,12
5609,9,2025-11-11,151,10
5610,10,2025-11-11,115,12
5611,11,2025-11-11,175,11
5612,12,2025-11-11,198,11
5613,13,2025-11-11,131,7
5614,14,2025-11-11,174,11
5615,15,2025-11-11,169,9
5616,16,2025-11-11,237,15
5617,17,2025-11-11,239,18
5618,18,2025-11-11,188,13
5619,19,2025-11-11,137,13
5620,20,2025-11-11,115,3
5621,21,2025-11-11,133,10
5622,22,2025-11-11,185,9
5623,23,2025-11-11,113,5
5624,24,2025-11-11,210,13
5625,25,2025-11-11,163,10
5626,26,2025-11-11,245,15
5627,27,2025-11-11,168,8
5628,28,2025-11-11,120,11
5629,29,2025-11-11,214,15
5630,30,2025-11-11,152,6
5631,31,2025-11-11,138,10
5632,32,2025-11-11,182,12
5633,33,2025-11-11,142,8
5634,34,2025-11-11,112,6
5635,35,2025-11-11,109,5
5636,36,2025-11-11,272,16
5637,37,2025-11-11,186,14
5638,38,2025-11-11,167,12
5639,39,2025-11-11,178,11
5640,40,2025-11-11,133,9
5641,41,2025-11-11,158,8
5642,42,2025-11-11,222,14
5643,43,2025-11-11,174,9
5644,44,2025-11-11,94,6
5645,45,2025-11-11,175,11
5646,46,2025-11-11,186,13
5647,47,2025-11-11,175,8
5648,48,2025-11-11,153,7
5649,49,2025-11-11,144,6
5650,50,2025-11-11,165,8
5651,51,2025-11-11,184,12
5652,52,2025-11-11,139,10
5653,53,2025-11-11,124,9
5654,54,2025-11-11,137,5
5655,55,2025-11-11,141,7
5656,56,2025-11-11,199,12
5657,57,2025-11-11,109,6
5658,58,2025-11-11,211,9
5659,59,2025-11-11,161,10
5660,60,2025-11-11,133,6
5661,61,2025-11-11,177,8
5662,62,2025-11-11,159,5
5663,63,2025-11-11,252,16
5664,64,2025-11-11,170,13
5665,65,2025-11-11,195,11
5666,66,2025-11-11,170,6
5667,67,2025-11-11,181,13
5668,68,2025-11-11,97,4
5669,69,2025-11-11,204,15
5670,70,2025-11-11,101,9
5671,71,2025-11-11,187,10
5672,72,2025-11-11,229,12
5673,73,2025-11-11,194,16
5674,74,2025-11-11,136,8
5675,75,2025-11-11,171,9
5676,76,2025-11-11,144,6
5677,77,2025-11-11,108,5
5678,78,2025-11-11,145,9
5679,79,2025-11-11,130,2
5680,80,2025-11-11,273,16
5681,81,2025-11-11,163,6
5682,82,2025-11-11,141,9
5683,83,2025-11-11,175,11
5684,84,2025-11-11,167,11
5685,85,2025-11-11,178,6
5686,86,2025-11-11,144,9
5687,87,2025-11-11,162,8
5688,88,2025-11-11,180,11
5689,89,2025-11-11,229,13
5690,90,2025-11-11,298,17
5691,91,2025-11-11,186,10
5692,92,2025-11-11,386,24
5693,93,2025-11-11,239,12
5694,94,2025-11-11,164,11
5695,95,2025-11-11,233,14
5696,96,2025-11-11,148,9
5697,97,2025-11-11,180,11
5698,98,2025-11-11,214,15
5699,99,2025-11-11,159,10
5700,100,2025-11-11,212,17
5701,1,2025-11-12,148,7
5702,2,2025-11-12,146,8
5703,3,2025-11-12,179,9
5704,4,2025-11-12,247,17
5705,5,2025-11-12,249,11
5706,6,2025-11-12,262,18
5707,7,2025-11-12,316,16
5708,8,2025-11-12,267,14
5709,9,2025-11-12,177,11
5710,10,2025-11-12,126,7
5711,11,2025-11-12,176,10
5712,12,2025-11-12,205,12
5713,13,2025-11-12,110,6
5714,14,2025-11-12,194,14
5715,15,2025-11-12,144,4
5716,16,2025-11-12,234,11
5717,17,2025-11-12,257,14
5718,18,2025-11-12,173,9
5719,19,2025-11-12,165,11
5720,20,2025-11-12,99,4
5721,21,2025-11-12,111,5
5722,22,2025-11-12,201,7
5723,23,2025-11-12,119,9
5724,24,2025-11-12,197,14
5725,25,2025-11-12,144,8
5726,26,2025-11-12,214,12
5727,27,2025-11-12,158,11
5728,28,2025-11-12,118,8
5729,29,2025-11-12,222,13
5730,30,2025-11-12,170,9
5731,31,2025-11-12,131,10
5732,32,2025-11-12,126,8
5733,33,2025-11-12,155,8
5734,34,2025-11-12,100,7
5735,35,2025-11-12,120,10
5736,36,2025-11-12,256,15
5737,37,2025-11-12,196,10
5738,38,2025-11-12,159,10
5739,39,2025-11-12,151,7
5740,40,2025-11-12,137,8
5741,41,2025-11-12,152,7
5742,42,2025-11-12,192,10
5743,43,2025-11-12,160,8
5744,44,2025-11-12,110,3
5745,45,2025-11-12,199,11
5746,46,2025-11-12,173,8
5747,47,2025-11-12,167,5
5748,48,2025-11-12,134,7
5749,49,2025-11-12,141,11
5750,50,2025-11-12,197,10
5751,51,2025-11-12,194,11
5752,52,2025-11-12,131,10
5753,53,2025-11-12,123,8
5754,54,2025-11-12,129,9
5755,55,2025-11-12,154,7
5756,56,2025-11-12,196,13
5757,57,2025-11-12,111,3
5758,58,2025-11-12,172,10
5759,59,2025-11-12,146,9
5760,60,2025-11-12,143,13
5761,61,2025-11-12,161,6
5762,62,2025-11-12,164,7
5763,63,2025-11-12,215,15
5764,64,2025-11-12,134,9
5765,65,2025-11-12,215,12
5766,66,2025-11-12,174,13
5767,67,2025-11-12,185,11
5768,68,2025-11-12,94,5
5769,69,2025-11-12,231,13
5770,70,2025-11-12,97,7
5771,71,2025-11-12,204,12
5772,72,2025-11-12,185,13
5773,73,2025-11-12,217,12
5774,74,2025-11-12,147,10
5775,75,2025-11-12,191,11
5776,76,2025-11-12,138,8
5777,77,2025-11-12,98,4
5778,78,2025-11-12,143,10
5779,79,2025-11-12,132,4
5780,80,2025-11-12,283,15
5781,81,2025-11-12,156,11
5782,82,2025-11-12,147,11
5783,83,2025-11-12,196,10
5784,84,2025-11-12,180,12
5785,85,2025-11-12,190,9
5786,86,2025-11-12,134,6
5787,87,2025-11-12,145,9
5788,88,2025-11-12,178,4
5789,89,2025-11-12,261,10
5790,90,2025-11-12,179,11
5791,91,2025-11-12,160,9
5792,92,2025-11-12,428,26
5793,93,2025-11-12,171,11
5794,94,2025-11-12,173,9
5795,95,2025-11-12,233,13
5796,96,2025-11-12,127,6
5797,97,2025-11-12,155,10
5798,98,2025-11-12,189,10
5799,99,2025-11-12,168,9
5800,100,2025-11-12,191,14
5801,1,2025-11-13,130,9
5802,2,2025-11-13,135,7
5803,3,2025-11-13,162,5
5804,4,2025-11-13,248,16
5805,5,2025-11-13,182,11
5806,6,2025-11-13,201,13
5807,7,2025-11-13,256,14
5808,8,2025-11-13,256,15
5809,9,2025-11-13,166,11
5810,10,2025-11-13,117,5
5811,11,2025-11-13,172,8
5812,12,2025-11-13,149,9
5813,13,2025-11-13,124,8
5814,14,2025-11-13,181,13
5815,15,2025-11-13,118,9
5816,16,2025-11-13,200,12
5817,17,2025-11-13,195,10
5818,18,2025-11-13,144,7
5819,19,2025-11-13,138,9
5820,20,2025-11-13,103,4
5821,21,2025-11-13,105,5
5822,22,2025-11-13,141,10
5823,23,2025-11-13,123,5
5824,24,2025-11-13,190,9
5825,25,2025-11-13,122,4
5826,26,2025-11-13,185,10
5827,27,2025-11-13,135,8
5828,28,2025-11-13,112,5
5829,29,2025-11-13,148,8
5830,30,2025-11-13,132,12
5831,31,2025-11-13,117,5
5832,32,2025-11-13,136,5
5833,33,2025-11-13,117,7
5834,34,2025-11-13,81,4
5835,35,2025-11-13,112,6
5836,36,2025-11-13,241,16
5837,37,2025-11-13,188,11
5838,38,2025-11-13,130,5
5839,39,2025-11-13,147,8
5840,40,2025-11-13,126,12
5841,41,2025-11-13,126,7
5842,42,2025-11-13,187,10
5843,43,2025-11-13,125,5
5844,44,2025-11-13,81,6
5845,45,2025-11-13,150,11
5846,46,2025-11-13,188,8
5847,47,2025-11-13,157,7
5848,48,2025-11-13,125,7
5849,49,2025-11-13,116,7
5850,50,2025-11-13,194,10
5851,51,2025-11-13,192,6
5852,52,2025-11-13,126,3
5853,53,2025-11-13,114,2
5854,54,2025-11-13,120,6
5855,55,2025-11-13,127,5
5856,56,2025-11-13,160,7
5857,57,2025-11-13,102,10
5858,58,2025-11-13,188,9
5859,59,2025-11-13,154,7
5860,60,2025-11-13,136,7
5861,61,2025-11-13,144,7
5862,62,2025-11-13,160,10
5863,63,2025-11-13,228,10
5864,64,2025-11-13,140,11
5865,65,2025-11-13,197,13
5866,66,2025-11-13,142,6
5867,67,2025-11-13,160,4
5868,68,2025-11-13,61,3
5869,69,2025-11-13,223,15
5870,70,2025-11-13,97,6
5871,71,2025-11-13,188,12
5872,72,2025-11-13,208,14
5873,73,2025-11-13,201,12
5874,74,2025-11-13,140,8
5875,75,2025-11-13,177,8
5876,76,2025-11-13,134,9
5877,77,2025-11-13,92,3
5878,78,2025-11-13,130,3
5879,79,2025-11-13,128,8
5880,80,2025-11-13,237,16
5881,81,2025-11-13,145,12
5882,82,2025-11-13,132,7
5883,83,2025-11-13,183,12
5884,84,2025-11-13,134,4
5885,85,2025-11-13,195,8
5886,86,2025-11-13,122,7
5887,87,2025-11-13,104,3
5888,88,2025-11-13,124,5
5889,89,2025-11-13,210,10
5890,90,2025-11-13,153,4
5891,91,2025-11-13,156,7
5892,92,2025-11-13,376,22
5893,93,2025-11-13,179,12
5894,94,2025-11-13,145,12
5895,95,2025-11-13,213,14
5896,96,2025-11-13,113,7
5897,97,2025-11-13,165,13
5898,98,2025-11-13,187,11
5899,99,2025-11-13,156,4
5900,100,2025-11-13,149,8
5901,1,2025-11-14,133,6
5902,2,2025-11-14,154,5
5903,3,2025-11-14,158,8
5904,4,2025-11-14,277,16
5905,5,2025-11-14,238,13
5906,6,2025-11-14,207,8
5907,7,2025-11-14,280,16
5908,8,2025-11-14,177,11
5909,9,2025-11-14,161,9
5910,10,2025-11-14,113,5
5911,11,2025-11-14,154,10
5912,12,2025-11-14,181,8
5913,13,2025-11-14,111,8
5914,14,2025-11-14,145,6
5915,15,2025-11-14,137,6
5916,16,2025-11-14,183,12
5917,17,2025-11-14,208,15
5918,18,2025-11-14,159,8
5919,19,2025-11-14,135,8
5920,20,2025-11-14,104,6
5921,21,2025-11-14,87,6
5922,22,2025-11-14,155,7
5923,23,2025-11-14,97,2
5924,24,2025-11-14,222,16
5925,25,2025-11-14,129,10
5926,26,2025-11-14,203,10
5927,27,2025-11-14,127,10
5928,28,2025-11-14,99,4
5929,29,2025-11-14,164,9
5930,30,2025-11-14,137,7
5931,31,2025-11-14,131,8
5932,32,2025-11-14,161,10
5933,33,2025-11-14,142,8
5934,34,2025-11-14,103,9
5935,35,2025-11-14,102,9
5936,36,2025-11-14,236,16
5937,37,2025-11-14,182,11
5938,38,2025-11-14,138,9
5939,39,2025-11-14,159,9
5940,40,2025-11-14,120,6
5941,41,2025-11-14,124,4
5942,42,2025-11-14,151,6
5943,43,2025-11-14,169,13
5944,44,2025-11-14,91,8
5945,45,2025-11-14,148,9
5946,46,2025-11-14,168,11
5947,47,2025-11-14,148,6
5948,48,2025-11-14,118,10
5949,49,2025-11-14,136,4
5950,50,2025-11-14,178,11
5951,51,2025-11-14,146,9
5952,52,2025-11-14,128,4
5953,53,2025-11-14,87,6
5954,54,2025-11-14,116,8
5955,55,2025-11-14,130,7
5956,56,2025-11-14,172,13
5957,57,2025-11-14,122,8
5958,58,2025-11-14,159,11
5959,59,2025-11-14,142,12
5960,60,2025-11-14,137,7
5961,61,2025-11-14,160,8
5962,62,2025-11-14,155,8
5963,63,2025-11-14,216,8
5964,64,2025-11-14,102,4
5965,65,2025-11-14,188,10
5966,66,2025-11-14,118,9
5967,67,2025-11-14,203,11
5968,68,2025-11-14,66,5
5969,69,2025-11-14,204,10
5970,70,2025-11-14,99,8
5971,71,2025-11-14,175,15
5972,72,2025-11-14,188,11
5973,73,2025-11-14,151,3
5974,74,2025-11-14,125,10
5975,75,2025-11-14,160,8
5976,76,2025-11-14,144,11
5977,77,2025-11-14,71,6
5978,78,2025-11-14,124,7
5979,79,2025-11-14,101,5
5980,80,2025-11-14,244,17
5981,81,2025-11-14,147,11
5982,82,2025-11-14,146,6
5983,83,2025-11-14,151,11
5984,84,2025-11-14,172,7
5985,85,2025-11-14,168,10
5986,86,2025-11-14,133,10
5987,87,2025-11-14,133,10
5988,88,2025-11-14,163,9
5989,89,2025-11-14,260,13
5990,90,2025-11-14,148,8
5991,91,2025-11-14,138,7
5992,92,2025-11-14,378,26
5993,93,2025-11-14,206,17
5994,94,2025-11-14,167,12
5995,95,2025-11-14,179,9
5996,96,2025-11-14,122,7
5997,97,2025-11-14,160,9
5998,98,2025-11-14,171,9
5999,99,2025-11-14,144,6
6000,100,2025-11-14,188,10
6001,1,2025-11-15,139,9
6002,2,2025-11-15,158,10
6003,3,2025-11-15,161,12
6004,4,2025-11-15,268,15
6005,5,2025-11-15,222,11
6006,6,2025-11-15,296,16
6007,7,2025-11-15,254,20
6008,8,2025-11-15,212,13
6009,9,2025-11-15,163,10
6010,10,2025-11-15,130,6
6011,11,2025-11-15,165,7
6012,12,2025-11-15,149,7
6013,13,2025-11-15,144,10
6014,14,2025-11-15,163,11
6015,15,2025-11-15,145,13
6016,16,2025-11-15,184,9
6017,17,2025-11-15,211,14
6018,18,2025-11-15,190,12
6019,19,2025-11-15,147,7
6020,20,2025-11-15,85,2
6021,21,2025-11-15,92,6
6022,22,2025-11-15,182,9
6023,23,2025-11-15,85,3
6024,24,2025-11-15,158,15
6025,25,2025-11-15,104,8
6026,26,2025-11-15,210,15
6027,27,2025-11-15,121,10
6028,28,2025-11-15,104,7
6029,29,2025-11-15,162,12
6030,30,2025-11-15,147,8
6031,31,2025-11-15,123,5
6032,32,2025-11-15,116,10
6033,33,2025-11-15,112,4
6034,34,2025-11-15,93,4
6035,35,2025-11-15,106,7
6036,36,2025-11-15,240,14
6037,37,2025-11-15,152,8
6038,38,2025-11-15,145,7
6039,39,2025-11-15,112,9
6040,40,2025-11-15,112,7
6041,41,2025-11-15,120,6
6042,42,2025-11-15,206,13
6043,43,2025-11-15,150,7
6044,44,2025-11-15,99,9
6045,45,2025-11-15,150,17
6046,46,2025-11-15,143,9
6047,47,2025-11-15,159,13
6048,48,2025-11-15,132,9
6049,49,2025-11-15,147,12
6050,50,2025-11-15,168,5
6051,51,2025-11-15,155,9
6052,52,2025-11-15,135,7
6053,53,2025-11-15,103,4
6054,54,2025-11-15,130,8
6055,55,2025-11-15,135,10
6056,56,2025-11-15,202,9
6057,57,2025-11-15,110,7
6058,58,2025-11-15,169,6
6059,59,2025-11-15,133,7
6060,60,2025-11-15,148,11
6061,61,2025-11-15,165,10
6062,62,2025-11-15,138,8
6063,63,2025-11-15,207,12
6064,64,2025-11-15,139,6
6065,65,2025-11-15,190,11
6066,66,2025-11-15,127,3
6067,67,2025-11-15,166,7
6068,68,2025-11-15,72,5
6069,69,2025-11-15,163,12
6070,70,2025-11-15,90,8
6071,71,2025-11-15,152,10
6072,72,2025-11-15,191,10
6073,73,2025-11-15,172,8
6074,74,2025-11-15,125,3
6075,75,2025-11-15,184,14
6076,76,2025-11-15,145,10
6077,77,2025-11-15,85,6
6078,78,2025-11-15,122,8
6079,79,2025-11-15,123,6
6080,80,2025-11-15,272,13
6081,81,2025-11-15,144,9
6082,82,2025-11-15,161,9
6083,83,2025-11-15,155,7
6084,84,2025-11-15,152,11
6085,85,2025-11-15,177,11
6086,86,2025-11-15,121,9
6087,87,2025-11-15,129,6
6088,88,2025-11-15,140,9
6089,89,2025-11-15,244,12
6090,90,2025-11-15,145,6
6091,91,2025-11-15,132,8
6092,92,2025-11-15,295,17
6093,93,2025-11-15,167,8
6094,94,2025-11-15,177,6
6095,95,2025-11-15,204,11
6096,96,2025-11-15,125,6
6097,97,2025-11-15,170,11
6098,98,2025-11-15,153,10
6099,99,2025-11-15,145,8
6100,100,2025-11-15,174,10
6101,1,2025-11-16,115,8
6102,2,2025-11-16,76,5
6103,3,2025-11-16,106,5
6104,4,2025-11-16,64,1
6105,5,2025-11-16,119,9
6106,6,2025-11-16,146,12
6107,7,2025-11-16,175,13
6108,8,2025-11-16,105,6
6109,9,2025-11-16,116,6
6110,10,2025-11-16,79,4
6111,11,2025-11-16,100,10
6112,12,2025-11-16,104,6
6113,13,2025-11-16,77,5
6114,14,2025-11-16,88,3
6115,15,2025-11-16,99,6
6116,16,2025-11-16,89,3
6117,17,2025-11-16,123,8
6118,18,2025-11-16,77,3
6119,19,2025-11-16,73,6
6120,20,2025-11-16,70,5
6121,21,2025-11-16,62,2
6122,22,2025-11-16,109,8
6123,23,2025-11-16,73,6
6124,24,2025-11-16,87,6
6125,25,2025-11-16,75,4
6126,26,2025-11-16,87,6
6127,27,2025-11-16,85,4
6128,28,2025-11-16,61,7
6129,29,2025-11-16,93,4
6130,30,2025-11-16,79,5
6131,31,2025-11-16,71,2
6132,32,2025-11-16,54,4
6133,33,2025-11-16,74,0
6134,34,2025-11-16,53,2
6135,35,2025-11-16,56,4
6136,36,2025-11-16,148,7
6137,37,2025-11-16,111,8
6138,38,2025-11-16,82,4
6139,39,2025-11-16,92,5
6140,40,2025-11-16,67,2
6141,41,2025-11-16,83,7
6142,42,2025-11-16,105,3
6143,43,2025-11-16,62,3
6144,44,2025-11-16,60,5
6145,45,2025-11-16,108,7
6146,46,2025-11-16,84,6
6147,47,2025-11-16,92,3
6148,48,2025-11-16,94,5
6149,49,2025-11-16,86,7
6150,50,2025-11-16,108,9
6151,51,2025-11-16,107,1
6152,52,2025-11-16,54,2
6153,53,2025-11-16,58,5
6154,54,2025-11-16,76,6
6155,55,2025-11-16,100,4
6156,56,2025-11-16,110,5
6157,57,2025-11-16,63,7
6158,58,2025-11-16,93,6
6159,59,2025-11-16,102,7
6160,60,2025-11-16,79,6
6161,61,2025-11-16,100,9
6162,62,2025-11-16,98,6
6163,63,2025-11-16,122,8
6164,64,2025-11-16,74,5
6165,65,2025-11-16,88,6
6166,66,2025-11-16,67,2
6167,67,2025-11-16,122,8
6168,68,2025-11-16,43,1
6169,69,2025-11-16,102,6
6170,70,2025-11-16,51,5
6171,71,2025-11-16,104,4
6172,72,2025-11-16,84,6
6173,73,2025-11-16,81,11
6174,74,2025-11-16,84,7
6175,75,2025-11-16,87,5
6176,76,2025-11-16,81,5
6177,77,2025-11-16,56,3
6178,78,2025-11-16,79,1
6179,79,2025-11-16,69,4
6180,80,2025-11-16,167,9
6181,81,2025-11-16,52,2
6182,82,2025-11-16,75,7
6183,83,2025-11-16,88,4
6184,84,2025-11-16,87,3
6185,85,2025-11-16,125,7
6186,86,2025-11-16,58,0
6187,87,2025-11-16,81,3
6188,88,2025-11-16,81,3
6189,89,2025-11-16,101,2
6190,90,2025-11-16,76,5
6191,91,2025-11-16,64,3
6192,92,2025-11-16,157,12
6193,93,2025-11-16,84,5
6194,94,2025-11-16,52,0
6195,95,2025-11-16,108,8
6196,96,2025-11-16,62,0
6197,97,2025-11-16,83,5
6198,98,2025-11-16,94,5
6199,99,2025-11-16,86,4
6200,100,2025-11-16,65,5
6201,1,2025-11-17,195,13
6202,2,2025-11-17,190,8
6203,3,2025-11-17,266,16
6204,4,2025-11-17,288,17
6205,5,2025-11-17,238,13
6206,6,2025-11-17,298,13
6207,7,2025-11-17,344,22
6208,8,2025-11-17,273,13
6209,9,2025-11-17,251,14
6210,10,2025-11-17,156,10
6211,11,2025-11-17,210,11
6212,12,2025-11-17,227,15
6213,13,2025-11-17,161,12
6214,14,2025-11-17,186,14
6215,15,2025-11-17,159,9
6216,16,2025-11-17,246,14
6217,17,2025-11-17,289,18
6218,18,2025-11-17,204,10
6219,19,2025-11-17,200,11
6220,20,2025-11-17,129,11
6221,21,2025-11-17,149,6
6222,22,2025-11-17,213,16
6223,23,2025-11-17,147,9
6224,24,2025-11-17,246,13
6225,25,2025-11-17,153,7
6226,26,2025-11-17,241,14
6227,27,2025-11-17,179,10
6228,28,2025-11-17,137,7
6229,29,2025-11-17,226,14
6230,30,2025-11-17,198,10
6231,31,2025-11-17,172,6
6232,32,2025-11-17,175,10
6233,33,2025-11-17,180,10
6234,34,2025-11-17,115,9
6235,35,2025-11-17,129,6
6236,36,2025-11-17,288,11
6237,37,2025-11-17,205,10
6238,38,2025-11-17,197,11
6239,39,2025-11-17,207,9
6240,40,2025-11-17,155,9
6241,41,2025-11-17,165,7
6242,42,2025-11-17,228,14
6243,43,2025-11-17,193,14
6244,44,2025-11-17,123,3
6245,45,2025-11-17,198,8
6246,46,2025-11-17,228,13
6247,47,2025-11-17,212,13
6248,48,2025-11-17,169,12
6249,49,2025-11-17,145,9
6250,50,2025-11-17,234,14
6251,51,2025-11-17,262,18
6252,52,2025-11-17,181,12
6253,53,2025-11-17,140,6
6254,54,2025-11-17,146,9
6255,55,2025-11-17,198,9
6256,56,2025-11-17,211,12
6257,57,2025-11-17,136,2
6258,58,2025-11-17,231,16
6259,59,2025-11-17,181,12
6260,60,2025-11-17,201,7
6261,61,2025-11-17,228,13
6262,62,2025-11-17,211,9
6263,63,2025-11-17,328,16
6264,64,2025-11-17,158,10
6265,65,2025-11-17,226,13
6266,66,2025-11-17,179,8
6267,67,2025-11-17,210,14
6268,68,2025-11-17,104,3
6269,69,2025-11-17,217,10
6270,70,2025-11-17,111,3
6271,71,2025-11-17,195,12
6272,72,2025-11-17,262,14
6273,73,2025-11-17,228,11
6274,74,2025-11-17,189,12
6275,75,2025-11-17,218,11
6276,76,2025-11-17,195,9
6277,77,2025-11-17,100,4
6278,78,2025-11-17,179,15
6279,79,2025-11-17,143,9
6280,80,2025-11-17,292,18
6281,81,2025-11-17,184,8
6282,82,2025-11-17,174,11
6283,83,2025-11-17,227,13
6284,84,2025-11-17,231,13
6285,85,2025-11-17,178,11
6286,86,2025-11-17,158,13
6287,87,2025-11-17,183,11
6288,88,2025-11-17,227,14
6289,89,2025-11-17,286,15
6290,90,2025-11-17,206,10
6291,91,2025-11-17,175,9
6292,92,2025-11-17,418,25
6293,93,2025-11-17,255,16
6294,94,2025-11-17,170,11
6295,95,2025-11-17,256,18
6296,96,2025-11-17,156,7
6297,97,2025-11-17,217,13
6298,98,2025-11-17,231,17
6299,99,2025-11-17,182,11
6300,100,2025-11-17,218,16
6301,1,2025-11-18,161,8
6302,2,2025-11-18,197,10
6303,3,2025-11-18,237,12
6304,4,2025-11-18,242,12
6305,5,2025-11-18,252,12
6306,6,2025-11-18,235,14
6307,7,2025-11-18,307,18
6308,8,2025-11-18,231,12
6309,9,2025-11-18,167,9
6310,10,2025-11-18,128,4
6311,11,2025-11-18,185,8
6312,12,2025-11-18,190,14
6313,13,2025-11-18,160,9
6314,14,2025-11-18,185,7
6315,15,2025-11-18,160,9
6316,16,2025-11-18,221,12
6317,17,2025-11-18,240,17
6318,18,2025-11-18,172,13
6319,19,2025-11-18,176,9
6320,20,2025-11-18,107,5
6321,21,2025-11-18,120,9
6322,22,2025-11-18,190,12
6323,23,2025-11-18,142,5
6324,24,2025-11-18,205,10
6325,25,2025-11-18,120,8
6326,26,2025-11-18,237,14
6327,27,2025-11-18,138,9
6328,28,2025-11-18,124,4
6329,29,2025-11-18,203,9
6330,30,2025-11-18,147,9
6331,31,2025-11-18,137,9
6332,32,2025-11-18,181,13
6333,33,2025-11-18,143,3
6334,34,2025-11-18,93,7
6335,35,2025-11-18,123,3
6336,36,2025-11-18,264,14
6337,37,2025-11-18,196,13
6338,38,2025-11-18,170,10
6339,39,2025-11-18,152,6
6340,40,2025-11-18,138,7
6341,41,2025-11-18,134,8
6342,42,2025-11-18,203,12
6343,43,2025-11-18,184,10
6344,44,2025-11-18,96,4
6345,45,2025-11-18,174,10
6346,46,2025-11-18,222,10
6347,47,2025-11-18,163,9
6348,48,2025-11-18,141,12
6349,49,2025-11-18,152,11
6350,50,2025-11-18,201,12
6351,51,2025-11-18,204,13
6352,52,2025-11-18,155,7
6353,53,2025-11-18,111,4
6354,54,2025-11-18,123,7
6355,55,2025-11-18,164,8
6356,56,2025-11-18,210,11
6357,57,2025-11-18,121,7
6358,58,2025-11-18,205,12
6359,59,2025-11-18,144,11
6360,60,2025-11-18,157,8
6361,61,2025-11-18,201,14
6362,62,2025-11-18,171,11
6363,63,2025-11-18,235,13
6364,64,2025-11-18,141,5
6365,65,2025-11-18,232,14
6366,66,2025-11-18,146,7
6367,67,2025-11-18,185,13
6368,68,2025-11-18,101,10
6369,69,2025-11-18,179,10
6370,70,2025-11-18,112,8
6371,71,2025-11-18,193,7
6372,72,2025-11-18,225,16
6373,73,2025-11-18,173,11
6374,74,2025-11-18,153,9
6375,75,2025-11-18,180,9
6376,76,2025-11-18,182,11
6377,77,2025-11-18,99,4
6378,78,2025-11-18,131,8
6379,79,2025-11-18,140,9
6380,80,2025-11-18,285,19
6381,81,2025-11-18,160,7
6382,82,2025-11-18,168,12
6383,83,2025-11-18,194,12
6384,84,2025-11-18,183,10
6385,85,2025-11-18,201,10
6386,86,2025-11-18,118,4
6387,87,2025-11-18,142,6
6388,88,2025-11-18,185,9
6389,89,2025-11-18,243,13
6390,90,2025-11-18,182,11
6391,91,2025-11-18,154,8
6392,92,2025-11-18,346,21
6393,93,2025-11-18,156,10
6394,94,2025-11-18,157,10
6395,95,2025-11-18,197,9
6396,96,2025-11-18,113,9
6397,97,2025-11-18,161,10
6398,98,2025-11-18,200,13
6399,99,2025-11-18,130,9
6400,100,2025-11-18,192,9
6401,1,2025-11-19,137,9
6402,2,2025-11-19,174,11
6403,3,2025-11-19,192,12
6404,4,2025-11-19,242,13
6405,5,2025-11-19,221,14
6406,6,2025-11-19,257,14
6407,7,2025-11-19,307,17
6408,8,2025-11-19,249,12
6409,9,2025-11-19,185,10
6410,10,2025-11-19,121,5
6411,11,2025-11-19,171,9
6412,12,2025-11-19,202,11
6413,13,2025-11-19,131,10
6414,14,2025-11-19,199,13
6415,15,2025-11-19,160,9
6416,16,2025-11-19,238,19
6417,17,2025-11-19,235,15
6418,18,2025-11-19,154,11
6419,19,2025-11-19,139,10
6420,20,2025-11-19,101,7
6421,21,2025-11-19,138,3
6422,22,2025-11-19,193,14
6423,23,2025-11-19,137,10
6424,24,2025-11-19,241,14
6425,25,2025-11-19,124,5
6426,26,2025-11-19,221,13
6427,27,2025-11-19,156,6
6428,28,2025-11-19,128,7
6429,29,2025-11-19,216,13
6430,30,2025-11-19,150,4
6431,31,2025-11-19,129,5
6432,32,2025-11-19,158,7
6433,33,2025-11-19,147,8
6434,34,2025-11-19,101,8
6435,35,2025-11-19,120,8
6436,36,2025-11-19,258,13
6437,37,2025-11-19,193,11
6438,38,2025-11-19,139,7
6439,39,2025-11-19,151,6
6440,40,2025-11-19,123,7
6441,41,2025-11-19,136,8
6442,42,2025-11-19,215,13
6443,43,2025-11-19,170,9
6444,44,2025-11-19,106,3
6445,45,2025-11-19,196,11
6446,46,2025-11-19,191,11
6447,47,2025-11-19,163,8
6448,48,2025-11-19,135,6
6449,49,2025-11-19,137,5
6450,50,2025-11-19,179,7
6451,51,2025-11-19,193,11
6452,52,2025-11-19,141,8
6453,53,2025-11-19,125,5
6454,54,2025-11-19,129,7
6455,55,2025-11-19,189,11
6456,56,2025-11-19,198,12
6457,57,2025-11-19,119,9
6458,58,2025-11-19,162,5
6459,59,2025-11-19,154,10
6460,60,2025-11-19,155,7
6461,61,2025-11-19,170,7
6462,62,2025-11-19,175,6
6463,63,2025-11-19,206,11
6464,64,2025-11-19,135,6
6465,65,2025-11-19,199,12
6466,66,2025-11-19,138,7
6467,67,2025-11-19,229,11
6468,68,2025-11-19,89,6
6469,69,2025-11-19,217,10
6470,70,2025-11-19,97,3
6471,71,2025-11-19,190,9
6472,72,2025-11-19,240,14
6473,73,2025-11-19,190,11
6474,74,2025-11-19,135,5
6475,75,2025-11-19,187,10
6476,76,2025-11-19,158,6
6477,77,2025-11-19,98,7
6478,78,2025-11-19,146,5
6479,79,2025-11-19,134,4
6480,80,2025-11-19,232,12
6481,81,2025-11-19,149,6
6482,82,2025-11-19,144,10
6483,83,2025-11-19,218,14
6484,84,2025-11-19,201,14
6485,85,2025-11-19,197,10
6486,86,2025-11-19,140,6
6487,87,2025-11-19,159,13
6488,88,2025-11-19,179,9
6489,89,2025-11-19,265,16
6490,90,2025-11-19,138,7
6491,91,2025-11-19,165,7
6492,92,2025-11-19,371,25
6493,93,2025-11-19,220,13
6494,94,2025-11-19,167,15
6495,95,2025-11-19,236,16
6496,96,2025-11-19,138,6
6497,97,2025-11-19,160,7
6498,98,2025-11-19,200,13
6499,99,2025-11-19,174,7
6500,100,2025-11-19,202,10
6501,1,2025-11-20,146,7
6502,2,2025-11-20,161,14
6503,3,2025-11-20,170,9
6504,4,2025-11-20,268,14
6505,5,2025-11-20,184,10
6506,6,2025-11-20,215,11
6507,7,2025-11-20,294,14
6508,8,2025-11-20,228,9
6509,9,2025-11-20,174,11
6510,10,2025-11-20,121,6
6511,11,2025-11-20,174,8
6512,12,2025-11-20,154,11
6513,13,2025-11-20,106,7
6514,14,2025-11-20,183,15
6515,15,2025-11-20,131,5
6516,16,2025-11-20,228,14
6517,17,2025-11-20,188,12
6518,18,2025-11-20,148,7
6519,19,2025-11-20,139,15
6520,20,2025-11-20,89,5
6521,21,2025-11-20,106,3
6522,22,2025-11-20,182,12
6523,23,2025-11-20,91,4
6524,24,2025-11-20,223,11
6525,25,2025-11-20,128,8
6526,26,2025-11-20,205,13
6527,27,2025-11-20,132,8
6528,28,2025-11-20,115,6
6529,29,2025-11-20,175,6
6530,30,2025-11-20,127,5
6531,31,2025-11-20,145,13
6532,32,2025-11-20,130,8
6533,33,2025-11-20,118,5
6534,34,2025-11-20,78,4
6535,35,2025-11-20,109,5
6536,36,2025-11-20,233,15
6537,37,2025-11-20,155,9
6538,38,2025-11-20,139,5
6539,39,2025-11-20,145,8
6540,40,2025-11-20,135,8
6541,41,2025-11-20,126,10
6542,42,2025-11-20,180,13
6543,43,2025-11-20,109,9
6544,44,2025-11-20,82,4
6545,45,2025-11-20,137,8
6546,46,2025-11-20,170,9
6547,47,2025-11-20,166,8
6548,48,2025-11-20,108,6
6549,49,2025-11-20,136,9
6550,50,2025-11-20,164,8
6551,51,2025-11-20,158,9
6552,52,2025-11-20,119,6
6553,53,2025-11-20,107,10
6554,54,2025-11-20,115,9
6555,55,2025-11-20,163,11
6556,56,2025-11-20,182,12
6557,57,2025-11-20,108,3
6558,58,2025-11-20,168,10
6559,59,2025-11-20,137,9
6560,60,2025-11-20,134,9
6561,61,2025-11-20,167,10
6562,62,2025-11-20,155,8
6563,63,2025-11-20,242,16
6564,64,2025-11-20,118,5
6565,65,2025-11-20,169,8
6566,66,2025-11-20,128,6
6567,67,2025-11-20,192,12
6568,68,2025-11-20,86,5
6569,69,2025-11-20,172,7
6570,70,2025-11-20,90,4
6571,71,2025-11-20,184,12
6572,72,2025-11-20,204,11
6573,73,2025-11-20,162,9
6574,74,2025-11-20,134,10
6575,75,2025-11-20,147,7
6576,76,2025-11-20,134,11
6577,77,2025-11-20,90,3
6578,78,2025-11-20,128,5
6579,79,2025-11-20,110,5
6580,80,2025-11-20,240,16
6581,81,2025-11-20,166,14
6582,82,2025-11-20,145,7
6583,83,2025-11-20,175,8
6584,84,2025-11-20,153,8
6585,85,2025-11-20,282,14
6586,86,2025-11-20,99,8
6587,87,2025-11-20,138,4
6588,88,2025-11-20,160,12
6589,89,2025-11-20,251,15
6590,90,2025-11-20,156,12
6591,91,2025-11-20,152,7
6592,92,2025-11-20,329,19
6593,93,2025-11-20,204,15
6594,94,2025-11-20,116,7
6595,95,2025-11-20,203,7
6596,96,2025-11-20,103,5
6597,97,2025-11-20,154,5
6598,98,2025-11-20,160,5
6599,99,2025-11-20,157,7
6600,100,2025-11-20,184,11
6601,1,2025-11-21,142,6
6602,2,2025-11-21,168,9
6603,3,2025-11-21,195,13
6604,4,2025-11-21,249,15
6605,5,2025-11-21,221,12
6606,6,2025-11-21,209,9
6607,7,2025-11-21,269,17
6608,8,2025-11-21,200,11
6609,9,2025-11-21,153,8
6610,10,2025-11-21,116,9
6611,11,2025-11-21,162,11
6612,12,2025-11-21,183,10
6613,13,2025-11-21,94,6
6614,14,2025-11-21,164,11
6615,15,2025-11-21,123,9
6616,16,2025-11-21,178,10
6617,17,2025-11-21,232,13
6618,18,2025-11-21,119,6
6619,19,2025-11-21,148,8
6620,20,2025-11-21,87,5
6621,21,2025-11-21,134,11
6622,22,2025-11-21,181,8
6623,23,2025-11-21,124,8
6624,24,2025-11-21,213,11
6625,25,2025-11-21,128,7
6626,26,2025-11-21,190,13
6627,27,2025-11-21,141,6
6628,28,2025-11-21,115,8
6629,29,2025-11-21,147,9
6630,30,2025-11-21,134,10
6631,31,2025-11-21,130,7
6632,32,2025-11-21,149,8
6633,33,2025-11-21,111,4
6634,34,2025-11-21,88,1
6635,35,2025-11-21,107,6
6636,36,2025-11-21,182,9
6637,37,2025-11-21,198,13
6638,38,2025-11-21,159,6
6639,39,2025-11-21,129,7
6640,40,2025-11-21,117,7
6641,41,2025-11-21,126,7
6642,42,2025-11-21,172,6
6643,43,2025-11-21,116,5
6644,44,2025-11-21,91,3
6645,45,2025-11-21,165,9
6646,46,2025-11-21,162,8
6647,47,2025-11-21,135,9
6648,48,2025-11-21,121,4
6649,49,2025-11-21,136,5
6650,50,2025-11-21,170,13
6651,51,2025-11-21,172,10
6652,52,2025-11-21,103,5
6653,53,2025-11-21,109,6
6654,54,2025-11-21,137,8
6655,55,2025-11-21,124,7
6656,56,2025-11-21,182,15
6657,57,2025-11-21,105,7
6658,58,2025-11-21,268,14
6659,59,2025-11-21,140,5
6660,60,2025-11-21,139,4
6661,61,2025-11-21,196,8
6662,62,2025-11-21,136,8
6663,63,2025-11-21,254,19
6664,64,2025-11-21,142,8
6665,65,2025-11-21,180,10
6666,66,2025-11-21,137,8
6667,67,2025-11-21,210,12
6668,68,2025-11-21,80,4
6669,69,2025-11-21,162,11
6670,70,2025-11-21,81,4
6671,71,2025-11-21,168,6
6672,72,2025-11-21,195,11
6673,73,2025-11-21,146,8
6674,74,2025-11-21,125,8
6675,75,2025-11-21,184,11
6676,76,2025-11-21,128,6
6677,77,2025-11-21,93,11
6678,78,2025-11-21,117,7
6679,79,2025-11-21,110,7
6680,80,2025-11-21,227,18
6681,81,2025-11-21,163,11
6682,82,2025-11-21,130,9
6683,83,2025-11-21,149,8
6684,84,2025-11-21,166,9
6685,85,2025-11-21,275,14
6686,86,2025-11-21,106,5
6687,87,2025-11-21,161,9
6688,88,2025-11-21,165,9
6689,89,2025-11-21,196,10
6690,90,2025-11-21,142,7
6691,91,2025-11-21,126,8
6692,92,2025-11-21,342,18
6693,93,2025-11-21,156,9
6694,94,2025-11-21,170,11
6695,95,2025-11-21,212,13
6696,96,2025-11-21,103,6
6697,97,2025-11-21,151,9
6698,98,2025-11-21,140,10
6699,99,2025-11-21,141,8
6700,100,2025-11-21,161,9
6701,1,2025-11-22,128,10
6702,2,2025-11-22,159,10
6703,3,2025-11-22,176,11
6704,4,2025-11-22,201,11
6705,5,2025-11-22,216,10
6706,6,2025-11-22,203,13
6707,7,2025-11-22,264,14
6708,8,2025-11-22,205,11
6709,9,2025-11-22,155,10
6710,10,2025-11-22,99,5
6711,11,2025-11-22,181,9
6712,12,2025-11-22,187,12
6713,13,2025-11-22,107,3
6714,14,2025-11-22,146,8
6715,15,2025-11-22,129,7
6716,16,2025-11-22,183,13
6717,17,2025-11-22,156,11
6718,18,2025-11-22,165,7
6719,19,2025-11-22,161,9
6720,20,2025-11-22,71,7
6721,21,2025-11-22,96,3
6722,22,2025-11-22,169,14
6723,23,2025-11-22,101,7
6724,24,2025-11-22,181,9
6725,25,2025-11-22,113,7
6726,26,2025-11-22,196,11
6727,27,2025-11-22,120,4
6728,28,2025-11-22,104,4
6729,29,2025-11-22,151,11
6730,30,2025-11-22,162,9
6731,31,2025-11-22,116,8
6732,32,2025-11-22,142,7
6733,33,2025-11-22,128,8
6734,34,2025-11-22,95,6
6735,35,2025-11-22,98,7
6736,36,2025-11-22,240,13
6737,37,2025-11-22,160,10
6738,38,2025-11-22,135,7
6739,39,2025-11-22,144,11
6740,40,2025-11-22,120,7
6741,41,2025-11-22,140,7
6742,42,2025-11-22,145,10
6743,43,2025-11-22,137,7
6744,44,2025-11-22,93,7
6745,45,2025-11-22,175,10
6746,46,2025-11-22,155,8
6747,47,2025-11-22,168,9
6748,48,2025-11-22,113,9
6749,49,2025-11-22,121,7
6750,50,2025-11-22,183,13
6751,51,2025-11-22,175,9
6752,52,2025-11-22,132,7
6753,53,2025-11-22,100,7
6754,54,2025-11-22,125,5
6755,55,2025-11-22,133,5
6756,56,2025-11-22,188,10
6757,57,2025-11-22,107,8
6758,58,2025-11-22,282,16
6759,59,2025-11-22,150,10
6760,60,2025-11-22,152,10
6761,61,2025-11-22,189,13
6762,62,2025-11-22,168,11
6763,63,2025-11-22,196,11
6764,64,2025-11-22,139,9
6765,65,2025-11-22,205,9
6766,66,2025-11-22,119,6
6767,67,2025-11-22,179,8
6768,68,2025-11-22,83,3
6769,69,2025-11-22,163,13
6770,70,2025-11-22,99,7
6771,71,2025-11-22,167,10
6772,72,2025-11-22,167,11
6773,73,2025-11-22,184,12
6774,74,2025-11-22,142,4
6775,75,2025-11-22,164,10
6776,76,2025-11-22,141,8
6777,77,2025-11-22,81,9
6778,78,2025-11-22,127,5
6779,79,2025-11-22,121,6
6780,80,2025-11-22,224,16
6781,81,2025-11-22,151,9
6782,82,2025-11-22,142,7
6783,83,2025-11-22,154,11
6784,84,2025-11-22,156,7
6785,85,2025-11-22,264,16
6786,86,2025-11-22,127,5
6787,87,2025-11-22,151,10
6788,88,2025-11-22,138,9
6789,89,2025-11-22,250,13
6790,90,2025-11-22,168,10
6791,91,2025-11-22,112,3
6792,92,2025-11-22,316,18
6793,93,2025-11-22,176,8
6794,94,2025-11-22,145,10
6795,95,2025-11-22,183,13
6796,96,2025-11-22,98,6
6797,97,2025-11-22,158,9
6798,98,2025-11-22,149,8
6799,99,2025-11-22,138,11
6800,100,2025-11-22,183,9
6801,1,2025-11-23,69,3
6802,2,2025-11-23,59,5
6803,3,2025-11-23,99,10
6804,4,2025-11-23,114,6
6805,5,2025-11-23,114,10
6806,6,2025-11-23,152,10
6807,7,2025-11-23,170,7
6808,8,2025-11-23,153,10
6809,9,2025-11-23,92,3
6810,10,2025-11-23,82,4
6811,11,2025-11-23,99,6
6812,12,2025-11-23,93,6
6813,13,2025-11-23,65,6
6814,14,2025-11-23,97,6
6815,15,2025-11-23,82,4
6816,16,2025-11-23,126,5
6817,17,2025-11-23,132,10
6818,18,2025-11-23,76,3
6819,19,2025-11-23,68,7
6820,20,2025-11-23,66,3
6821,21,2025-11-23,69,2
6822,22,2025-11-23,98,5
6823,23,2025-11-23,73,1
6824,24,2025-11-23,122,7
6825,25,2025-11-23,64,6
6826,26,2025-11-23,117,10
6827,27,2025-11-23,65,3
6828,28,2025-11-23,64,2
6829,29,2025-11-23,117,5
6830,30,2025-11-23,95,4
6831,31,2025-11-23,83,4
6832,32,2025-11-23,90,8
6833,33,2025-11-23,67,2
6834,34,2025-11-23,53,6
6835,35,2025-11-23,58,0
6836,36,2025-11-23,164,10
6837,37,2025-11-23,75,2
6838,38,2025-11-23,88,6
6839,39,2025-11-23,67,2
6840,40,2025-11-23,64,6
6841,41,2025-11-23,72,8
6842,42,2025-11-23,95,3
6843,43,2025-11-23,73,6
6844,44,2025-11-23,57,1
6845,45,2025-11-23,90,6
6846,46,2025-11-23,94,3
6847,47,2025-11-23,111,8
6848,48,2025-11-23,79,4
6849,49,2025-11-23,49,1
6850,50,2025-11-23,88,5
6851,51,2025-11-23,104,4
6852,52,2025-11-23,69,3
6853,53,2025-11-23,61,0
6854,54,2025-11-23,59,5
6855,55,2025-11-23,82,7
6856,56,2025-11-23,122,8
6857,57,2025-11-23,51,8
6858,58,2025-11-23,146,8
6859,59,2025-11-23,80,3
6860,60,2025-11-23,91,6
6861,61,2025-11-23,115,9
6862,62,2025-11-23,78,8
6863,63,2025-11-23,143,9
6864,64,2025-11-23,49,5
6865,65,2025-11-23,96,7
6866,66,2025-11-23,73,3
6867,67,2025-11-23,85,3
6868,68,2025-11-23,45,4
6869,69,2025-11-23,106,7
6870,70,2025-11-23,52,2
6871,71,2025-11-23,83,0
6872,72,2025-11-23,145,9
6873,73,2025-11-23,106,6
6874,74,2025-11-23,64,3
6875,75,2025-11-23,101,4
6876,76,2025-11-23,76,3
6877,77,2025-11-23,59,5
6878,78,2025-11-23,82,3
6879,79,2025-11-23,72,4
6880,80,2025-11-23,143,10
6881,81,2025-11-23,78,7
6882,82,2025-11-23,78,0
6883,83,2025-11-23,96,5
6884,84,2025-11-23,108,5
6885,85,2025-11-23,126,5
6886,86,2025-11-23,83,5
6887,87,2025-11-23,84,7
6888,88,2025-11-23,65,3
6889,89,2025-11-23,162,9
6890,90,2025-11-23,72,3
6891,91,2025-11-23,74,3
6892,92,2025-11-23,212,9
6893,93,2025-11-23,96,5
6894,94,2025-11-23,75,4
6895,95,2025-11-23,110,8
6896,96,2025-11-23,64,2
6897,97,2025-11-23,119,8
6898,98,2025-11-23,121,5
6899,99,2025-11-23,78,8
6900,100,2025-11-23,70,6
6901,1,2025-11-24,171,8
6902,2,2025-11-24,193,9
6903,3,2025-11-24,232,15
6904,4,2025-11-24,308,19
6905,5,2025-11-24,243,13
6906,6,2025-11-24,303,19
6907,7,2025-11-24,360,21
6908,8,2025-11-24,288,15
6909,9,2025-11-24,206,13
6910,10,2025-11-24,165,12
6911,11,2025-11-24,223,12
6912,12,2025-11-24,236,13
6913,13,2025-11-24,145,10
6914,14,2025-11-24,221,13
6915,15,2025-11-24,178,7
6916,16,2025-11-24,242,14
6917,17,2025-11-24,250,11
6918,18,2025-11-24,210,11
6919,19,2025-11-24,190,12
6920,20,2025-11-24,124,8
6921,21,2025-11-24,145,8
6922,22,2025-11-24,226,14
6923,23,2025-11-24,146,8
6924,24,2025-11-24,210,12
6925,25,2025-11-24,164,12
6926,26,2025-11-24,223,11
6927,27,2025-11-24,183,10
6928,28,2025-11-24,125,5
6929,29,2025-11-24,233,11
6930,30,2025-11-24,180,11
6931,31,2025-11-24,153,9
6932,32,2025-11-24,175,9
6933,33,2025-11-24,154,8
6934,34,2025-11-24,103,4
6935,35,2025-11-24,147,7
6936,36,2025-11-24,312,21
6937,37,2025-11-24,236,16
6938,38,2025-11-24,187,12
6939,39,2025-11-24,179,11
6940,40,2025-11-24,136,9
6941,41,2025-11-24,162,7
6942,42,2025-11-24,238,12
6943,43,2025-11-24,193,9
6944,44,2025-11-24,132,9
6945,45,2025-11-24,195,9
6946,46,2025-11-24,196,8
6947,47,2025-11-24,207,12
6948,48,2025-11-24,144,6
6949,49,2025-11-24,180,8
6950,50,2025-11-24,202,11
6951,51,2025-11-24,244,14
6952,52,2025-11-24,162,11
6953,53,2025-11-24,131,9
6954,54,2025-11-24,159,10
6955,55,2025-11-24,169,9
6956,56,2025-11-24,245,17
6957,57,2025-11-24,139,9
6958,58,2025-11-24,339,22
6959,59,2025-11-24,196,11
6960,60,2025-11-24,203,14
6961,61,2025-11-24,225,16
6962,62,2025-11-24,191,8
6963,63,2025-11-24,310,17
6964,64,2025-11-24,173,9
6965,65,2025-11-24,240,13
6966,66,2025-11-24,176,10
6967,67,2025-11-24,253,18
6968,68,2025-11-24,91,6
6969,69,2025-11-24,214,11
6970,70,2025-11-24,111,13
6971,71,2025-11-24,190,8
6972,72,2025-11-24,262,18
6973,73,2025-11-24,214,13
6974,74,2025-11-24,167,13
6975,75,2025-11-24,218,14
6976,76,2025-11-24,158,10
6977,77,2025-11-24,122,5
6978,78,2025-11-24,189,16
6979,79,2025-11-24,148,8
6980,80,2025-11-24,319,19
6981,81,2025-11-24,181,10
6982,82,2025-11-24,173,12
6983,83,2025-11-24,239,13
6984,84,2025-11-24,221,14
6985,85,2025-11-24,376,25
6986,86,2025-11-24,180,13
6987,87,2025-11-24,187,11
6988,88,2025-11-24,180,9
6989,89,2025-11-24,299,15
6990,90,2025-11-24,195,10
6991,91,2025-11-24,181,10
6992,92,2025-11-24,460,26
6993,93,2025-11-24,226,16
6994,94,2025-11-24,184,12
6995,95,2025-11-24,258,14
6996,96,2025-11-24,157,12
6997,97,2025-11-24,180,10
6998,98,2025-11-24,224,14
6999,99,2025-11-24,188,12
7000,100,2025-11-24,223,15
7001,1,2025-11-25,159,8
7002,2,2025-11-25,163,12
7003,3,2025-11-25,170,12
7004,4,2025-11-25,285,16
7005,5,2025-11-25,253,15
7006,6,2025-11-25,243,14
7007,7,2025-11-25,356,19
7008,8,2025-11-25,267,14
7009,9,2025-11-25,179,13
7010,10,2025-11-25,130,6
7011,11,2025-11-25,199,9
7012,12,2025-11-25,198,10
7013,13,2025-11-25,131,7
7014,14,2025-11-25,179,11
7015,15,2025-11-25,159,9
7016,16,2025-11-25,205,11
7017,17,2025-11-25,215,15
7018,18,2025-11-25,178,7
7019,19,2025-11-25,160,8
7020,20,2025-11-25,108,10
7021,21,2025-11-25,120,4
7022,22,2025-11-25,222,13
7023,23,2025-11-25,109,8
7024,24,2025-11-25,233,9
7025,25,2025-11-25,154,11
7026,26,2025-11-25,259,18
7027,27,2025-11-25,159,5
7028,28,2025-11-25,119,5
7029,29,2025-11-25,197,11
7030,30,2025-11-25,159,10
7031,31,2025-11-25,152,8
7032,32,2025-11-25,150,9
7033,33,2025-11-25,153,6
7034,34,2025-11-25,97,4
7035,35,2025-11-25,97,7
7036,36,2025-11-25,251,17
7037,37,2025-11-25,230,12
7038,38,2025-11-25,153,8
7039,39,2025-11-25,159,10
7040,40,2025-11-25,130,7
7041,41,2025-11-25,155,12
7042,42,2025-11-25,207,9
7043,43,2025-11-25,145,6
7044,44,2025-11-25,113,6
7045,45,2025-11-25,197,12
7046,46,2025-11-25,182,16
7047,47,2025-11-25,186,10
7048,48,2025-11-25,122,6
7049,49,2025-11-25,144,12
7050,50,2025-11-25,191,14
7051,51,2025-11-25,203,9
7052,52,2025-11-25,137,9
7053,53,2025-11-25,139,10
7054,54,2025-11-25,130,6
7055,55,2025-11-25,172,11
7056,56,2025-11-25,194,10
7057,57,2025-11-25,94,9
7058,58,2025-11-25,205,12
7059,59,2025-11-25,165,11
7060,60,2025-11-25,156,9
7061,61,2025-11-25,196,11
7062,62,2025-11-25,173,8
7063,63,2025-11-25,281,17
7064,64,2025-11-25,151,8
7065,65,2025-11-25,204,9
7066,66,2025-11-25,144,10
7067,67,2025-11-25,189,16
7068,68,2025-11-25,84,0
7069,69,2025-11-25,220,14
7070,70,2025-11-25,105,4
7071,71,2025-11-25,174,10
7072,72,2025-11-25,206,10
7073,73,2025-11-25,193,14
7074,74,2025-11-25,167,12
7075,75,2025-11-25,181,8
7076,76,2025-11-25,163,10
7077,77,2025-11-25,105,7
7078,78,2025-11-25,154,10
7079,79,2025-11-25,147,8
7080,80,2025-11-25,277,18
7081,81,2025-11-25,153,12
7082,82,2025-11-25,173,10
7083,83,2025-11-25,184,12
7084,84,2025-11-25,194,12
7085,85,2025-11-25,156,7
7086,86,2025-11-25,142,7
7087,87,2025-11-25,140,7
7088,88,2025-11-25,186,12
7089,89,2025-11-25,235,13
7090,90,2025-11-25,192,15
7091,91,2025-11-25,159,11
7092,92,2025-11-25,353,17
7093,93,2025-11-25,177,8
7094,94,2025-11-25,176,13
7095,95,2025-11-25,237,16
7096,96,2025-11-25,147,10
7097,97,2025-11-25,171,13
7098,98,2025-11-25,207,11
7099,99,2025-11-25,149,8
7100,100,2025-11-25,191,14
7101,1,2025-11-26,160,8
7102,2,2025-11-26,174,10
7103,3,2025-11-26,157,8
7104,4,2025-11-26,272,14
7105,5,2025-11-26,235,14
7106,6,2025-11-26,250,14
7107,7,2025-11-26,320,19
7108,8,2025-11-26,272,15
7109,9,2025-11-26,174,11
7110,10,2025-11-26,135,7
7111,11,2025-11-26,188,8
7112,12,2025-11-26,230,10
7113,13,2025-11-26,140,4
7114,14,2025-11-26,184,12
7115,15,2025-11-26,152,9
7116,16,2025-11-26,235,15
7117,17,2025-11-26,187,10
7118,18,2025-11-26,162,7
7119,19,2025-11-26,156,9
7120,20,2025-11-26,115,5
7121,21,2025-11-26,107,5
7122,22,2025-11-26,209,10
7123,23,2025-11-26,145,8
7124,24,2025-11-26,196,11
7125,25,2025-11-26,141,6
7126,26,2025-11-26,191,11
7127,27,2025-11-26,152,9
7128,28,2025-11-26,107,4
7129,29,2025-11-26,196,15
7130,30,2025-11-26,145,7
7131,31,2025-11-26,142,9
7132,32,2025-11-26,174,10
7133,33,2025-11-26,153,11
7134,34,2025-11-26,91,4
7135,35,2025-11-26,137,9
7136,36,2025-11-26,251,15
7137,37,2025-11-26,186,11
7138,38,2025-11-26,162,10
7139,39,2025-11-26,179,12
7140,40,2025-11-26,134,9
7141,41,2025-11-26,138,6
7142,42,2025-11-26,184,11
7143,43,2025-11-26,129,6
7144,44,2025-11-26,107,3
7145,45,2025-11-26,183,11
7146,46,2025-11-26,160,7
7147,47,2025-11-26,167,11
7148,48,2025-11-26,117,9
7149,49,2025-11-26,139,7
7150,50,2025-11-26,200,12
7151,51,2025-11-26,231,14
7152,52,2025-11-26,146,11
7153,53,2025-11-26,114,5
7154,54,2025-11-26,164,8
7155,55,2025-11-26,165,3
7156,56,2025-11-26,195,13
7157,57,2025-11-26,120,5
7158,58,2025-11-26,164,9
7159,59,2025-11-26,165,8
7160,60,2025-11-26,171,11
7161,61,2025-11-26,168,6
7162,62,2025-11-26,172,11
7163,63,2025-11-26,230,14
7164,64,2025-11-26,138,6
7165,65,2025-11-26,193,11
7166,66,2025-11-26,162,9
7167,67,2025-11-26,193,13
7168,68,2025-11-26,91,6
7169,69,2025-11-26,245,13
7170,70,2025-11-26,112,7
7171,71,2025-11-26,184,11
7172,72,2025-11-26,206,13
7173,73,2025-11-26,191,13
7174,74,2025-11-26,151,4
7175,75,2025-11-26,208,14
7176,76,2025-11-26,166,7
7177,77,2025-11-26,102,5
7178,78,2025-11-26,139,10
7179,79,2025-11-26,125,9
7180,80,2025-11-26,312,20
7181,81,2025-11-26,140,9
7182,82,2025-11-26,186,10
7183,83,2025-11-26,188,11
7184,84,2025-11-26,194,7
7185,85,2025-11-26,190,10
7186,86,2025-11-26,128,7
7187,87,2025-11-26,157,7
7188,88,2025-11-26,199,9
7189,89,2025-11-26,240,16
7190,90,2025-11-26,176,11
7191,91,2025-11-26,155,7
7192,92,2025-11-26,424,24
7193,93,2025-11-26,200,11
7194,94,2025-11-26,166,11
7195,95,2025-11-26,215,13
7196,96,2025-11-26,123,9
7197,97,2025-11-26,180,10
7198,98,2025-11-26,180,8
7199,99,2025-11-26,178,12
7200,100,2025-11-26,194,10
7201,1,2025-11-27,129,8
7202,2,2025-11-27,133,6
7203,3,2025-11-27,152,7
7204,4,2025-11-27,217,13
7205,5,2025-11-27,214,13
7206,6,2025-11-27,260,16
7207,7,2025-11-27,283,19
7208,8,2025-11-27,240,10
7209,9,2025-11-27,166,10
7210,10,2025-11-27,130,10
7211,11,2025-11-27,166,9
7212,12,2025-11-27,140,7
7213,13,2025-11-27,107,3
7214,14,2025-11-27,167,7
7215,15,2025-11-27,111,4
7216,16,2025-11-27,168,7
7217,17,2025-11-27,169,12
7218,18,2025-11-27,171,9
7219,19,2025-11-27,146,6
7220,20,2025-11-27,103,6
7221,21,2025-11-27,115,4
7222,22,2025-11-27,176,9
7223,23,2025-11-27,97,6
7224,24,2025-11-27,182,10
7225,25,2025-11-27,116,5
7226,26,2025-11-27,173,10
7227,27,2025-11-27,167,11
7228,28,2025-11-27,105,7
7229,29,2025-11-27,161,10
7230,30,2025-11-27,113,3
7231,31,2025-11-27,144,9
7232,32,2025-11-27,144,7
7233,33,2025-11-27,108,4
7234,34,2025-11-27,91,4
7235,35,2025-11-27,105,6
7236,36,2025-11-27,296,16
7237,37,2025-11-27,173,12
7238,38,2025-11-27,132,7
7239,39,2025-11-27,123,6
7240,40,2025-11-27,117,7
7241,41,2025-11-27,128,6
7242,42,2025-11-27,203,12
7243,43,2025-11-27,155,5
7244,44,2025-11-27,108,7
7245,45,2025-11-27,160,10
7246,46,2025-11-27,159,10
7247,47,2025-11-27,151,9
7248,48,2025-11-27,139,10
7249,49,2025-11-27,146,7
7250,50,2025-11-27,153,8
7251,51,2025-11-27,192,15
7252,52,2025-11-27,122,11
7253,53,2025-11-27,114,4
7254,54,2025-11-27,114,7
7255,55,2025-11-27,135,4
7256,56,2025-11-27,170,8
7257,57,2025-11-27,106,5
7258,58,2025-11-27,164,10
7259,59,2025-11-27,119,5
7260,60,2025-11-27,144,11
7261,61,2025-11-27,184,12
7262,62,2025-11-27,140,6
7263,63,2025-11-27,192,15
7264,64,2025-11-27,140,10
7265,65,2025-11-27,190,13
7266,66,2025-11-27,133,8
7267,67,2025-11-27,178,11
7268,68,2025-11-27,89,5
7269,69,2025-11-27,196,11
7270,70,2025-11-27,106,8
7271,71,2025-11-27,165,9
7272,72,2025-11-27,207,12
7273,73,2025-11-27,166,10
7274,74,2025-11-27,117,6
7275,75,2025-11-27,172,9
7276,76,2025-11-27,138,5
7277,77,2025-11-27,83,1
7278,78,2025-11-27,138,8
7279,79,2025-11-27,98,3
7280,80,2025-11-27,193,13
7281,81,2025-11-27,150,8
7282,82,2025-11-27,168,12
7283,83,2025-11-27,198,13
7284,84,2025-11-27,173,11
7285,85,2025-11-27,158,12
7286,86,2025-11-27,125,8
7287,87,2025-11-27,139,9
7288,88,2025-11-27,138,9
7289,89,2025-11-27,212,11
7290,90,2025-11-27,152,10
7291,91,2025-11-27,139,5
7292,92,2025-11-27,319,18
7293,93,2025-11-27,184,11
7294,94,2025-11-27,150,9
7295,95,2025-11-27,163,7
7296,96,2025-11-27,109,0
7297,97,2025-11-27,128,8
7298,98,2025-11-27,164,11
7299,99,2025-11-27,153,7
7300,100,2025-11-27,145,8
7301,1,2025-11-28,144,9
7302,2,2025-11-28,149,9
7303,3,2025-11-28,181,8
7304,4,2025-11-28,288,16
7305,5,2025-11-28,202,15
7306,6,2025-11-28,227,14
7307,7,2025-11-28,274,16
7308,8,2025-11-28,222,12
7309,9,2025-11-28,187,8
7310,10,2025-11-28,128,8
7311,11,2025-11-28,172,11
7312,12,2025-11-28,179,10
7313,13,2025-11-28,116,8
7314,14,2025-11-28,134,9
7315,15,2025-11-28,129,9
7316,16,2025-11-28,198,14
7317,17,2025-11-28,195,12
7318,18,2025-11-28,181,7
7319,19,2025-11-28,155,8
7320,20,2025-11-28,91,7
7321,21,2025-11-28,99,7
7322,22,2025-11-28,157,8
7323,23,2025-11-28,127,9
7324,24,2025-11-28,178,10
7325,25,2025-11-28,110,8
7326,26,2025-11-28,173,12
7327,27,2025-11-28,121,7
7328,28,2025-11-28,112,11
7329,29,2025-11-28,163,9
7330,30,2025-11-28,149,9
7331,31,2025-11-28,116,8
7332,32,2025-11-28,131,13
7333,33,2025-11-28,136,8
7334,34,2025-11-28,94,4
7335,35,2025-11-28,112,7
7336,36,2025-11-28,215,14
7337,37,2025-11-28,161,5
7338,38,2025-11-28,162,10
7339,39,2025-11-28,122,9
7340,40,2025-11-28,115,5
7341,41,2025-11-28,128,10
7342,42,2025-11-28,173,9
7343,43,2025-11-28,152,8
7344,44,2025-11-28,98,6
7345,45,2025-11-28,191,11
7346,46,2025-11-28,160,10
7347,47,2025-11-28,175,10
7348,48,2025-11-28,117,4
7349,49,2025-11-28,137,11
7350,50,2025-11-28,128,6
7351,51,2025-11-28,161,12
7352,52,2025-11-28,122,5
7353,53,2025-11-28,114,4
7354,54,2025-11-28,126,1
7355,55,2025-11-28,132,9
7356,56,2025-11-28,167,13
7357,57,2025-11-28,99,5
7358,58,2025-11-28,174,11
7359,59,2025-11-28,150,6
7360,60,2025-11-28,151,11
7361,61,2025-11-28,167,10
7362,62,2025-11-28,144,15
7363,63,2025-11-28,202,10
7364,64,2025-11-28,123,7
7365,65,2025-11-28,168,8
7366,66,2025-11-28,130,7
7367,67,2025-11-28,192,11
7368,68,2025-11-28,77,7
7369,69,2025-11-28,157,10
7370,70,2025-11-28,97,6
7371,71,2025-11-28,158,10
7372,72,2025-11-28,178,7
7373,73,2025-11-28,201,13
7374,74,2025-11-28,128,8
7375,75,2025-11-28,142,6
7376,76,2025-11-28,121,1
7377,77,2025-11-28,99,4
7378,78,2025-11-28,131,7
7379,79,2025-11-28,109,7
7380,80,2025-11-28,226,10
7381,81,2025-11-28,137,8
7382,82,2025-11-28,143,6
7383,83,2025-11-28,192,10
7384,84,2025-11-28,171,10
7385,85,2025-11-28,170,11
7386,86,2025-11-28,143,9
7387,87,2025-11-28,142,6
7388,88,2025-11-28,167,7
7389,89,2025-11-28,213,16
7390,90,2025-11-28,155,9
7391,91,2025-11-28,126,6
7392,92,2025-11-28,310,20
7393,93,2025-11-28,156,8
7394,94,2025-11-28,167,8
7395,95,2025-11-28,193,16
7396,96,2025-11-28,124,5
7397,97,2025-11-28,168,7
7398,98,2025-11-28,183,11
7399,99,2025-11-28,149,7
7400,100,2025-11-28,189,11
7401,1,2025-11-29,125,8
7402,2,2025-11-29,132,5
7403,3,2025-11-29,183,9
7404,4,2025-11-29,223,13
7405,5,2025-11-29,202,13
7406,6,2025-11-29,197,14
7407,7,2025-11-29,313,19
7408,8,2025-11-29,240,15
7409,9,2025-11-29,168,5
7410,10,2025-11-29,112,8
7411,11,2025-11-29,151,9
7412,12,2025-11-29,174,11
7413,13,2025-11-29,122,11
7414,14,2025-11-29,169,7
7415,15,2025-11-29,144,4
7416,16,2025-11-29,202,12
7417,17,2025-11-29,183,10
7418,18,2025-11-29,176,10
7419,19,2025-11-29,148,10
7420,20,2025-11-29,92,6
7421,21,2025-11-29,131,6
7422,22,2025-11-29,193,9
7423,23,2025-11-29,103,3
7424,24,2025-11-29,198,11
7425,25,2025-11-29,116,8
7426,26,2025-11-29,180,9
7427,27,2025-11-29,128,9
7428,28,2025-11-29,82,5
7429,29,2025-11-29,291,17
7430,30,2025-11-29,118,7
7431,31,2025-11-29,129,7
7432,32,2025-11-29,139,13
7433,33,2025-11-29,129,8
7434,34,2025-11-29,90,6
7435,35,2025-11-29,112,7
7436,36,2025-11-29,227,13
7437,37,2025-11-29,179,10
7438,38,2025-11-29,143,8
7439,39,2025-11-29,133,3
7440,40,2025-11-29,111,6
7441,41,2025-11-29,118,7
7442,42,2025-11-29,184,9
7443,43,2025-11-29,143,5
7444,44,2025-11-29,92,6
7445,45,2025-11-29,169,7
7446,46,2025-11-29,168,9
7447,47,2025-11-29,142,6
7448,48,2025-11-29,125,7
7449,49,2025-11-29,134,9
7450,50,2025-11-29,160,5
7451,51,2025-11-29,173,10
7452,52,2025-11-29,140,6
7453,53,2025-11-29,108,5
7454,54,2025-11-29,102,8
7455,55,2025-11-29,149,9
7456,56,2025-11-29,194,11
7457,57,2025-11-29,106,5
7458,58,2025-11-29,160,8
7459,59,2025-11-29,130,5
7460,60,2025-11-29,140,9
7461,61,2025-11-29,176,8
7462,62,2025-11-29,129,8
7463,63,2025-11-29,219,11
7464,64,2025-11-29,126,7
7465,65,2025-11-29,229,14
7466,66,2025-11-29,126,9
7467,67,2025-11-29,168,11
7468,68,2025-11-29,69,5
7469,69,2025-11-29,162,10
7470,70,2025-11-29,82,7
7471,71,2025-11-29,164,8
7472,72,2025-11-29,202,10
7473,73,2025-11-29,205,12
7474,74,2025-11-29,130,6
7475,75,2025-11-29,145,8
7476,76,2025-11-29,121,3
7477,77,2025-11-29,93,4
7478,78,2025-11-29,140,7
7479,79,2025-11-29,101,8
7480,80,2025-11-29,240,14
7481,81,2025-11-29,162,10
7482,82,2025-11-29,125,5
7483,83,2025-11-29,184,12
7484,84,2025-11-29,172,12
7485,85,2025-11-29,136,13
7486,86,2025-11-29,109,5
7487,87,2025-11-29,130,8
7488,88,2025-11-29,155,11
7489,89,2025-11-29,279,16
7490,90,2025-11-29,157,6
7491,91,2025-11-29,141,6
7492,92,2025-11-29,301,14
7493,93,2025-11-29,192,15
7494,94,2025-11-29,139,6
7495,95,2025-11-29,194,8
7496,96,2025-11-29,125,7
7497,97,2025-11-29,154,8
7498,98,2025-11-29,161,9
7499,99,2025-11-29,134,9
7500,100,2025-11-29,172,12
7501,1,2025-11-30,103,5
7502,2,2025-11-30,93,2
7503,3,2025-11-30,100,5
7504,4,2025-11-30,130,8
7505,5,2025-11-30,141,8
7506,6,2025-11-30,122,7
7507,7,2025-11-30,181,10
7508,8,2025-11-30,129,10
7509,9,2025-11-30,79,3
7510,10,2025-11-30,58,2
7511,11,2025-11-30,99,8
7512,12,2025-11-30,107,6
7513,13,2025-11-30,72,3
7514,14,2025-11-30,98,4
7515,15,2025-11-30,52,3
7516,16,2025-11-30,118,4
7517,17,2025-11-30,93,8
7518,18,2025-11-30,85,4
7519,19,2025-11-30,70,3
7520,20,2025-11-30,64,7
7521,21,2025-11-30,56,8
7522,22,2025-11-30,99,7
7523,23,2025-11-30,44,1
7524,24,2025-11-30,118,7
7525,25,2025-11-30,84,5
7526,26,2025-11-30,109,6
7527,27,2025-11-30,63,5
7528,28,2025-11-30,60,7
7529,29,2025-11-30,145,3
7530,30,2025-11-30,94,3
7531,31,2025-11-30,65,2
7532,32,2025-11-30,37,3
7533,33,2025-11-30,76,3
7534,34,2025-11-30,38,1
7535,35,2025-11-30,77,4
7536,36,2025-11-30,131,8
7537,37,2025-11-30,85,3
7538,38,2025-11-30,86,0
7539,39,2025-11-30,94,1
7540,40,2025-11-30,61,2
7541,41,2025-11-30,66,3
7542,42,2025-11-30,118,7
7543,43,2025-11-30,92,7
7544,44,2025-11-30,52,2
7545,45,2025-11-30,77,4
7546,46,2025-11-30,75,5
7547,47,2025-11-30,105,3
7548,48,2025-11-30,58,4
7549,49,2025-11-30,68,6
7550,50,2025-11-30,80,6
7551,51,2025-11-30,100,7
7552,52,2025-11-30,89,8
7553,53,2025-11-30,72,5
7554,54,2025-11-30,75,4
7555,55,2025-11-30,85,5
7556,56,2025-11-30,138,7
7557,57,2025-11-30,71,3
7558,58,2025-11-30,117,6
7559,59,2025-11-30,62,5
7560,60,2025-11-30,60,1
7561,61,2025-11-30,102,1
7562,62,2025-11-30,67,2
7563,63,2025-11-30,145,7
7564,64,2025-11-30,81,5
7565,65,2025-11-30,97,4
7566,66,2025-11-30,80,3
7567,67,2025-11-30,117,6
7568,68,2025-11-30,38,1
7569,69,2025-11-30,109,7
7570,70,2025-11-30,31,1
7571,71,2025-11-30,110,9
7572,72,2025-11-30,111,7
7573,73,2025-11-30,125,7
7574,74,2025-11-30,76,4
7575,75,2025-11-30,147,4
7576,76,2025-11-30,65,1
7577,77,2025-11-30,49,1
7578,78,2025-11-30,78,3
7579,79,2025-11-30,56,2
7580,80,2025-11-30,152,8
7581,81,2025-11-30,64,2
7582,82,2025-11-30,97,1
7583,83,2025-11-30,112,6
7584,84,2025-11-30,100,8
7585,85,2025-11-30,96,5
7586,86,2025-11-30,72,3
7587,87,2025-11-30,67,5
7588,88,2025-11-30,114,9
7589,89,2025-11-30,161,8
7590,90,2025-11-30,91,6
7591,91,2025-11-30,72,4
7592,92,2025-11-30,220,13
7593,93,2025-11-30,93,4
7594,94,2025-11-30,84,1
7595,95,2025-11-30,142,10
7596,96,2025-11-30,72,4
7597,97,2025-11-30,88,8
7598,98,2025-11-30,92,4
7599,99,2025-11-30,65,3
7600,100,2025-11-30,90,3
7601,1,2025-12-01,191,9
7602,2,2025-12-01,201,13
7603,3,2025-12-01,234,16
7604,4,2025-12-01,309,18
7605,5,2025-12-01,297,18
7606,6,2025-12-01,260,12
7607,7,2025-12-01,353,22
7608,8,2025-12-01,261,15
7609,9,2025-12-01,214,11
7610,10,2025-12-01,159,8
7611,11,2025-12-01,207,11
7612,12,2025-12-01,242,16
7613,13,2025-12-01,162,9
7614,14,2025-12-01,208,14
7615,15,2025-12-01,179,7
7616,16,2025-12-01,238,15
7617,17,2025-12-01,284,11
7618,18,2025-12-01,208,15
7619,19,2025-12-01,174,10
7620,20,2025-12-01,121,3
7621,21,2025-12-01,141,6
7622,22,2025-12-01,228,15
7623,23,2025-12-01,143,7
7624,24,2025-12-01,233,12
7625,25,2025-12-01,135,6
7626,26,2025-12-01,258,14
7627,27,2025-12-01,200,11
7628,28,2025-12-01,132,8
7629,29,2025-12-01,376,23
7630,30,2025-12-01,196,8
7631,31,2025-12-01,150,8
7632,32,2025-12-01,167,10
7633,33,2025-12-01,186,10
7634,34,2025-12-01,115,9
7635,35,2025-12-01,145,8
7636,36,2025-12-01,304,22
7637,37,2025-12-01,260,13
7638,38,2025-12-01,184,13
7639,39,2025-12-01,175,9
7640,40,2025-12-01,160,11
7641,41,2025-12-01,169,11
7642,42,2025-12-01,235,14
7643,43,2025-12-01,194,11
7644,44,2025-12-01,107,7
7645,45,2025-12-01,211,10
7646,46,2025-12-01,212,14
7647,47,2025-12-01,198,11
7648,48,2025-12-01,165,11
7649,49,2025-12-01,158,8
7650,50,2025-12-01,232,12
7651,51,2025-12-01,226,11
7652,52,2025-12-01,155,10
7653,53,2025-12-01,151,7
7654,54,2025-12-01,141,9
7655,55,2025-12-01,196,12
7656,56,2025-12-01,277,18
7657,57,2025-12-01,138,9
7658,58,2025-12-01,228,12
7659,59,2025-12-01,162,12
7660,60,2025-12-01,168,8
7661,61,2025-12-01,205,8
7662,62,2025-12-01,178,10
7663,63,2025-12-01,238,15
7664,64,2025-12-01,159,8
7665,65,2025-12-01,254,15
7666,66,2025-12-01,155,9
7667,67,2025-12-01,226,14
7668,68,2025-12-01,103,9
7669,69,2025-12-01,230,12
7670,70,2025-12-01,101,1
7671,71,2025-12-01,185,13
7672,72,2025-12-01,273,15
7673,73,2025-12-01,232,10
7674,74,2025-12-01,183,9
7675,75,2025-12-01,335,20
7676,76,2025-12-01,188,16
7677,77,2025-12-01,117,3
7678,78,2025-12-01,176,10
7679,79,2025-12-01,139,4
7680,80,2025-12-01,288,13
7681,81,2025-12-01,190,12
7682,82,2025-12-01,179,11
7683,83,2025-12-01,234,11
7684,84,2025-12-01,207,15
7685,85,2025-12-01,218,13
7686,86,2025-12-01,162,12
7687,87,2025-12-01,186,9
7688,88,2025-12-01,227,13
7689,89,2025-12-01,363,20
7690,90,2025-12-01,186,11
7691,91,2025-12-01,186,10
7692,92,2025-12-01,428,25
7693,93,2025-12-01,228,15
7694,94,2025-12-01,197,12
7695,95,2025-12-01,258,16
7696,96,2025-12-01,152,10
7697,97,2025-12-01,224,15
7698,98,2025-12-01,215,10
7699,99,2025-12-01,205,12
7700,100,2025-12-01,237,12
7701,1,2025-12-02,154,8
7702,2,2025-12-02,175,10
7703,3,2025-12-02,223,13
7704,4,2025-12-02,248,14
7705,5,2025-12-02,225,15
7706,6,2025-12-02,241,10
7707,7,2025-12-02,302,18
7708,8,2025-12-02,232,15
7709,9,2025-12-02,190,11
7710,10,2025-12-02,122,4
7711,11,2025-12-02,177,11
7712,12,2025-12-02,196,7
7713,13,2025-12-02,125,9
7714,14,2025-12-02,165,8
7715,15,2025-12-02,151,8
7716,16,2025-12-02,201,12
7717,17,2025-12-02,224,10
7718,18,2025-12-02,165,11
7719,19,2025-12-02,161,8
7720,20,2025-12-02,116,8
7721,21,2025-12-02,124,9
7722,22,2025-12-02,188,14
7723,23,2025-12-02,123,5
7724,24,2025-12-02,200,9
7725,25,2025-12-02,139,12
7726,26,2025-12-02,212,13
7727,27,2025-12-02,159,10
7728,28,2025-12-02,114,6
7729,29,2025-12-02,324,18
7730,30,2025-12-02,168,11
7731,31,2025-12-02,142,4
7732,32,2025-12-02,141,9
7733,33,2025-12-02,166,6
7734,34,2025-12-02,96,5
7735,35,2025-12-02,120,9
7736,36,2025-12-02,242,14
7737,37,2025-12-02,196,10
7738,38,2025-12-02,177,13
7739,39,2025-12-02,152,5
7740,40,2025-12-02,127,7
7741,41,2025-12-02,173,10
7742,42,2025-12-02,173,11
7743,43,2025-12-02,162,8
7744,44,2025-12-02,101,6
7745,45,2025-12-02,212,16
7746,46,2025-12-02,168,13
7747,47,2025-12-02,182,13
7748,48,2025-12-02,135,10
7749,49,2025-12-02,150,8
7750,50,2025-12-02,193,11
7751,51,2025-12-02,202,10
7752,52,2025-12-02,140,7
7753,53,2025-12-02,101,8
7754,54,2025-12-02,131,7
7755,55,2025-12-02,175,8
7756,56,2025-12-02,211,14
7757,57,2025-12-02,117,4
7758,58,2025-12-02,190,8
7759,59,2025-12-02,177,13
7760,60,2025-12-02,163,13
7761,61,2025-12-02,207,13
7762,62,2025-12-02,189,9
7763,63,2025-12-02,223,16
7764,64,2025-12-02,120,7
7765,65,2025-12-02,236,13
7766,66,2025-12-02,153,9
7767,67,2025-12-02,205,13
7768,68,2025-12-02,92,7
7769,69,2025-12-02,202,12
7770,70,2025-12-02,101,6
7771,71,2025-12-02,179,10
7772,72,2025-12-02,214,13
7773,73,2025-12-02,158,11
7774,74,2025-12-02,135,11
7775,75,2025-12-02,306,15
7776,76,2025-12-02,144,10
7777,77,2025-12-02,119,4
7778,78,2025-12-02,170,12
7779,79,2025-12-02,139,7
7780,80,2025-12-02,282,18
7781,81,2025-12-02,135,8
7782,82,2025-12-02,144,7
7783,83,2025-12-02,193,10
7784,84,2025-12-02,189,11
7785,85,2025-12-02,198,12
7786,86,2025-12-02,139,8
7787,87,2025-12-02,147,9
7788,88,2025-12-02,178,13
7789,89,2025-12-02,294,17
7790,90,2025-12-02,169,11
7791,91,2025-12-02,155,10
7792,92,2025-12-02,377,23
7793,93,2025-12-02,179,8
7794,94,2025-12-02,167,10
7795,95,2025-12-02,257,17
7796,96,2025-12-02,131,8
7797,97,2025-12-02,162,12
7798,98,2025-12-02,178,7
7799,99,2025-12-02,165,5
7800,100,2025-12-02,206,18
7801,1,2025-12-03,155,8
7802,2,2025-12-03,153,7
7803,3,2025-12-03,168,9
7804,4,2025-12-03,259,12
7805,5,2025-12-03,212,11
7806,6,2025-12-03,267,17
7807,7,2025-12-03,256,17
7808,8,2025-12-03,212,12
7809,9,2025-12-03,169,10
7810,10,2025-12-03,132,7
7811,11,2025-12-03,179,10
7812,12,2025-12-03,217,12
7813,13,2025-12-03,124,10
7814,14,2025-12-03,200,10
7815,15,2025-12-03,151,12
7816,16,2025-12-03,221,16
7817,17,2025-12-03,251,17
7818,18,2025-12-03,162,8
7819,19,2025-12-03,130,7
7820,20,2025-12-03,103,5
7821,21,2025-12-03,122,7
7822,22,2025-12-03,202,11
7823,23,2025-12-03,119,6
7824,24,2025-12-03,186,10
7825,25,2025-12-03,137,9
7826,26,2025-12-03,224,13
7827,27,2025-12-03,146,7
7828,28,2025-12-03,119,9
7829,29,2025-12-03,323,18
7830,30,2025-12-03,162,10
7831,31,2025-12-03,140,10
7832,32,2025-12-03,135,8
7833,33,2025-12-03,149,9
7834,34,2025-12-03,107,8
7835,35,2025-12-03,109,4
7836,36,2025-12-03,265,15
7837,37,2025-12-03,212,10
7838,38,2025-12-03,153,9
7839,39,2025-12-03,158,5
7840,40,2025-12-03,139,5
7841,41,2025-12-03,147,8
7842,42,2025-12-03,195,9
7843,43,2025-12-03,180,9
7844,44,2025-12-03,94,6
7845,45,2025-12-03,168,11
7846,46,2025-12-03,196,9
7847,47,2025-12-03,182,12
7848,48,2025-12-03,135,6
7849,49,2025-12-03,160,9
7850,50,2025-12-03,177,11
7851,51,2025-12-03,174,10
7852,52,2025-12-03,154,10
7853,53,2025-12-03,113,6
7854,54,2025-12-03,122,6
7855,55,2025-12-03,155,5
7856,56,2025-12-03,236,15
7857,57,2025-12-03,110,5
7858,58,2025-12-03,205,13
7859,59,2025-12-03,161,6
7860,60,2025-12-03,131,7
7861,61,2025-12-03,153,10
7862,62,2025-12-03,167,9
7863,63,2025-12-03,288,17
7864,64,2025-12-03,145,8
7865,65,2025-12-03,189,11
7866,66,2025-12-03,170,9
7867,67,2025-12-03,226,11
7868,68,2025-12-03,86,5
7869,69,2025-12-03,199,14
7870,70,2025-12-03,86,5
7871,71,2025-12-03,185,11
7872,72,2025-12-03,224,16
7873,73,2025-12-03,202,14
7874,74,2025-12-03,122,7
7875,75,2025-12-03,318,17
7876,76,2025-12-03,170,8
7877,77,2025-12-03,106,5
7878,78,2025-12-03,142,9
7879,79,2025-12-03,129,6
7880,80,2025-12-03,276,13
7881,81,2025-12-03,133,6
7882,82,2025-12-03,157,7
7883,83,2025-12-03,190,12
7884,84,2025-12-03,174,14
7885,85,2025-12-03,182,8
7886,86,2025-12-03,144,8
7887,87,2025-12-03,152,7
7888,88,2025-12-03,170,5
7889,89,2025-12-03,245,18
7890,90,2025-12-03,156,9
7891,91,2025-12-03,139,9
7892,92,2025-12-03,435,23
7893,93,2025-12-03,238,13
7894,94,2025-12-03,163,11
7895,95,2025-12-03,217,15
7896,96,2025-12-03,143,6
7897,97,2025-12-03,147,8
7898,98,2025-12-03,173,12
7899,99,2025-12-03,152,9
7900,100,2025-12-03,167,8
7901,1,2025-12-04,130,8
7902,2,2025-12-04,132,7
7903,3,2025-12-04,165,10
7904,4,2025-12-04,203,12
7905,5,2025-12-04,214,13
7906,6,2025-12-04,195,15
7907,7,2025-12-04,279,17
7908,8,2025-12-04,221,13
7909,9,2025-12-04,156,6
7910,10,2025-12-04,146,10
7911,11,2025-12-04,145,10
7912,12,2025-12-04,175,8
7913,13,2025-12-04,102,11
7914,14,2025-12-04,153,12
7915,15,2025-12-04,129,6
7916,16,2025-12-04,221,14
7917,17,2025-12-04,219,14
7918,18,2025-12-04,140,10
7919,19,2025-12-04,152,12
7920,20,2025-12-04,88,7
7921,21,2025-12-04,120,6
7922,22,2025-12-04,183,10
7923,23,2025-12-04,103,6
7924,24,2025-12-04,184,10
7925,25,2025-12-04,129,8
7926,26,2025-12-04,188,13
7927,27,2025-12-04,137,8
7928,28,2025-12-04,102,7
7929,29,2025-12-04,152,9
7930,30,2025-12-04,155,6
7931,31,2025-12-04,118,7
7932,32,2025-12-04,144,7
7933,33,2025-12-04,121,7
7934,34,2025-12-04,78,7
7935,35,2025-12-04,120,9
7936,36,2025-12-04,192,14
7937,37,2025-12-04,190,10
7938,38,2025-12-04,153,10
7939,39,2025-12-04,132,8
7940,40,2025-12-04,99,2
7941,41,2025-12-04,119,7
7942,42,2025-12-04,154,8
7943,43,2025-12-04,154,8
7944,44,2025-12-04,102,0
7945,45,2025-12-04,168,8
7946,46,2025-12-04,165,4
7947,47,2025-12-04,171,8
7948,48,2025-12-04,124,11
7949,49,2025-12-04,162,7
7950,50,2025-12-04,142,12
7951,51,2025-12-04,198,8
7952,52,2025-12-04,93,8
7953,53,2025-12-04,117,5
7954,54,2025-12-04,102,5
7955,55,2025-12-04,111,6
7956,56,2025-12-04,195,8
7957,57,2025-12-04,109,5
7958,58,2025-12-04,162,10
7959,59,2025-12-04,150,10
7960,60,2025-12-04,160,9
7961,61,2025-12-04,176,13
7962,62,2025-12-04,126,7
7963,63,2025-12-04,218,10
7964,64,2025-12-04,135,8
7965,65,2025-12-04,201,9
7966,66,2025-12-04,149,7
7967,67,2025-12-04,171,10
7968,68,2025-12-04,76,2
7969,69,2025-12-04,163,12
7970,70,2025-12-04,84,4
7971,71,2025-12-04,166,13
7972,72,2025-12-04,216,14
7973,73,2025-12-04,188,11
7974,74,2025-12-04,123,8
7975,75,2025-12-04,263,13
7976,76,2025-12-04,119,8
7977,77,2025-12-04,95,7
7978,78,2025-12-04,129,8
7979,79,2025-12-04,104,5
7980,80,2025-12-04,226,17
7981,81,2025-12-04,136,7
7982,82,2025-12-04,144,6
7983,83,2025-12-04,120,7
7984,84,2025-12-04,158,10
7985,85,2025-12-04,180,11
7986,86,2025-12-04,135,7
7987,87,2025-12-04,128,0
7988,88,2025-12-04,157,6
7989,89,2025-12-04,225,11
7990,90,2025-12-04,174,9
7991,91,2025-12-04,139,7
7992,92,2025-12-04,377,24
7993,93,2025-12-04,169,13
7994,94,2025-12-04,130,7
7995,95,2025-12-04,188,11
7996,96,2025-12-04,106,7
7997,97,2025-12-04,135,8
7998,98,2025-12-04,146,8
7999,99,2025-12-04,143,9
8000,100,2025-12-04,156,9
8001,1,2025-12-05,130,8
8002,2,2025-12-05,136,8
8003,3,2025-12-05,187,10
8004,4,2025-12-05,233,12
8005,5,2025-12-05,184,9
8006,6,2025-12-05,247,14
8007,7,2025-12-05,248,16
8008,8,2025-12-05,216,12
8009,9,2025-12-05,154,7
8010,10,2025-12-05,121,8
8011,11,2025-12-05,161,9
8012,12,2025-12-05,190,13
8013,13,2025-12-05,125,8
8014,14,2025-12-05,161,8
8015,15,2025-12-05,124,3
8016,16,2025-12-05,194,10
8017,17,2025-12-05,176,6
8018,18,2025-12-05,147,7
8019,19,2025-12-05,171,9
8020,20,2025-12-05,94,5
8021,21,2025-12-05,102,6
8022,22,2025-12-05,196,8
8023,23,2025-12-05,124,7
8024,24,2025-12-05,170,9
8025,25,2025-12-05,110,6
8026,26,2025-12-05,178,11
8027,27,2025-12-05,124,10
8028,28,2025-12-05,112,5
8029,29,2025-12-05,186,6
8030,30,2025-12-05,127,7
8031,31,2025-12-05,133,7
8032,32,2025-12-05,154,7
8033,33,2025-12-05,101,5
8034,34,2025-12-05,87,6
8035,35,2025-12-05,118,5
8036,36,2025-12-05,285,12
8037,37,2025-12-05,186,13
8038,38,2025-12-05,132,7
8039,39,2025-12-05,136,8
8040,40,2025-12-05,116,11
8041,41,2025-12-05,119,8
8042,42,2025-12-05,129,6
8043,43,2025-12-05,149,9
8044,44,2025-12-05,102,4
8045,45,2025-12-05,170,9
8046,46,2025-12-05,149,9
8047,47,2025-12-05,133,5
8048,48,2025-12-05,134,10
8049,49,2025-12-05,111,6
8050,50,2025-12-05,159,7
8051,51,2025-12-05,149,9
8052,52,2025-12-05,118,7
8053,53,2025-12-05,157,8
8054,54,2025-12-05,124,6
8055,55,2025-12-05,156,10
8056,56,2025-12-05,178,10
8057,57,2025-12-05,101,7
8058,58,2025-12-05,191,11
8059,59,2025-12-05,152,9
8060,60,2025-12-05,124,6
8061,61,2025-12-05,163,15
8062,62,2025-12-05,153,8
8063,63,2025-12-05,224,12
8064,64,2025-12-05,134,9
8065,65,2025-12-05,188,11
8066,66,2025-12-05,132,8
8067,67,2025-12-05,146,9
8068,68,2025-12-05,74,4
8069,69,2025-12-05,168,12
8070,70,2025-12-05,79,4
8071,71,2025-12-05,142,9
8072,72,2025-12-05,200,11
8073,73,2025-12-05,186,11
8074,74,2025-12-05,119,9
8075,75,2025-12-05,177,8
8076,76,2025-12-05,169,9
8077,77,2025-12-05,82,5
8078,78,2025-12-05,118,4
8079,79,2025-12-05,120,6
8080,80,2025-12-05,267,12
8081,81,2025-12-05,132,9
8082,82,2025-12-05,141,8
8083,83,2025-12-05,195,14
8084,84,2025-12-05,155,7
8085,85,2025-12-05,160,7
8086,86,2025-12-05,115,4
8087,87,2025-12-05,97,8
8088,88,2025-12-05,162,6
8089,89,2025-12-05,228,13
8090,90,2025-12-05,154,9
8091,91,2025-12-05,135,9
8092,92,2025-12-05,327,19
8093,93,2025-12-05,162,11
8094,94,2025-12-05,152,11
8095,95,2025-12-05,200,10
8096,96,2025-12-05,104,6
8097,97,2025-12-05,166,7
8098,98,2025-12-05,160,10
8099,99,2025-12-05,144,7
8100,100,2025-12-05,180,9
8101,1,2025-12-06,151,9
8102,2,2025-12-06,177,8
8103,3,2025-12-06,174,14
8104,4,2025-12-06,218,11
8105,5,2025-12-06,201,10
8106,6,2025-12-06,211,11
8107,7,2025-12-06,247,16
8108,8,2025-12-06,181,12
8109,9,2025-12-06,178,13
8110,10,2025-12-06,120,9
8111,11,2025-12-06,158,13
8112,12,2025-12-06,177,10
8113,13,2025-12-06,120,9
8114,14,2025-12-06,169,8
8115,15,2025-12-06,138,8
8116,16,2025-12-06,200,9
8117,17,2025-12-06,221,7
8118,18,2025-12-06,150,5
8119,19,2025-12-06,130,6
8120,20,2025-12-06,104,8
8121,21,2025-12-06,114,6
8122,22,2025-12-06,202,14
8123,23,2025-12-06,106,6
8124,24,2025-12-06,180,9
8125,25,2025-12-06,106,4
8126,26,2025-12-06,189,11
8127,27,2025-12-06,126,6
8128,28,2025-12-06,112,3
8129,29,2025-12-06,179,11
8130,30,2025-12-06,159,8
8131,31,2025-12-06,127,6
8132,32,2025-12-06,131,11
8133,33,2025-12-06,130,7
8134,34,2025-12-06,99,4
8135,35,2025-12-06,92,5
8136,36,2025-12-06,238,15
8137,37,2025-12-06,161,12
8138,38,2025-12-06,119,9
8139,39,2025-12-06,138,11
8140,40,2025-12-06,104,6
8141,41,2025-12-06,210,10
8142,42,2025-12-06,196,9
8143,43,2025-12-06,132,10
8144,44,2025-12-06,94,7
8145,45,2025-12-06,148,8
8146,46,2025-12-06,141,11
8147,47,2025-12-06,139,7
8148,48,2025-12-06,121,9
8149,49,2025-12-06,130,7
8150,50,2025-12-06,177,15
8151,51,2025-12-06,137,7
8152,52,2025-12-06,140,10
8153,53,2025-12-06,178,13
8154,54,2025-12-06,117,6
8155,55,2025-12-06,158,10
8156,56,2025-12-06,208,13
8157,57,2025-12-06,92,6
8158,58,2025-12-06,184,9
8159,59,2025-12-06,132,6
8160,60,2025-12-06,141,6
8161,61,2025-12-06,180,6
8162,62,2025-12-06,146,6
8163,63,2025-12-06,218,11
8164,64,2025-12-06,122,8
8165,65,2025-12-06,190,10
8166,66,2025-12-06,133,4
8167,67,2025-12-06,184,14
8168,68,2025-12-06,69,4
8169,69,2025-12-06,214,14
8170,70,2025-12-06,80,7
8171,71,2025-12-06,172,10
8172,72,2025-12-06,197,12
8173,73,2025-12-06,149,8
8174,74,2025-12-06,142,9
8175,75,2025-12-06,166,10
8176,76,2025-12-06,158,8
8177,77,2025-12-06,76,1
8178,78,2025-12-06,124,7
8179,79,2025-12-06,112,3
8180,80,2025-12-06,249,16
8181,81,2025-12-06,132,8
8182,82,2025-12-06,147,8
8183,83,2025-12-06,170,8
8184,84,2025-12-06,188,12
8185,85,2025-12-06,148,8
8186,86,2025-12-06,145,9
8187,87,2025-12-06,141,7
8188,88,2025-12-06,129,8
8189,89,2025-12-06,283,19
8190,90,2025-12-06,134,8
8191,91,2025-12-06,119,10
8192,92,2025-12-06,299,17
8193,93,2025-12-06,190,13
8194,94,2025-12-06,147,7
8195,95,2025-12-06,185,12
8196,96,2025-12-06,93,7
8197,97,2025-12-06,168,10
8198,98,2025-12-06,183,9
8199,99,2025-12-06,147,12
8200,100,2025-12-06,156,11
8201,1,2025-12-07,77,4
8202,2,2025-12-07,97,7
8203,3,2025-12-07,87,5
8204,4,2025-12-07,157,8
8205,5,2025-12-07,103,8
8206,6,2025-12-07,110,7
8207,7,2025-12-07,195,13
8208,8,2025-12-07,115,5
8209,9,2025-12-07,104,8
8210,10,2025-12-07,71,2
8211,11,2025-12-07,101,8
8212,12,2025-12-07,140,10
8213,13,2025-12-07,61,1
8214,14,2025-12-07,66,3
8215,15,2025-12-07,77,4
8216,16,2025-12-07,98,6
8217,17,2025-12-07,155,6
8218,18,2025-12-07,63,9
8219,19,2025-12-07,73,3
8220,20,2025-12-07,48,1
8221,21,2025-12-07,62,6
8222,22,2025-12-07,111,7
8223,23,2025-12-07,58,5
8224,24,2025-12-07,113,3
8225,25,2025-12-07,77,3
8226,26,2025-12-07,114,6
8227,27,2025-12-07,82,9
8228,28,2025-12-07,53,2
8229,29,2025-12-07,106,4
8230,30,2025-12-07,95,5
8231,31,2025-12-07,60,3
8232,32,2025-12-07,91,2
8233,33,2025-12-07,59,0
8234,34,2025-12-07,59,5
8235,35,2025-12-07,46,5
8236,36,2025-12-07,94,5
8237,37,2025-12-07,103,6
8238,38,2025-12-07,78,6
8239,39,2025-12-07,87,3
8240,40,2025-12-07,78,9
8241,41,2025-12-07,141,9
8242,42,2025-12-07,114,5
8243,43,2025-12-07,105,6
8244,44,2025-12-07,85,3
8245,45,2025-12-07,96,8
8246,46,2025-12-07,96,4
8247,47,2025-12-07,84,5
8248,48,2025-12-07,63,2
8249,49,2025-12-07,79,5
8250,50,2025-12-07,102,4
8251,51,2025-12-07,131,6
8252,52,2025-12-07,58,4
8253,53,2025-12-07,99,6
8254,54,2025-12-07,60,1
8255,55,2025-12-07,70,1
8256,56,2025-12-07,115,7
8257,57,2025-12-07,55,2
8258,58,2025-12-07,65,3
8259,59,2025-12-07,87,5
8260,60,2025-12-07,81,4
8261,61,2025-12-07,103,4
8262,62,2025-12-07,78,3
8263,63,2025-12-07,122,7
8264,64,2025-12-07,75,3
8265,65,2025-12-07,99,7
8266,66,2025-12-07,99,2
8267,67,2025-12-07,102,7
8268,68,2025-12-07,38,2
8269,69,2025-12-07,90,5
8270,70,2025-12-07,62,1
8271,71,2025-12-07,83,6
8272,72,2025-12-07,106,6
8273,73,2025-12-07,90,5
8274,74,2025-12-07,92,2
8275,75,2025-12-07,82,2
8276,76,2025-12-07,98,4
8277,77,2025-12-07,45,2
8278,78,2025-12-07,85,7
8279,79,2025-12-07,70,6
8280,80,2025-12-07,131,6
8281,81,2025-12-07,108,5
8282,82,2025-12-07,92,4
8283,83,2025-12-07,107,6
8284,84,2025-12-07,103,3
8285,85,2025-12-07,73,7
8286,86,2025-12-07,88,4
8287,87,2025-12-07,65,2
8288,88,2025-12-07,67,5
8289,89,2025-12-07,160,9
8290,90,2025-12-07,66,2
8291,91,2025-12-07,60,4
8292,92,2025-12-07,230,14
8293,93,2025-12-07,93,5
8294,94,2025-12-07,100,6
8295,95,2025-12-07,105,7
8296,96,2025-12-07,69,5
8297,97,2025-12-07,107,6
8298,98,2025-12-07,108,7
8299,99,2025-12-07,87,2
8300,100,2025-12-07,69,6
8301,1,2025-12-08,181,7
8302,2,2025-12-08,198,10
8303,3,2025-12-08,240,13
8304,4,2025-12-08,289,16
8305,5,2025-12-08,241,12
8306,6,2025-12-08,237,13
8307,7,2025-12-08,326,19
8308,8,2025-12-08,286,16
8309,9,2025-12-08,216,12
8310,10,2025-12-08,149,8
8311,11,2025-12-08,224,13
8312,12,2025-12-08,227,15
8313,13,2025-12-08,166,7
8314,14,2025-12-08,178,9
8315,15,2025-12-08,176,11
8316,16,2025-12-08,246,13
8317,17,2025-12-08,264,16
8318,18,2025-12-08,203,14
8319,19,2025-12-08,199,11
8320,20,2025-12-08,126,2
8321,21,2025-12-08,138,11
8322,22,2025-12-08,194,14
8323,23,2025-12-08,141,7
8324,24,2025-12-08,241,12
8325,25,2025-12-08,141,7
8326,26,2025-12-08,263,15
8327,27,2025-12-08,190,12
8328,28,2025-12-08,145,7
8329,29,2025-12-08,179,14
8330,30,2025-12-08,198,11
8331,31,2025-12-08,157,5
8332,32,2025-12-08,188,13
8333,33,2025-12-08,165,9
8334,34,2025-12-08,124,8
8335,35,2025-12-08,155,10
8336,36,2025-12-08,272,15
8337,37,2025-12-08,190,9
8338,38,2025-12-08,183,8
8339,39,2025-12-08,196,15
8340,40,2025-12-08,157,13
8341,41,2025-12-08,269,17
8342,42,2025-12-08,277,20
8343,43,2025-12-08,185,11
8344,44,2025-12-08,132,11
8345,45,2025-12-08,216,12
8346,46,2025-12-08,222,11
8347,47,2025-12-08,242,14
8348,48,2025-12-08,162,9
8349,49,2025-12-08,177,8
8350,50,2025-12-08,218,11
8351,51,2025-12-08,221,14
8352,52,2025-12-08,187,15
8353,53,2025-12-08,247,12
8354,54,2025-12-08,162,7
8355,55,2025-12-08,171,9
8356,56,2025-12-08,229,11
8357,57,2025-12-08,143,6
8358,58,2025-12-08,212,13
8359,59,2025-12-08,203,13
8360,60,2025-12-08,190,11
8361,61,2025-12-08,221,12
8362,62,2025-12-08,194,11
8363,63,2025-12-08,301,19
8364,64,2025-12-08,144,8
8365,65,2025-12-08,266,13
8366,66,2025-12-08,166,7
8367,67,2025-12-08,227,15
8368,68,2025-12-08,107,5
8369,69,2025-12-08,212,15
8370,70,2025-12-08,110,5
8371,71,2025-12-08,203,10
8372,72,2025-12-08,255,16
8373,73,2025-12-08,225,11
8374,74,2025-12-08,186,11
8375,75,2025-12-08,209,15
8376,76,2025-12-08,180,9
8377,77,2025-12-08,126,8
8378,78,2025-12-08,156,7
8379,79,2025-12-08,149,8
8380,80,2025-12-08,313,19
8381,81,2025-12-08,184,11
8382,82,2025-12-08,177,10
8383,83,2025-12-08,241,14
8384,84,2025-12-08,237,13
8385,85,2025-12-08,244,16
8386,86,2025-12-08,176,10
8387,87,2025-12-08,155,8
8388,88,2025-12-08,214,12
8389,89,2025-12-08,294,17
8390,90,2025-12-08,192,12
8391,91,2025-12-08,173,11
8392,92,2025-12-08,455,28
8393,93,2025-12-08,262,15
8394,94,2025-12-08,221,13
8395,95,2025-12-08,235,15
8396,96,2025-12-08,146,7
8397,97,2025-12-08,196,11
8398,98,2025-12-08,228,14
8399,99,2025-12-08,195,14
8400,100,2025-12-08,226,13
8401,1,2025-12-09,161,7
8402,2,2025-12-09,194,11
8403,3,2025-12-09,206,9
8404,4,2025-12-09,229,11
8405,5,2025-12-09,240,15
8406,6,2025-12-09,232,14
8407,7,2025-12-09,324,20
8408,8,2025-12-09,266,14
8409,9,2025-12-09,169,10
8410,10,2025-12-09,141,9
8411,11,2025-12-09,168,11
8412,12,2025-12-09,211,13
8413,13,2025-12-09,123,6
8414,14,2025-12-09,185,10
8415,15,2025-12-09,137,9
8416,16,2025-12-09,184,10
8417,17,2025-12-09,257,16
8418,18,2025-12-09,160,9
8419,19,2025-12-09,138,7
8420,20,2025-12-09,104,7
8421,21,2025-12-09,126,5
8422,22,2025-12-09,216,12
8423,23,2025-12-09,130,9
8424,24,2025-12-09,345,23
8425,25,2025-12-09,126,8
8426,26,2025-12-09,199,11
8427,27,2025-12-09,155,8
8428,28,2025-12-09,101,6
8429,29,2025-12-09,183,10
8430,30,2025-12-09,161,12
8431,31,2025-12-09,152,10
8432,32,2025-12-09,161,9
8433,33,2025-12-09,124,9
8434,34,2025-12-09,96,4
8435,35,2025-12-09,109,7
8436,36,2025-12-09,268,12
8437,37,2025-12-09,223,17
8438,38,2025-12-09,149,5
8439,39,2025-12-09,142,6
8440,40,2025-12-09,123,9
8441,41,2025-12-09,230,8
8442,42,2025-12-09,172,11
8443,43,2025-12-09,151,8
8444,44,2025-12-09,111,6
8445,45,2025-12-09,196,10
8446,46,2025-12-09,191,11
8447,47,2025-12-09,201,8
8448,48,2025-12-09,129,7
8449,49,2025-12-09,158,9
8450,50,2025-12-09,197,11
8451,51,2025-12-09,183,9
8452,52,2025-12-09,125,8
8453,53,2025-12-09,127,9
8454,54,2025-12-09,160,11
8455,55,2025-12-09,184,14
8456,56,2025-12-09,218,13
8457,57,2025-12-09,109,6
8458,58,2025-12-09,161,5
8459,59,2025-12-09,152,9
8460,60,2025-12-09,176,10
8461,61,2025-12-09,160,11
8462,62,2025-12-09,147,6
8463,63,2025-12-09,250,17
8464,64,2025-12-09,153,10
8465,65,2025-12-09,213,14
8466,66,2025-12-09,158,13
8467,67,2025-12-09,191,10
8468,68,2025-12-09,100,5
8469,69,2025-12-09,205,11
8470,70,2025-12-09,107,5
8471,71,2025-12-09,174,9
8472,72,2025-12-09,207,13
8473,73,2025-12-09,185,14
8474,74,2025-12-09,169,10
8475,75,2025-12-09,173,8
8476,76,2025-12-09,118,4
8477,77,2025-12-09,89,4
8478,78,2025-12-09,132,9
8479,79,2025-12-09,146,9
8480,80,2025-12-09,252,14
8481,81,2025-12-09,171,7
8482,82,2025-12-09,173,12
8483,83,2025-12-09,195,13
8484,84,2025-12-09,195,11
8485,85,2025-12-09,188,8
8486,86,2025-12-09,149,11
8487,87,2025-12-09,163,6
8488,88,2025-12-09,156,10
8489,89,2025-12-09,287,13
8490,90,2025-12-09,168,8
8491,91,2025-12-09,153,9
8492,92,2025-12-09,417,26
8493,93,2025-12-09,220,12
8494,94,2025-12-09,163,11
8495,95,2025-12-09,240,15
8496,96,2025-12-09,141,7
8497,97,2025-12-09,191,9
8498,98,2025-12-09,197,10
8499,99,2025-12-09,159,9
8500,100,2025-12-09,192,9
8501,1,2025-12-10,156,9
8502,2,2025-12-10,164,8
8503,3,2025-12-10,198,12
8504,4,2025-12-10,283,16
8505,5,2025-12-10,210,16
8506,6,2025-12-10,228,13
8507,7,2025-12-10,334,19
8508,8,2025-12-10,247,13
8509,9,2025-12-10,180,10
8510,10,2025-12-10,124,6
8511,11,2025-12-10,160,9
8512,12,2025-12-10,190,11
8513,13,2025-12-10,134,6
8514,14,2025-12-10,184,8
8515,15,2025-12-10,171,12
8516,16,2025-12-10,193,10
8517,17,2025-12-10,230,14
8518,18,2025-12-10,157,11
8519,19,2025-12-10,169,9
8520,20,2025-12-10,123,11
8521,21,2025-12-10,141,6
8522,22,2025-12-10,186,11
8523,23,2025-12-10,121,5
8524,24,2025-12-10,350,23
8525,25,2025-12-10,134,10
8526,26,2025-12-10,250,16
8527,27,2025-12-10,160,12
8528,28,2025-12-10,103,8
8529,29,2025-12-10,203,10
8530,30,2025-12-10,181,8
8531,31,2025-12-10,124,5
8532,32,2025-12-10,143,11
8533,33,2025-12-10,155,10
8534,34,2025-12-10,100,7
8535,35,2025-12-10,97,2
8536,36,2025-12-10,234,13
8537,37,2025-12-10,217,13
8538,38,2025-12-10,154,10
8539,39,2025-12-10,165,9
8540,40,2025-12-10,119,6
8541,41,2025-12-10,128,8
8542,42,2025-12-10,185,11
8543,43,2025-12-10,169,13
8544,44,2025-12-10,108,9
8545,45,2025-12-10,199,14
8546,46,2025-12-10,170,12
8547,47,2025-12-10,169,8
8548,48,2025-12-10,157,7
8549,49,2025-12-10,163,11
8550,50,2025-12-10,200,12
8551,51,2025-12-10,183,14
8552,52,2025-12-10,147,5
8553,53,2025-12-10,123,5
8554,54,2025-12-10,130,9
8555,55,2025-12-10,152,11
8556,56,2025-12-10,201,10
8557,57,2025-12-10,128,8
8558,58,2025-12-10,198,12
8559,59,2025-12-10,155,9
8560,60,2025-12-10,169,10
8561,61,2025-12-10,202,8
8562,62,2025-12-10,178,12
8563,63,2025-12-10,257,14
8564,64,2025-12-10,146,5
8565,65,2025-12-10,241,13
8566,66,2025-12-10,155,10
8567,67,2025-12-10,178,8
8568,68,2025-12-10,89,7
8569,69,2025-12-10,205,11
8570,70,2025-12-10,104,7
8571,71,2025-12-10,189,10
8572,72,2025-12-10,221,14
8573,73,2025-12-10,199,13
8574,74,2025-12-10,141,6
8575,75,2025-12-10,175,10
8576,76,2025-12-10,162,6
8577,77,2025-12-10,103,4
8578,78,2025-12-10,143,11
8579,79,2025-12-10,111,9
8580,80,2025-12-10,299,15
8581,81,2025-12-10,174,10
8582,82,2025-12-10,170,11
8583,83,2025-12-10,220,13
8584,84,2025-12-10,185,12
8585,85,2025-12-10,180,7
8586,86,2025-12-10,127,4
8587,87,2025-12-10,144,11
8588,88,2025-12-10,184,8
8589,89,2025-12-10,257,15
8590,90,2025-12-10,181,11
8591,91,2025-12-10,139,9
8592,92,2025-12-10,390,23
8593,93,2025-12-10,223,14
8594,94,2025-12-10,161,11
8595,95,2025-12-10,210,15
8596,96,2025-12-10,143,2
8597,97,2025-12-10,171,10
8598,98,2025-12-10,191,11
8599,99,2025-12-10,146,8
8600,100,2025-12-10,199,10
8601,1,2025-12-11,138,9
8602,2,2025-12-11,134,8
8603,3,2025-12-11,169,8
8604,4,2025-12-11,262,13
8605,5,2025-12-11,196,10
8606,6,2025-12-11,262,16
8607,7,2025-12-11,247,12
8608,8,2025-12-11,208,13
8609,9,2025-12-11,175,6
8610,10,2025-12-11,127,6
8611,11,2025-12-11,183,9
8612,12,2025-12-11,165,12
8613,13,2025-12-11,122,5
8614,14,2025-12-11,156,8
8615,15,2025-12-11,128,8
8616,16,2025-12-11,184,11
8617,17,2025-12-11,212,12
8618,18,2025-12-11,173,8
8619,19,2025-12-11,135,11
8620,20,2025-12-11,99,9
8621,21,2025-12-11,109,8
8622,22,2025-12-11,187,8
8623,23,2025-12-11,90,4
8624,24,2025-12-11,295,16
8625,25,2025-12-11,112,4
8626,26,2025-12-11,183,14
8627,27,2025-12-11,109,6
8628,28,2025-12-11,107,5
8629,29,2025-12-11,171,12
8630,30,2025-12-11,149,5
8631,31,2025-12-11,109,5
8632,32,2025-12-11,140,9
8633,33,2025-12-11,120,9
8634,34,2025-12-11,97,7
8635,35,2025-12-11,113,9
8636,36,2025-12-11,251,15
8637,37,2025-12-11,164,10
8638,38,2025-12-11,163,9
8639,39,2025-12-11,143,5
8640,40,2025-12-11,112,6
8641,41,2025-12-11,114,2
8642,42,2025-12-11,195,14
8643,43,2025-12-11,131,10
8644,44,2025-12-11,90,5
8645,45,2025-12-11,192,12
8646,46,2025-12-11,188,13
8647,47,2025-12-11,150,11
8648,48,2025-12-11,113,7
8649,49,2025-12-11,110,4
8650,50,2025-12-11,188,10
8651,51,2025-12-11,191,11
8652,52,2025-12-11,111,9
8653,53,2025-12-11,111,4
8654,54,2025-12-11,120,6
8655,55,2025-12-11,147,6
8656,56,2025-12-11,195,11
8657,57,2025-12-11,101,5
8658,58,2025-12-11,171,12
8659,59,2025-12-11,145,10
8660,60,2025-12-11,143,7
8661,61,2025-12-11,167,12
8662,62,2025-12-11,139,7
8663,63,2025-12-11,272,16
8664,64,2025-12-11,114,6
8665,65,2025-12-11,219,11
8666,66,2025-12-11,135,8
8667,67,2025-12-11,194,13
8668,68,2025-12-11,81,3
8669,69,2025-12-11,145,9
8670,70,2025-12-11,89,5
8671,71,2025-12-11,160,11
8672,72,2025-12-11,180,9
8673,73,2025-12-11,199,11
8674,74,2025-12-11,136,3
8675,75,2025-12-11,150,10
8676,76,2025-12-11,146,12
8677,77,2025-12-11,76,2
8678,78,2025-12-11,144,11
8679,79,2025-12-11,121,3
8680,80,2025-12-11,273,16
8681,81,2025-12-11,130,5
8682,82,2025-12-11,152,8
8683,83,2025-12-11,196,11
8684,84,2025-12-11,193,12
8685,85,2025-12-11,171,10
8686,86,2025-12-11,132,7
8687,87,2025-12-11,133,7
8688,88,2025-12-11,164,9
8689,89,2025-12-11,220,15
8690,90,2025-12-11,143,12
8691,91,2025-12-11,131,7
8692,92,2025-12-11,371,20
8693,93,2025-12-11,194,10
8694,94,2025-12-11,157,9
8695,95,2025-12-11,173,5
8696,96,2025-12-11,108,6
8697,97,2025-12-11,143,7
8698,98,2025-12-11,162,8
8699,99,2025-12-11,139,7
8700,100,2025-12-11,156,10
8701,1,2025-12-12,132,9
8702,2,2025-12-12,142,10
8703,3,2025-12-12,157,10
8704,4,2025-12-12,210,10
8705,5,2025-12-12,179,9
8706,6,2025-12-12,216,11
8707,7,2025-12-12,243,12
8708,8,2025-12-12,210,9
8709,9,2025-12-12,151,7
8710,10,2025-12-12,117,6
8711,11,2025-12-12,157,11
8712,12,2025-12-12,175,11
8713,13,2025-12-12,136,11
8714,14,2025-12-12,148,7
8715,15,2025-12-12,140,7
8716,16,2025-12-12,197,13
8717,17,2025-12-12,185,9
8718,18,2025-12-12,128,11
8719,19,2025-12-12,152,11
8720,20,2025-12-12,105,7
8721,21,2025-12-12,111,0
8722,22,2025-12-12,166,14
8723,23,2025-12-12,101,8
8724,24,2025-12-12,305,18
8725,25,2025-12-12,114,4
8726,26,2025-12-12,181,10
8727,27,2025-12-12,146,5
8728,28,2025-12-12,104,6
8729,29,2025-12-12,188,6
8730,30,2025-12-12,162,9
8731,31,2025-12-12,121,7
8732,32,2025-12-12,139,5
8733,33,2025-12-12,112,0
8734,34,2025-12-12,90,5
8735,35,2025-12-12,97,3
8736,36,2025-12-12,227,13
8737,37,2025-12-12,153,8
8738,38,2025-12-12,148,7
8739,39,2025-12-12,134,4
8740,40,2025-12-12,115,9
8741,41,2025-12-12,125,4
8742,42,2025-12-12,177,13
8743,43,2025-12-12,121,4
8744,44,2025-12-12,116,7
8745,45,2025-12-12,157,6
8746,46,2025-12-12,155,10
8747,47,2025-12-12,155,9
8748,48,2025-12-12,123,4
8749,49,2025-12-12,126,6
8750,50,2025-12-12,169,10
8751,51,2025-12-12,129,8
8752,52,2025-12-12,128,10
8753,53,2025-12-12,124,5
8754,54,2025-12-12,101,6
8755,55,2025-12-12,102,6
8756,56,2025-12-12,183,9
8757,57,2025-12-12,106,6
8758,58,2025-12-12,168,8
8759,59,2025-12-12,117,7
8760,60,2025-12-12,147,10
8761,61,2025-12-12,150,11
8762,62,2025-12-12,136,4
8763,63,2025-12-12,198,10
8764,64,2025-12-12,119,6
8765,65,2025-12-12,142,4
8766,66,2025-12-12,130,7
8767,67,2025-12-12,196,11
8768,68,2025-12-12,78,5
8769,69,2025-12-12,172,12
8770,70,2025-12-12,102,8
8771,71,2025-12-12,191,12
8772,72,2025-12-12,178,11
8773,73,2025-12-12,161,12
8774,74,2025-12-12,126,8
8775,75,2025-12-12,163,8
8776,76,2025-12-12,131,7
8777,77,2025-12-12,88,2
8778,78,2025-12-12,118,8
8779,79,2025-12-12,129,10
8780,80,2025-12-12,251,14
8781,81,2025-12-12,117,6
8782,82,2025-12-12,153,8
8783,83,2025-12-12,155,7
8784,84,2025-12-12,179,11
8785,85,2025-12-12,166,8
8786,86,2025-12-12,122,6
8787,87,2025-12-12,139,9
8788,88,2025-12-12,172,7
8789,89,2025-12-12,280,16
8790,90,2025-12-12,159,9
8791,91,2025-12-12,137,9
8792,92,2025-12-12,317,20
8793,93,2025-12-12,186,8
8794,94,2025-12-12,152,7
8795,95,2025-12-12,235,12
8796,96,2025-12-12,101,6
8797,97,2025-12-12,152,7
8798,98,2025-12-12,140,6
8799,99,2025-12-12,163,8
8800,100,2025-12-12,177,11
8801,1,2025-12-13,122,5
8802,2,2025-12-13,153,6
8803,3,2025-12-13,155,10
8804,4,2025-12-13,181,11
8805,5,2025-12-13,174,6
8806,6,2025-12-13,280,19
8807,7,2025-12-13,306,21
8808,8,2025-12-13,213,9
8809,9,2025-12-13,163,10
8810,10,2025-12-13,135,5
8811,11,2025-12-13,180,6
8812,12,2025-12-13,174,9
8813,13,2025-12-13,113,7
8814,14,2025-12-13,171,10
8815,15,2025-12-13,136,9
8816,16,2025-12-13,206,15
8817,17,2025-12-13,339,19
8818,18,2025-12-13,152,12
8819,19,2025-12-13,149,5
8820,20,2025-12-13,98,5
8821,21,2025-12-13,120,7
8822,22,2025-12-13,204,14
8823,23,2025-12-13,114,8
8824,24,2025-12-13,311,16
8825,25,2025-12-13,118,3
8826,26,2025-12-13,202,14
8827,27,2025-12-13,130,9
8828,28,2025-12-13,108,7
8829,29,2025-12-13,161,8
8830,30,2025-12-13,92,2
8831,31,2025-12-13,123,7
8832,32,2025-12-13,130,9
8833,33,2025-12-13,130,6
8834,34,2025-12-13,94,6
8835,35,2025-12-13,111,4
8836,36,2025-12-13,223,13
8837,37,2025-12-13,163,11
8838,38,2025-12-13,133,10
8839,39,2025-12-13,104,7
8840,40,2025-12-13,117,5
8841,41,2025-12-13,135,7
8842,42,2025-12-13,159,10
8843,43,2025-12-13,151,7
8844,44,2025-12-13,86,7
8845,45,2025-12-13,158,12
8846,46,2025-12-13,175,9
8847,47,2025-12-13,150,3
8848,48,2025-12-13,112,7
8849,49,2025-12-13,137,10
8850,50,2025-12-13,179,11
8851,51,2025-12-13,161,6
8852,52,2025-12-13,140,8
8853,53,2025-12-13,120,7
8854,54,2025-12-13,131,6
8855,55,2025-12-13,142,11
8856,56,2025-12-13,187,10
8857,57,2025-12-13,104,6
8858,58,2025-12-13,159,7
8859,59,2025-12-13,149,10
8860,60,2025-12-13,119,7
8861,61,2025-12-13,147,7
8862,62,2025-12-13,151,5
8863,63,2025-12-13,229,14
8864,64,2025-12-13,118,6
8865,65,2025-12-13,196,9
8866,66,2025-12-13,131,9
8867,67,2025-12-13,182,12
8868,68,2025-12-13,81,2
8869,69,2025-12-13,174,9
8870,70,2025-12-13,75,5
8871,71,2025-12-13,161,8
8872,72,2025-12-13,200,13
8873,73,2025-12-13,157,12
8874,74,2025-12-13,116,12
8875,75,2025-12-13,168,9
8876,76,2025-12-13,151,9
8877,77,2025-12-13,82,6
8878,78,2025-12-13,140,5
8879,79,2025-12-13,102,6
8880,80,2025-12-13,213,10
8881,81,2025-12-13,141,7
8882,82,2025-12-13,146,10
8883,83,2025-12-13,183,13
8884,84,2025-12-13,195,9
8885,85,2025-12-13,175,11
8886,86,2025-12-13,104,3
8887,87,2025-12-13,109,4
8888,88,2025-12-13,146,10
8889,89,2025-12-13,237,15
8890,90,2025-12-13,125,5
8891,91,2025-12-13,158,8
8892,92,2025-12-13,339,21
8893,93,2025-12-13,164,6
8894,94,2025-12-13,142,5
8895,95,2025-12-13,191,11
8896,96,2025-12-13,102,4
8897,97,2025-12-13,155,13
8898,98,2025-12-13,170,10
8899,99,2025-12-13,138,7
8900,100,2025-12-13,175,11
8901,1,2025-12-14,45,4
8902,2,2025-12-14,65,5
8903,3,2025-12-14,76,4
8904,4,2025-12-14,125,6
8905,5,2025-12-14,150,10
8906,6,2025-12-14,112,7
8907,7,2025-12-14,182,10
8908,8,2025-12-14,114,10
8909,9,2025-12-14,87,5
8910,10,2025-12-14,54,3
8911,11,2025-12-14,87,8
8912,12,2025-12-14,91,4
8913,13,2025-12-14,82,1
8914,14,2025-12-14,98,9
8915,15,2025-12-14,87,2
8916,16,2025-12-14,103,2
8917,17,2025-12-14,159,11
8918,18,2025-12-14,93,1
8919,19,2025-12-14,77,4
8920,20,2025-12-14,42,0
8921,21,2025-12-14,76,6
8922,22,2025-12-14,83,7
8923,23,2025-12-14,64,0
8924,24,2025-12-14,200,9
8925,25,2025-12-14,46,1
8926,26,2025-12-14,119,6
8927,27,2025-12-14,68,3
8928,28,2025-12-14,62,2
8929,29,2025-12-14,83,3
8930,30,2025-12-14,91,8
8931,31,2025-12-14,66,3
8932,32,2025-12-14,90,1
8933,33,2025-12-14,87,6
8934,34,2025-12-14,56,5
8935,35,2025-12-14,50,0
8936,36,2025-12-14,62,5
8937,37,2025-12-14,119,5
8938,38,2025-12-14,88,7
8939,39,2025-12-14,95,8
8940,40,2025-12-14,47,6
8941,41,2025-12-14,80,7
8942,42,2025-12-14,129,3
8943,43,2025-12-14,106,2
8944,44,2025-12-14,48,0
8945,45,2025-12-14,102,4
8946,46,2025-12-14,92,6
8947,47,2025-12-14,71,2
8948,48,2025-12-14,71,3
8949,49,2025-12-14,73,4
8950,50,2025-12-14,109,4
8951,51,2025-12-14,103,6
8952,52,2025-12-14,91,7
8953,53,2025-12-14,49,6
8954,54,2025-12-14,70,2
8955,55,2025-12-14,69,5
8956,56,2025-12-14,112,8
8957,57,2025-12-14,61,5
8958,58,2025-12-14,100,3
8959,59,2025-12-14,82,7
8960,60,2025-12-14,56,3
8961,61,2025-12-14,115,6
8962,62,2025-12-14,71,4
8963,63,2025-12-14,139,8
8964,64,2025-12-14,69,7
8965,65,2025-12-14,97,9
8966,66,2025-12-14,62,3
8967,67,2025-12-14,96,5
8968,68,2025-12-14,38,1
8969,69,2025-12-14,85,0
8970,70,2025-12-14,53,3
8971,71,2025-12-14,90,3
8972,72,2025-12-14,85,5
8973,73,2025-12-14,112,9
8974,74,2025-12-14,77,4
8975,75,2025-12-14,94,4
8976,76,2025-12-14,87,2
8977,77,2025-12-14,45,0
8978,78,2025-12-14,84,2
8979,79,2025-12-14,73,0
8980,80,2025-12-14,171,13
8981,81,2025-12-14,64,4
8982,82,2025-12-14,96,6
8983,83,2025-12-14,114,6
8984,84,2025-12-14,83,4
8985,85,2025-12-14,127,5
8986,86,2025-12-14,82,8
8987,87,2025-12-14,79,5
8988,88,2025-12-14,84,6
8989,89,2025-12-14,110,6
8990,90,2025-12-14,75,2
8991,91,2025-12-14,115,7
8992,92,2025-12-14,216,12
8993,93,2025-12-14,82,3
8994,94,2025-12-14,104,1
8995,95,2025-12-14,98,3
8996,96,2025-12-14,70,4
8997,97,2025-12-14,72,2
8998,98,2025-12-14,110,6
8999,99,2025-12-14,62,1
9000,100,2025-12-14,117,7
9001,1,2025-12-15,184,11
9002,2,2025-12-15,227,9
9003,3,2025-12-15,228,13
9004,4,2025-12-15,321,14
9005,5,2025-12-15,274,17
9006,6,2025-12-15,259,16
9007,7,2025-12-15,345,20
9008,8,2025-12-15,265,14
9009,9,2025-12-15,220,13
9010,10,2025-12-15,150,11
9011,11,2025-12-15,209,11
9012,12,2025-12-15,230,13
9013,13,2025-12-15,142,7
9014,14,2025-12-15,205,10
9015,15,2025-12-15,189,11
9016,16,2025-12-15,258,14
9017,17,2025-12-15,443,27
9018,18,2025-12-15,205,10
9019,19,2025-12-15,190,10
9020,20,2025-12-15,137,5
9021,21,2025-12-15,137,10
9022,22,2025-12-15,223,12
9023,23,2025-12-15,138,7
9024,24,2025-12-15,245,15
9025,25,2025-12-15,170,11
9026,26,2025-12-15,238,17
9027,27,2025-12-15,196,10
9028,28,2025-12-15,133,4
9029,29,2025-12-15,229,10
9030,30,2025-12-15,173,8
9031,31,2025-12-15,160,8
9032,32,2025-12-15,188,14
9033,33,2025-12-15,146,10
9034,34,2025-12-15,120,6
9035,35,2025-12-15,141,8
9036,36,2025-12-15,306,16
9037,37,2025-12-15,248,12
9038,38,2025-12-15,213,15
9039,39,2025-12-15,178,9
9040,40,2025-12-15,146,6
9041,41,2025-12-15,168,8
9042,42,2025-12-15,246,15
9043,43,2025-12-15,210,6
9044,44,2025-12-15,127,4
9045,45,2025-12-15,205,16
9046,46,2025-12-15,217,13
9047,47,2025-12-15,189,10
9048,48,2025-12-15,161,9
9049,49,2025-12-15,294,15
9050,50,2025-12-15,200,10
9051,51,2025-12-15,234,10
9052,52,2025-12-15,160,11
9053,53,2025-12-15,150,8
9054,54,2025-12-15,142,8
9055,55,2025-12-15,180,9
9056,56,2025-12-15,228,11
9057,57,2025-12-15,131,7
9058,58,2025-12-15,217,13
9059,59,2025-12-15,147,10
9060,60,2025-12-15,184,7
9061,61,2025-12-15,194,10
9062,62,2025-12-15,203,14
9063,63,2025-12-15,293,13
9064,64,2025-12-15,158,7
9065,65,2025-12-15,260,16
9066,66,2025-12-15,195,11
9067,67,2025-12-15,230,11
9068,68,2025-12-15,101,6
9069,69,2025-12-15,203,11
9070,70,2025-12-15,104,6
9071,71,2025-12-15,227,16
9072,72,2025-12-15,262,16
9073,73,2025-12-15,225,9
9074,74,2025-12-15,180,10
9075,75,2025-12-15,225,13
9076,76,2025-12-15,172,12
9077,77,2025-12-15,127,5
9078,78,2025-12-15,187,11
9079,79,2025-12-15,154,9
9080,80,2025-12-15,301,15
9081,81,2025-12-15,162,7
9082,82,2025-12-15,174,15
9083,83,2025-12-15,234,14
9084,84,2025-12-15,227,12
9085,85,2025-12-15,221,13
9086,86,2025-12-15,149,10
9087,87,2025-12-15,190,9
9088,88,2025-12-15,181,10
9089,89,2025-12-15,334,18
9090,90,2025-12-15,200,11
9091,91,2025-12-15,202,13
9092,92,2025-12-15,426,24
9093,93,2025-12-15,237,14
9094,94,2025-12-15,183,11
9095,95,2025-12-15,228,14
9096,96,2025-12-15,158,6
9097,97,2025-12-15,219,13
9098,98,2025-12-15,196,10
9099,99,2025-12-15,179,12
9100,100,2025-12-15,212,12
9101,1,2025-12-16,166,11
9102,2,2025-12-16,156,5
9103,3,2025-12-16,199,14
9104,4,2025-12-16,291,17
9105,5,2025-12-16,208,12
9106,6,2025-12-16,245,11
9107,7,2025-12-16,311,18
9108,8,2025-12-16,296,15
9109,9,2025-12-16,180,13
9110,10,2025-12-16,137,10
9111,11,2025-12-16,185,10
9112,12,2025-12-16,213,10
9113,13,2025-12-16,156,13
9114,14,2025-12-16,176,8
9115,15,2025-12-16,151,7
9116,16,2025-12-16,213,12
9117,17,2025-12-16,392,24
9118,18,2025-12-16,154,9
9119,19,2025-12-16,156,11
9120,20,2025-12-16,105,4
9121,21,2025-12-16,110,6
9122,22,2025-12-16,340,19
9123,23,2025-12-16,117,3
9124,24,2025-12-16,227,13
9125,25,2025-12-16,150,9
9126,26,2025-12-16,230,14
9127,27,2025-12-16,162,8
9128,28,2025-12-16,117,6
9129,29,2025-12-16,193,10
9130,30,2025-12-16,192,9
9131,31,2025-12-16,155,11
9132,32,2025-12-16,161,8
9133,33,2025-12-16,154,11
9134,34,2025-12-16,107,4
9135,35,2025-12-16,121,9
9136,36,2025-12-16,251,15
9137,37,2025-12-16,190,13
9138,38,2025-12-16,180,10
9139,39,2025-12-16,264,12
9140,40,2025-12-16,143,10
9141,41,2025-12-16,139,6
9142,42,2025-12-16,203,13
9143,43,2025-12-16,152,12
9144,44,2025-12-16,123,9
9145,45,2025-12-16,187,12
9146,46,2025-12-16,192,13
9147,47,2025-12-16,175,10
9148,48,2025-12-16,143,11
9149,49,2025-12-16,233,14
9150,50,2025-12-16,218,8
9151,51,2025-12-16,215,11
9152,52,2025-12-16,158,4
9153,53,2025-12-16,121,9
9154,54,2025-12-16,132,3
9155,55,2025-12-16,153,8
9156,56,2025-12-16,198,13
9157,57,2025-12-16,128,2
9158,58,2025-12-16,196,11
9159,59,2025-12-16,177,12
9160,60,2025-12-16,160,13
9161,61,2025-12-16,183,9
9162,62,2025-12-16,172,9
9163,63,2025-12-16,211,16
9164,64,2025-12-16,150,10
9165,65,2025-12-16,210,10
9166,66,2025-12-16,148,7
9167,67,2025-12-16,198,9
9168,68,2025-12-16,85,6
9169,69,2025-12-16,203,10
9170,70,2025-12-16,109,4
9171,71,2025-12-16,195,12
9172,72,2025-12-16,197,11
9173,73,2025-12-16,178,7
9174,74,2025-12-16,173,12
9175,75,2025-12-16,156,10
9176,76,2025-12-16,181,10
9177,77,2025-12-16,87,6
9178,78,2025-12-16,139,7
9179,79,2025-12-16,124,6
9180,80,2025-12-16,213,12
9181,81,2025-12-16,142,10
9182,82,2025-12-16,141,5
9183,83,2025-12-16,234,14
9184,84,2025-12-16,181,12
9185,85,2025-12-16,186,13
9186,86,2025-12-16,149,6
9187,87,2025-12-16,156,6
9188,88,2025-12-16,168,9
9189,89,2025-12-16,232,12
9190,90,2025-12-16,169,5
9191,91,2025-12-16,162,10
9192,92,2025-12-16,431,26
9193,93,2025-12-16,214,11
9194,94,2025-12-16,196,12
9195,95,2025-12-16,200,9
9196,96,2025-12-16,140,9
9197,97,2025-12-16,181,10
9198,98,2025-12-16,201,11
9199,99,2025-12-16,147,6
9200,100,2025-12-16,197,12
9201,1,2025-12-17,146,7
9202,2,2025-12-17,159,4
9203,3,2025-12-17,223,8
9204,4,2025-12-17,285,15
9205,5,2025-12-17,224,12
9206,6,2025-12-17,217,13
9207,7,2025-12-17,239,17
9208,8,2025-12-17,266,15
9209,9,2025-12-17,178,8
9210,10,2025-12-17,127,9
9211,11,2025-12-17,181,8
9212,12,2025-12-17,225,16
9213,13,2025-12-17,146,11
9214,14,2025-12-17,184,14
9215,15,2025-12-17,159,11
9216,16,2025-12-17,191,10
9217,17,2025-12-17,416,22
9218,18,2025-12-17,155,10
9219,19,2025-12-17,182,10
9220,20,2025-12-17,100,9
9221,21,2025-12-17,122,9
9222,22,2025-12-17,329,21
9223,23,2025-12-17,134,8
9224,24,2025-12-17,203,14
9225,25,2025-12-17,116,6
9226,26,2025-12-17,203,13
9227,27,2025-12-17,137,6
9228,28,2025-12-17,115,7
9229,29,2025-12-17,187,12
9230,30,2025-12-17,175,12
9231,31,2025-12-17,120,6
9232,32,2025-12-17,165,7
9233,33,2025-12-17,151,8
9234,34,2025-12-17,83,8
9235,35,2025-12-17,108,6
9236,36,2025-12-17,264,17
9237,37,2025-12-17,222,12
9238,38,2025-12-17,163,9
9239,39,2025-12-17,266,14
9240,40,2025-12-17,128,8
9241,41,2025-12-17,144,9
9242,42,2025-12-17,211,10
9243,43,2025-12-17,142,12
9244,44,2025-12-17,113,6
9245,45,2025-12-17,192,14
9246,46,2025-12-17,177,9
9247,47,2025-12-17,147,9
9248,48,2025-12-17,151,7
9249,49,2025-12-17,234,14
9250,50,2025-12-17,199,10
9251,51,2025-12-17,159,10
9252,52,2025-12-17,140,10
9253,53,2025-12-17,125,5
9254,54,2025-12-17,136,6
9255,55,2025-12-17,149,10
9256,56,2025-12-17,189,12
9257,57,2025-12-17,108,10
9258,58,2025-12-17,204,12
9259,59,2025-12-17,161,11
9260,60,2025-12-17,155,8
9261,61,2025-12-17,172,9
9262,62,2025-12-17,147,11
9263,63,2025-12-17,230,14
9264,64,2025-12-17,142,6
9265,65,2025-12-17,221,12
9266,66,2025-12-17,145,10
9267,67,2025-12-17,201,12
9268,68,2025-12-17,99,2
9269,69,2025-12-17,214,15
9270,70,2025-12-17,94,7
9271,71,2025-12-17,181,12
9272,72,2025-12-17,206,13
9273,73,2025-12-17,203,11
9274,74,2025-12-17,161,9
9275,75,2025-12-17,158,11
9276,76,2025-12-17,145,7
9277,77,2025-12-17,101,7
9278,78,2025-12-17,146,8
9279,79,2025-12-17,145,9
9280,80,2025-12-17,268,15
9281,81,2025-12-17,167,12
9282,82,2025-12-17,136,6
9283,83,2025-12-17,160,12
9284,84,2025-12-17,180,13
9285,85,2025-12-17,180,9
9286,86,2025-12-17,114,7
9287,87,2025-12-17,136,6
9288,88,2025-12-17,149,7
9289,89,2025-12-17,297,13
9290,90,2025-12-17,196,14
9291,91,2025-12-17,146,12
9292,92,2025-12-17,388,23
9293,93,2025-12-17,247,16
9294,94,2025-12-17,173,8
9295,95,2025-12-17,236,11
9296,96,2025-12-17,128,9
9297,97,2025-12-17,193,13
9298,98,2025-12-17,172,12
9299,99,2025-12-17,148,9
9300,100,2025-12-17,210,12
9301,1,2025-12-18,130,7
9302,2,2025-12-18,150,5
9303,3,2025-12-18,201,11
9304,4,2025-12-18,225,11
9305,5,2025-12-18,200,14
9306,6,2025-12-18,236,14
9307,7,2025-12-18,206,10
9308,8,2025-12-18,206,13
9309,9,2025-12-18,179,7
9310,10,2025-12-18,118,7
9311,11,2025-12-18,145,6
9312,12,2025-12-18,177,13
9313,13,2025-12-18,127,10
9314,14,2025-12-18,176,11
9315,15,2025-12-18,104,6
9316,16,2025-12-18,189,9
9317,17,2025-12-18,347,18
9318,18,2025-12-18,146,10
9319,19,2025-12-18,136,5
9320,20,2025-12-18,95,4
9321,21,2025-12-18,106,6
9322,22,2025-12-18,311,19
9323,23,2025-12-18,115,5
9324,24,2025-12-18,194,15
9325,25,2025-12-18,115,13
9326,26,2025-12-18,172,6
9327,27,2025-12-18,135,11
9328,28,2025-12-18,117,7
9329,29,2025-12-18,142,7
9330,30,2025-12-18,116,8
9331,31,2025-12-18,121,7
9332,32,2025-12-18,163,8
9333,33,2025-12-18,103,8
9334,34,2025-12-18,79,4
9335,35,2025-12-18,101,3
9336,36,2025-12-18,251,15
9337,37,2025-12-18,170,9
9338,38,2025-12-18,116,7
9339,39,2025-12-18,254,16
9340,40,2025-12-18,123,4
9341,41,2025-12-18,129,8
9342,42,2025-12-18,192,13
9343,43,2025-12-18,137,12
9344,44,2025-12-18,91,5
9345,45,2025-12-18,179,10
9346,46,2025-12-18,154,8
9347,47,2025-12-18,139,10
9348,48,2025-12-18,106,5
9349,49,2025-12-18,215,9
9350,50,2025-12-18,172,11
9351,51,2025-12-18,163,9
9352,52,2025-12-18,138,13
9353,53,2025-12-18,98,3
9354,54,2025-12-18,108,4
9355,55,2025-12-18,134,11
9356,56,2025-12-18,196,10
9357,57,2025-12-18,100,2
9358,58,2025-12-18,181,11
9359,59,2025-12-18,183,9
9360,60,2025-12-18,139,6
9361,61,2025-12-18,174,8
9362,62,2025-12-18,148,10
9363,63,2025-12-18,241,15
9364,64,2025-12-18,130,8
9365,65,2025-12-18,181,8
9366,66,2025-12-18,155,10
9367,67,2025-12-18,168,10
9368,68,2025-12-18,75,4
9369,69,2025-12-18,141,12
9370,70,2025-12-18,83,6
9371,71,2025-12-18,160,10
9372,72,2025-12-18,210,11
9373,73,2025-12-18,191,13
9374,74,2025-12-18,106,6
9375,75,2025-12-18,148,9
9376,76,2025-12-18,153,8
9377,77,2025-12-18,80,5
9378,78,2025-12-18,149,7
9379,79,2025-12-18,103,3
9380,80,2025-12-18,241,14
9381,81,2025-12-18,147,10
9382,82,2025-12-18,152,11
9383,83,2025-12-18,156,8
9384,84,2025-12-18,164,7
9385,85,2025-12-18,156,7
9386,86,2025-12-18,126,10
9387,87,2025-12-18,126,8
9388,88,2025-12-18,158,10
9389,89,2025-12-18,241,16
9390,90,2025-12-18,164,13
9391,91,2025-12-18,136,7
9392,92,2025-12-18,314,19
9393,93,2025-12-18,185,8
9394,94,2025-12-18,147,4
9395,95,2025-12-18,201,14
9396,96,2025-12-18,126,7
9397,97,2025-12-18,117,9
9398,98,2025-12-18,133,7
9399,99,2025-12-18,152,7
9400,100,2025-12-18,175,11
9401,1,2025-12-19,137,6
9402,2,2025-12-19,151,8
9403,3,2025-12-19,183,14
9404,4,2025-12-19,259,16
9405,5,2025-12-19,164,5
9406,6,2025-12-19,240,14
9407,7,2025-12-19,250,13
9408,8,2025-12-19,229,11
9409,9,2025-12-19,141,10
9410,10,2025-12-19,121,5
9411,11,2025-12-19,162,9
9412,12,2025-12-19,173,10
9413,13,2025-12-19,112,7
9414,14,2025-12-19,176,12
9415,15,2025-12-19,149,9
9416,16,2025-12-19,206,14
9417,17,2025-12-19,363,18
9418,18,2025-12-19,119,5
9419,19,2025-12-19,116,5
9420,20,2025-12-19,96,3
9421,21,2025-12-19,102,5
9422,22,2025-12-19,282,14
9423,23,2025-12-19,120,8
9424,24,2025-12-19,183,8
9425,25,2025-12-19,107,6
9426,26,2025-12-19,177,11
9427,27,2025-12-19,137,13
9428,28,2025-12-19,98,8
9429,29,2025-12-19,180,7
9430,30,2025-12-19,147,9
9431,31,2025-12-19,109,6
9432,32,2025-12-19,159,5
9433,33,2025-12-19,138,8
9434,34,2025-12-19,79,4
9435,35,2025-12-19,105,6
9436,36,2025-12-19,236,13
9437,37,2025-12-19,168,7
9438,38,2025-12-19,142,7
9439,39,2025-12-19,260,13
9440,40,2025-12-19,117,6
9441,41,2025-12-19,128,8
9442,42,2025-12-19,174,10
9443,43,2025-12-19,148,7
9444,44,2025-12-19,99,4
9445,45,2025-12-19,159,9
9446,46,2025-12-19,175,11
9447,47,2025-12-19,159,7
9448,48,2025-12-19,116,3
9449,49,2025-12-19,223,11
9450,50,2025-12-19,142,5
9451,51,2025-12-19,159,9
9452,52,2025-12-19,114,7
9453,53,2025-12-19,95,6
9454,54,2025-12-19,122,7
9455,55,2025-12-19,134,6
9456,56,2025-12-19,158,10
9457,57,2025-12-19,95,5
9458,58,2025-12-19,160,8
9459,59,2025-12-19,145,13
9460,60,2025-12-19,140,10
9461,61,2025-12-19,154,9
9462,62,2025-12-19,139,6
9463,63,2025-12-19,212,13
9464,64,2025-12-19,125,7
9465,65,2025-12-19,197,11
9466,66,2025-12-19,120,7
9467,67,2025-12-19,190,13
9468,68,2025-12-19,68,1
9469,69,2025-12-19,185,13
9470,70,2025-12-19,97,5
9471,71,2025-12-19,160,10
9472,72,2025-12-19,181,7
9473,73,2025-12-19,166,9
9474,74,2025-12-19,140,5
9475,75,2025-12-19,172,11
9476,76,2025-12-19,135,6
9477,77,2025-12-19,83,4
9478,78,2025-12-19,140,4
9479,79,2025-12-19,117,6
9480,80,2025-12-19,241,15
9481,81,2025-12-19,139,8
9482,82,2025-12-19,146,8
9483,83,2025-12-19,163,5
9484,84,2025-12-19,142,6
9485,85,2025-12-19,176,8
9486,86,2025-12-19,99,3
9487,87,2025-12-19,140,9
9488,88,2025-12-19,153,6
9489,89,2025-12-19,230,9
9490,90,2025-12-19,150,7
9491,91,2025-12-19,142,7
9492,92,2025-12-19,360,23
9493,93,2025-12-19,181,12
9494,94,2025-12-19,243,11
9495,95,2025-12-19,176,10
9496,96,2025-12-19,119,9
9497,97,2025-12-19,163,11
9498,98,2025-12-19,154,11
9499,99,2025-12-19,121,5
9500,100,2025-12-19,158,8
9501,1,2025-12-20,137,7
9502,2,2025-12-20,139,9
9503,3,2025-12-20,180,9
9504,4,2025-12-20,235,13
9505,5,2025-12-20,199,13
9506,6,2025-12-20,176,9
9507,7,2025-12-20,295,16
9508,8,2025-12-20,242,13
9509,9,2025-12-20,155,4
9510,10,2025-12-20,118,9
9511,11,2025-12-20,168,11
9512,12,2025-12-20,192,14
9513,13,2025-12-20,99,5
9514,14,2025-12-20,153,7
9515,15,2025-12-20,148,10
9516,16,2025-12-20,173,10
9517,17,2025-12-20,192,10
9518,18,2025-12-20,138,9
9519,19,2025-12-20,151,10
9520,20,2025-12-20,105,3
9521,21,2025-12-20,110,4
9522,22,2025-12-20,324,19
9523,23,2025-12-20,109,8
9524,24,2025-12-20,210,14
9525,25,2025-12-20,135,9
9526,26,2025-12-20,193,11
9527,27,2025-12-20,145,8
9528,28,2025-12-20,106,4
9529,29,2025-12-20,184,12
9530,30,2025-12-20,125,7
9531,31,2025-12-20,113,5
9532,32,2025-12-20,174,6
9533,33,2025-12-20,150,8
9534,34,2025-12-20,91,4
9535,35,2025-12-20,102,4
9536,36,2025-12-20,215,14
9537,37,2025-12-20,193,11
9538,38,2025-12-20,121,6
9539,39,2025-12-20,124,6
9540,40,2025-12-20,109,7
9541,41,2025-12-20,129,7
9542,42,2025-12-20,143,10
9543,43,2025-12-20,132,2
9544,44,2025-12-20,103,6
9545,45,2025-12-20,166,8
9546,46,2025-12-20,171,11
9547,47,2025-12-20,150,10
9548,48,2025-12-20,111,7
9549,49,2025-12-20,210,14
9550,50,2025-12-20,177,13
9551,51,2025-12-20,151,8
9552,52,2025-12-20,120,7
9553,53,2025-12-20,114,3
9554,54,2025-12-20,110,7
9555,55,2025-12-20,145,8
9556,56,2025-12-20,187,8
9557,57,2025-12-20,103,4
9558,58,2025-12-20,146,10
9559,59,2025-12-20,136,10
9560,60,2025-12-20,143,7
9561,61,2025-12-20,133,7
9562,62,2025-12-20,134,10
9563,63,2025-12-20,202,11
9564,64,2025-12-20,105,6
9565,65,2025-12-20,208,13
9566,66,2025-12-20,132,7
9567,67,2025-12-20,147,9
9568,68,2025-12-20,84,3
9569,69,2025-12-20,209,12
9570,70,2025-12-20,82,2
9571,71,2025-12-20,170,7
9572,72,2025-12-20,222,15
9573,73,2025-12-20,163,10
9574,74,2025-12-20,133,8
9575,75,2025-12-20,159,8
9576,76,2025-12-20,109,3
9577,77,2025-12-20,77,6
9578,78,2025-12-20,127,6
9579,79,2025-12-20,144,10
9580,80,2025-12-20,265,17
9581,81,2025-12-20,137,12
9582,82,2025-12-20,163,8
9583,83,2025-12-20,148,9
9584,84,2025-12-20,148,7
9585,85,2025-12-20,176,8
9586,86,2025-12-20,107,2
9587,87,2025-12-20,171,7
9588,88,2025-12-20,154,5
9589,89,2025-12-20,270,17
9590,90,2025-12-20,175,10
9591,91,2025-12-20,144,9
9592,92,2025-12-20,291,17
9593,93,2025-12-20,195,9
9594,94,2025-12-20,254,15
9595,95,2025-12-20,175,9
9596,96,2025-12-20,110,5
9597,97,2025-12-20,151,5
9598,98,2025-12-20,142,6
9599,99,2025-12-20,147,9
9600,100,2025-12-20,176,12
9601,1,2025-12-21,71,3
9602,2,2025-12-21,88,2
9603,3,2025-12-21,113,6
9604,4,2025-12-21,154,8
9605,5,2025-12-21,107,5
9606,6,2025-12-21,102,6
9607,7,2025-12-21,135,10
9608,8,2025-12-21,148,6
9609,9,2025-12-21,80,6
9610,10,2025-12-21,81,3
9611,11,2025-12-21,93,5
9612,12,2025-12-21,90,4
9613,13,2025-12-21,79,0
9614,14,2025-12-21,86,8
9615,15,2025-12-21,55,5
9616,16,2025-12-21,94,3
9617,17,2025-12-21,118,6
9618,18,2025-12-21,99,2
9619,19,2025-12-21,86,6
9620,20,2025-12-21,58,2
9621,21,2025-12-21,63,1
9622,22,2025-12-21,123,6
9623,23,2025-12-21,73,5
9624,24,2025-12-21,90,6
9625,25,2025-12-21,68,1
9626,26,2025-12-21,126,5
9627,27,2025-12-21,89,5
9628,28,2025-12-21,58,1
9629,29,2025-12-21,122,8
9630,30,2025-12-21,111,6
9631,31,2025-12-21,72,2
9632,32,2025-12-21,85,8
9633,33,2025-12-21,81,3
9634,34,2025-12-21,35,0
9635,35,2025-12-21,61,6
9636,36,2025-12-21,95,5
9637,37,2025-12-21,114,7
9638,38,2025-12-21,73,7
9639,39,2025-12-21,88,7
9640,40,2025-12-21,87,4
9641,41,2025-12-21,61,3
9642,42,2025-12-21,105,8
9643,43,2025-12-21,80,5
9644,44,2025-12-21,57,4
9645,45,2025-12-21,69,1
9646,46,2025-12-21,65,1
9647,47,2025-12-21,70,4
9648,48,2025-12-21,61,6
9649,49,2025-12-21,138,6
9650,50,2025-12-21,77,3
9651,51,2025-12-21,76,4
9652,52,2025-12-21,77,4
9653,53,2025-12-21,72,6
9654,54,2025-12-21,55,4
9655,55,2025-12-21,94,7
9656,56,2025-12-21,104,8
9657,57,2025-12-21,59,7
9658,58,2025-12-21,90,5
9659,59,2025-12-21,77,5
9660,60,2025-12-21,89,2
9661,61,2025-12-21,61,2
9662,62,2025-12-21,71,1
9663,63,2025-12-21,151,9
9664,64,2025-12-21,83,3
9665,65,2025-12-21,60,1
9666,66,2025-12-21,92,3
9667,67,2025-12-21,111,6
9668,68,2025-12-21,52,6
9669,69,2025-12-21,115,3
9670,70,2025-12-21,46,7
9671,71,2025-12-21,90,3
9672,72,2025-12-21,128,7
9673,73,2025-12-21,105,7
9674,74,2025-12-21,46,5
9675,75,2025-12-21,88,5
9676,76,2025-12-21,86,5
9677,77,2025-12-21,51,0
9678,78,2025-12-21,81,3
9679,79,2025-12-21,65,3
9680,80,2025-12-21,165,11
9681,81,2025-12-21,73,6
9682,82,2025-12-21,68,6
9683,83,2025-12-21,88,4
9684,84,2025-12-21,85,2
9685,85,2025-12-21,106,6
9686,86,2025-12-21,70,2
9687,87,2025-12-21,95,6
9688,88,2025-12-21,84,2
9689,89,2025-12-21,167,6
9690,90,2025-12-21,88,2
9691,91,2025-12-21,81,2
9692,92,2025-12-21,160,11
9693,93,2025-12-21,122,4
9694,94,2025-12-21,151,9
9695,95,2025-12-21,140,6
9696,96,2025-12-21,60,2
9697,97,2025-12-21,72,2
9698,98,2025-12-21,113,5
9699,99,2025-12-21,72,4
9700,100,2025-12-21,85,5
9701,1,2025-12-22,178,11
9702,2,2025-12-22,174,10
9703,3,2025-12-22,219,14
9704,4,2025-12-22,269,14
9705,5,2025-12-22,281,15
9706,6,2025-12-22,257,13
9707,7,2025-12-22,388,19
9708,8,2025-12-22,275,13
9709,9,2025-12-22,248,15
9710,10,2025-12-22,163,11
9711,11,2025-12-22,198,8
9712,12,2025-12-22,265,16
9713,13,2025-12-22,148,9
9714,14,2025-12-22,200,9
9715,15,2025-12-22,186,10
9716,16,2025-12-22,271,15
9717,17,2025-12-22,268,16
9718,18,2025-12-22,176,11
9719,19,2025-12-22,178,10
9720,20,2025-12-22,125,8
9721,21,2025-12-22,158,9
9722,22,2025-12-22,378,21
9723,23,2025-12-22,136,9
9724,24,2025-12-22,246,15
9725,25,2025-12-22,160,8
9726,26,2025-12-22,279,14
9727,27,2025-12-22,157,9
9728,28,2025-12-22,140,7
9729,29,2025-12-22,246,13
9730,30,2025-12-22,168,8
9731,31,2025-12-22,157,9
9732,32,2025-12-22,189,9
9733,33,2025-12-22,145,4
9734,34,2025-12-22,127,5
9735,35,2025-12-22,124,8
9736,36,2025-12-22,289,21
9737,37,2025-12-22,234,13
9738,38,2025-12-22,181,10
9739,39,2025-12-22,186,11
9740,40,2025-12-22,179,11
9741,41,2025-12-22,162,9
9742,42,2025-12-22,264,16
9743,43,2025-12-22,206,10
9744,44,2025-12-22,123,7
9745,45,2025-12-22,231,15
9746,46,2025-12-22,208,11
9747,47,2025-12-22,215,9
9748,48,2025-12-22,158,8
9749,49,2025-12-22,147,7
9750,50,2025-12-22,203,11
9751,51,2025-12-22,252,15
9752,52,2025-12-22,165,12
9753,53,2025-12-22,148,11
9754,54,2025-12-22,148,7
9755,55,2025-12-22,193,12
9756,56,2025-12-22,247,11
9757,57,2025-12-22,140,6
9758,58,2025-12-22,218,13
9759,59,2025-12-22,168,10
9760,60,2025-12-22,176,12
9761,61,2025-12-22,203,13
9762,62,2025-12-22,211,15
9763,63,2025-12-22,284,16
9764,64,2025-12-22,167,12
9765,65,2025-12-22,245,14
9766,66,2025-12-22,171,10
9767,67,2025-12-22,257,20
9768,68,2025-12-22,87,5
9769,69,2025-12-22,220,11
9770,70,2025-12-22,108,2
9771,71,2025-12-22,222,15
9772,72,2025-12-22,273,14
9773,73,2025-12-22,200,13
9774,74,2025-12-22,203,11
9775,75,2025-12-22,182,10
9776,76,2025-12-22,171,10
9777,77,2025-12-22,102,8
9778,78,2025-12-22,201,9
9779,79,2025-12-22,143,9
9780,80,2025-12-22,294,18
9781,81,2025-12-22,200,10
9782,82,2025-12-22,201,14
9783,83,2025-12-22,224,9
9784,84,2025-12-22,239,14
9785,85,2025-12-22,188,9
9786,86,2025-12-22,167,10
9787,87,2025-12-22,184,10
9788,88,2025-12-22,208,13
9789,89,2025-12-22,329,19
9790,90,2025-12-22,207,9
9791,91,2025-12-22,173,12
9792,92,2025-12-22,356,24
9793,93,2025-12-22,228,11
9794,94,2025-12-22,346,21
9795,95,2025-12-22,269,16
9796,96,2025-12-22,160,12
9797,97,2025-12-22,191,10
9798,98,2025-12-22,204,14
9799,99,2025-12-22,186,12
9800,100,2025-12-22,222,16
9801,1,2025-12-23,158,9
9802,2,2025-12-23,182,11
9803,3,2025-12-23,195,9
9804,4,2025-12-23,237,13
9805,5,2025-12-23,217,10
9806,6,2025-12-23,225,14
9807,7,2025-12-23,304,21
9808,8,2025-12-23,238,15
9809,9,2025-12-23,180,9
9810,10,2025-12-23,133,7
9811,11,2025-12-23,168,13
9812,12,2025-12-23,223,14
9813,13,2025-12-23,152,7
9814,14,2025-12-23,170,11
9815,15,2025-12-23,156,7
9816,16,2025-12-23,170,8
9817,17,2025-12-23,243,14
9818,18,2025-12-23,168,8
9819,19,2025-12-23,164,12
9820,20,2025-12-23,109,5
9821,21,2025-12-23,126,8
9822,22,2025-12-23,195,11
9823,23,2025-12-23,131,5
9824,24,2025-12-23,197,12
9825,25,2025-12-23,137,7
9826,26,2025-12-23,219,14
9827,27,2025-12-23,155,11
9828,28,2025-12-23,114,10
9829,29,2025-12-23,182,7
9830,30,2025-12-23,190,9
9831,31,2025-12-23,131,9
9832,32,2025-12-23,158,14
9833,33,2025-12-23,159,9
9834,34,2025-12-23,101,9
9835,35,2025-12-23,117,7
9836,36,2025-12-23,292,18
9837,37,2025-12-23,204,10
9838,38,2025-12-23,170,11
9839,39,2025-12-23,151,9
9840,40,2025-12-23,151,9
9841,41,2025-12-23,142,6
9842,42,2025-12-23,210,13
9843,43,2025-12-23,149,9
9844,44,2025-12-23,114,6
9845,45,2025-12-23,201,13
9846,46,2025-12-23,178,13
9847,47,2025-12-23,165,12
9848,48,2025-12-23,134,5
9849,49,2025-12-23,128,7
9850,50,2025-12-23,214,9
9851,51,2025-12-23,211,11
9852,52,2025-12-23,146,7
9853,53,2025-12-23,143,9
9854,54,2025-12-23,118,6
9855,55,2025-12-23,163,14
9856,56,2025-12-23,206,8
9857,57,2025-12-23,114,6
9858,58,2025-12-23,192,11
9859,59,2025-12-23,149,13
9860,60,2025-12-23,159,9
9861,61,2025-12-23,191,13
9862,62,2025-12-23,172,11
9863,63,2025-12-23,221,14
9864,64,2025-12-23,142,6
9865,65,2025-12-23,199,10
9866,66,2025-12-23,159,8
9867,67,2025-12-23,205,11
9868,68,2025-12-23,88,6
9869,69,2025-12-23,210,9
9870,70,2025-12-23,97,6
9871,71,2025-12-23,194,12
9872,72,2025-12-23,231,15
9873,73,2025-12-23,192,14
9874,74,2025-12-23,151,10
9875,75,2025-12-23,204,16
9876,76,2025-12-23,171,12
9877,77,2025-12-23,99,6
9878,78,2025-12-23,132,6
9879,79,2025-12-23,114,5
9880,80,2025-12-23,272,14
9881,81,2025-12-23,162,10
9882,82,2025-12-23,136,9
9883,83,2025-12-23,191,12
9884,84,2025-12-23,211,14
9885,85,2025-12-23,197,11
9886,86,2025-12-23,160,12
9887,87,2025-12-23,138,8
9888,88,2025-12-23,176,13
9889,89,2025-12-23,262,12
9890,90,2025-12-23,184,10
9891,91,2025-12-23,150,7
9892,92,2025-12-23,360,21
9893,93,2025-12-23,183,10
9894,94,2025-12-23,288,16
9895,95,2025-12-23,208,13
9896,96,2025-12-23,133,5
9897,97,2025-12-23,171,9
9898,98,2025-12-23,187,12
9899,99,2025-12-23,160,7
9900,100,2025-12-23,210,11
9901,1,2025-12-24,147,10
9902,2,2025-12-24,174,10
9903,3,2025-12-24,236,17
9904,4,2025-12-24,248,15
9905,5,2025-12-24,231,12
9906,6,2025-12-24,263,17
9907,7,2025-12-24,292,17
9908,8,2025-12-24,229,12
9909,9,2025-12-24,193,12
9910,10,2025-12-24,135,9
9911,11,2025-12-24,191,10
9912,12,2025-12-24,192,14
9913,13,2025-12-24,137,10
9914,14,2025-12-24,183,12
9915,15,2025-12-24,166,9
9916,16,2025-12-24,227,11
9917,17,2025-12-24,238,12
9918,18,2025-12-24,179,12
9919,19,2025-12-24,168,8
9920,20,2025-12-24,104,2
9921,21,2025-12-24,127,5
9922,22,2025-12-24,188,7
9923,23,2025-12-24,117,6
9924,24,2025-12-24,211,12
9925,25,2025-12-24,134,7
9926,26,2025-12-24,194,12
9927,27,2025-12-24,155,11
9928,28,2025-12-24,123,7
9929,29,2025-12-24,214,14
9930,30,2025-12-24,180,11
9931,31,2025-12-24,142,10
9932,32,2025-12-24,171,9
9933,33,2025-12-24,134,11
9934,34,2025-12-24,97,8
9935,35,2025-12-24,106,4
9936,36,2025-12-24,275,13
9937,37,2025-12-24,179,10
9938,38,2025-12-24,142,10
9939,39,2025-12-24,154,10
9940,40,2025-12-24,117,8
9941,41,2025-12-24,141,9
9942,42,2025-12-24,212,14
9943,43,2025-12-24,156,10
9944,44,2025-12-24,88,7
9945,45,2025-12-24,186,10
9946,46,2025-12-24,197,12
9947,47,2025-12-24,180,13
9948,48,2025-12-24,114,6
9949,49,2025-12-24,172,9
9950,50,2025-12-24,166,8
9951,51,2025-12-24,169,12
9952,52,2025-12-24,139,6
9953,53,2025-12-24,124,8
9954,54,2025-12-24,119,4
9955,55,2025-12-24,167,11
9956,56,2025-12-24,207,9
9957,57,2025-12-24,104,6
9958,58,2025-12-24,198,11
9959,59,2025-12-24,147,10
9960,60,2025-12-24,178,10
9961,61,2025-12-24,182,10
9962,62,2025-12-24,161,12
9963,63,2025-12-24,239,15
9964,64,2025-12-24,130,7
9965,65,2025-12-24,198,11
9966,66,2025-12-24,165,9
9967,67,2025-12-24,222,10
9968,68,2025-12-24,95,6
9969,69,2025-12-24,185,10
9970,70,2025-12-24,93,4
9971,71,2025-12-24,189,9
9972,72,2025-12-24,203,12
9973,73,2025-12-24,202,12
9974,74,2025-12-24,174,10
9975,75,2025-12-24,164,11
9976,76,2025-12-24,157,10
9977,77,2025-12-24,113,6
9978,78,2025-12-24,158,10
9979,79,2025-12-24,122,6
9980,80,2025-12-24,264,14
9981,81,2025-12-24,142,6
9982,82,2025-12-24,157,9
9983,83,2025-12-24,211,11
9984,84,2025-12-24,168,10
9985,85,2025-12-24,196,15
9986,86,2025-12-24,151,7
9987,87,2025-12-24,153,9
9988,88,2025-12-24,173,11
9989,89,2025-12-24,258,14
9990,90,2025-12-24,181,10
9991,91,2025-12-24,157,8
9992,92,2025-12-24,380,25
9993,93,2025-12-24,205,15
9994,94,2025-12-24,303,17
9995,95,2025-12-24,197,12
9996,96,2025-12-24,135,4
9997,97,2025-12-24,181,12
9998,98,2025-12-24,181,10
9999,99,2025-12-24,190,12
10000,100,2025-12-24,201,11
10001,1,2025-12-25,137,12
10002,2,2025-12-25,164,8
10003,3,2025-12-25,164,11
10004,4,2025-12-25,234,13
10005,5,2025-12-25,194,12
10006,6,2025-12-25,228,13
10007,7,2025-12-25,280,13
10008,8,2025-12-25,211,15
10009,9,2025-12-25,180,13
10010,10,2025-12-25,123,8
10011,11,2025-12-25,184,8
10012,12,2025-12-25,165,10
10013,13,2025-12-25,131,8
10014,14,2025-12-25,178,9
10015,15,2025-12-25,134,6
10016,16,2025-12-25,168,10
10017,17,2025-12-25,186,12
10018,18,2025-12-25,130,9
10019,19,2025-12-25,130,6
10020,20,2025-12-25,89,6
10021,21,2025-12-25,134,4
10022,22,2025-12-25,151,13
10023,23,2025-12-25,101,3
10024,24,2025-12-25,167,8
10025,25,2025-12-25,116,10
10026,26,2025-12-25,187,14
10027,27,2025-12-25,173,11
10028,28,2025-12-25,102,4
10029,29,2025-12-25,205,15
10030,30,2025-12-25,150,9
10031,31,2025-12-25,146,10
10032,32,2025-12-25,140,7
10033,33,2025-12-25,105,4
10034,34,2025-12-25,92,8
10035,35,2025-12-25,108,3
10036,36,2025-12-25,239,15
10037,37,2025-12-25,184,11
10038,38,2025-12-25,143,13
10039,39,2025-12-25,144,5
10040,40,2025-12-25,122,6
10041,41,2025-12-25,141,8
10042,42,2025-12-25,153,8
10043,43,2025-12-25,126,5
10044,44,2025-12-25,96,4
10045,45,2025-12-25,149,7
10046,46,2025-12-25,179,6
10047,47,2025-12-25,131,7
10048,48,2025-12-25,124,7
10049,49,2025-12-25,117,7
10050,50,2025-12-25,204,11
10051,51,2025-12-25,147,9
10052,52,2025-12-25,133,8
10053,53,2025-12-25,126,10
10054,54,2025-12-25,102,5
10055,55,2025-12-25,141,7
10056,56,2025-12-25,171,11
10057,57,2025-12-25,102,4
10058,58,2025-12-25,165,11
10059,59,2025-12-25,160,11
10060,60,2025-12-25,131,5
10061,61,2025-12-25,155,8
10062,62,2025-12-25,131,5
10063,63,2025-12-25,192,14
10064,64,2025-12-25,122,9
10065,65,2025-12-25,178,13
10066,66,2025-12-25,146,7
10067,67,2025-12-25,201,11
10068,68,2025-12-25,82,3
10069,69,2025-12-25,153,7
10070,70,2025-12-25,83,4
10071,71,2025-12-25,162,9
10072,72,2025-12-25,185,5
10073,73,2025-12-25,172,10
10074,74,2025-12-25,143,7
10075,75,2025-12-25,147,8
10076,76,2025-12-25,127,8
10077,77,2025-12-25,89,5
10078,78,2025-12-25,114,5
10079,79,2025-12-25,100,5
10080,80,2025-12-25,190,12
10081,81,2025-12-25,138,10
10082,82,2025-12-25,152,7
10083,83,2025-12-25,165,10
10084,84,2025-12-25,175,12
10085,85,2025-12-25,132,10
10086,86,2025-12-25,119,5
10087,87,2025-12-25,138,7
10088,88,2025-12-25,142,9
10089,89,2025-12-25,209,10
10090,90,2025-12-25,146,11
10091,91,2025-12-25,122,10
10092,92,2025-12-25,404,24
10093,93,2025-12-25,169,8
10094,94,2025-12-25,246,10
10095,95,2025-12-25,205,12
10096,96,2025-12-25,100,6
10097,97,2025-12-25,158,9
10098,98,2025-12-25,183,12
10099,99,2025-12-25,147,7
10100,100,2025-12-25,150,13
10101,1,2025-12-26,131,8
10102,2,2025-12-26,146,8
10103,3,2025-12-26,163,9
10104,4,2025-12-26,229,13
10105,5,2025-12-26,229,13
10106,6,2025-12-26,211,14
10107,7,2025-12-26,309,16
10108,8,2025-12-26,242,14
10109,9,2025-12-26,161,10
10110,10,2025-12-26,112,7
10111,11,2025-12-26,190,11
10112,12,2025-12-26,171,9
10113,13,2025-12-26,107,6
10114,14,2025-12-26,141,5
10115,15,2025-12-26,141,11
10116,16,2025-12-26,181,7
10117,17,2025-12-26,216,13
10118,18,2025-12-26,144,6
10119,19,2025-12-26,143,10
10120,20,2025-12-26,114,8
10121,21,2025-12-26,128,5
10122,22,2025-12-26,160,10
10123,23,2025-12-26,101,6
10124,24,2025-12-26,165,11
10125,25,2025-12-26,110,2
10126,26,2025-12-26,203,12
10127,27,2025-12-26,146,10
10128,28,2025-12-26,118,8
10129,29,2025-12-26,191,14
10130,30,2025-12-26,110,3
10131,31,2025-12-26,106,6
10132,32,2025-12-26,141,9
10133,33,2025-12-26,120,6
10134,34,2025-12-26,113,5
10135,35,2025-12-26,82,3
10136,36,2025-12-26,259,18
10137,37,2025-12-26,174,12
10138,38,2025-12-26,151,13
10139,39,2025-12-26,141,7
10140,40,2025-12-26,127,8
10141,41,2025-12-26,117,4
10142,42,2025-12-26,194,15
10143,43,2025-12-26,135,11
10144,44,2025-12-26,81,5
10145,45,2025-12-26,156,8
10146,46,2025-12-26,194,12
10147,47,2025-12-26,126,7
10148,48,2025-12-26,117,2
10149,49,2025-12-26,119,7
10150,50,2025-12-26,164,10
10151,51,2025-12-26,165,11
10152,52,2025-12-26,135,9
10153,53,2025-12-26,103,5
10154,54,2025-12-26,104,9
10155,55,2025-12-26,140,10
10156,56,2025-12-26,164,7
10157,57,2025-12-26,103,0
10158,58,2025-12-26,141,7
10159,59,2025-12-26,153,9
10160,60,2025-12-26,137,9
10161,61,2025-12-26,145,6
10162,62,2025-12-26,119,3
10163,63,2025-12-26,193,10
10164,64,2025-12-26,128,10
10165,65,2025-12-26,181,13
10166,66,2025-12-26,122,4
10167,67,2025-12-26,180,7
10168,68,2025-12-26,67,4
10169,69,2025-12-26,184,10
10170,70,2025-12-26,80,6
10171,71,2025-12-26,146,8
10172,72,2025-12-26,173,11
10173,73,2025-12-26,182,11
10174,74,2025-12-26,122,4
10175,75,2025-12-26,176,12
10176,76,2025-12-26,134,3
10177,77,2025-12-26,92,4
10178,78,2025-12-26,115,6
10179,79,2025-12-26,118,6
10180,80,2025-12-26,246,14
10181,81,2025-12-26,127,5
10182,82,2025-12-26,148,11
10183,83,2025-12-26,178,6
10184,84,2025-12-26,134,7
10185,85,2025-12-26,183,15
10186,86,2025-12-26,138,7
10187,87,2025-12-26,160,9
10188,88,2025-12-26,139,7
10189,89,2025-12-26,236,13
10190,90,2025-12-26,149,9
10191,91,2025-12-26,140,8
10192,92,2025-12-26,308,20
10193,93,2025-12-26,164,10
10194,94,2025-12-26,140,10
10195,95,2025-12-26,189,13
10196,96,2025-12-26,120,3
10197,97,2025-12-26,160,9
10198,98,2025-12-26,159,10
10199,99,2025-12-26,153,10
10200,100,2025-12-26,164,9
10201,1,2025-12-27,126,6
10202,2,2025-12-27,139,8
10203,3,2025-12-27,188,11
10204,4,2025-12-27,217,10
10205,5,2025-12-27,181,7
10206,6,2025-12-27,212,9
10207,7,2025-12-27,287,16
10208,8,2025-12-27,240,13
10209,9,2025-12-27,147,8
10210,10,2025-12-27,115,4
10211,11,2025-12-27,169,13
10212,12,2025-12-27,158,10
10213,13,2025-12-27,105,6
10214,14,2025-12-27,165,8
10215,15,2025-12-27,139,8
10216,16,2025-12-27,206,13
10217,17,2025-12-27,222,12
10218,18,2025-12-27,150,9
10219,19,2025-12-27,128,7
10220,20,2025-12-27,89,4
10221,21,2025-12-27,108,7
10222,22,2025-12-27,141,8
10223,23,2025-12-27,119,7
10224,24,2025-12-27,186,7
10225,25,2025-12-27,128,5
10226,26,2025-12-27,208,10
10227,27,2025-12-27,164,11
10228,28,2025-12-27,98,2
10229,29,2025-12-27,200,13
10230,30,2025-12-27,129,8
10231,31,2025-12-27,121,4
10232,32,2025-12-27,125,7
10233,33,2025-12-27,129,8
10234,34,2025-12-27,99,4
10235,35,2025-12-27,105,6
10236,36,2025-12-27,224,10
10237,37,2025-12-27,167,11
10238,38,2025-12-27,166,9
10239,39,2025-12-27,112,7
10240,40,2025-12-27,114,4
10241,41,2025-12-27,129,7
10242,42,2025-12-27,171,11
10243,43,2025-12-27,121,8
10244,44,2025-12-27,89,3
10245,45,2025-12-27,176,8
10246,46,2025-12-27,180,9
10247,47,2025-12-27,144,9
10248,48,2025-12-27,124,10
10249,49,2025-12-27,116,8
10250,50,2025-12-27,167,9
10251,51,2025-12-27,175,14
10252,52,2025-12-27,109,6
10253,53,2025-12-27,107,7
10254,54,2025-12-27,114,9
10255,55,2025-12-27,161,12
10256,56,2025-12-27,163,10
10257,57,2025-12-27,82,5
10258,58,2025-12-27,186,8
10259,59,2025-12-27,121,6
10260,60,2025-12-27,162,5
10261,61,2025-12-27,166,11
10262,62,2025-12-27,169,11
10263,63,2025-12-27,187,11
10264,64,2025-12-27,138,10
10265,65,2025-12-27,208,11
10266,66,2025-12-27,128,8
10267,67,2025-12-27,192,10
10268,68,2025-12-27,89,1
10269,69,2025-12-27,180,8
10270,70,2025-12-27,96,4
10271,71,2025-12-27,161,10
10272,72,2025-12-27,190,11
10273,73,2025-12-27,149,10
10274,74,2025-12-27,142,7
10275,75,2025-12-27,150,10
10276,76,2025-12-27,162,9
10277,77,2025-12-27,85,3
10278,78,2025-12-27,118,9
10279,79,2025-12-27,96,4
10280,80,2025-12-27,252,17
10281,81,2025-12-27,160,11
10282,82,2025-12-27,171,4
10283,83,2025-12-27,177,12
10284,84,2025-12-27,148,7
10285,85,2025-12-27,171,10
10286,86,2025-12-27,138,10
10287,87,2025-12-27,138,7
10288,88,2025-12-27,136,8
10289,89,2025-12-27,242,12
10290,90,2025-12-27,145,10
10291,91,2025-12-27,128,7
10292,92,2025-12-27,412,22
10293,93,2025-12-27,193,11
10294,94,2025-12-27,131,8
10295,95,2025-12-27,170,10
10296,96,2025-12-27,112,6
10297,97,2025-12-27,140,9
10298,98,2025-12-27,156,13
10299,99,2025-12-27,133,6
10300,100,2025-12-27,157,7
10301,1,2025-12-28,63,5
10302,2,2025-12-28,96,4
10303,3,2025-12-28,117,6
10304,4,2025-12-28,109,7
10305,5,2025-12-28,145,10
10306,6,2025-12-28,178,11
10307,7,2025-12-28,146,10
10308,8,2025-12-28,102,4
10309,9,2025-12-28,95,1
10310,10,2025-12-28,65,3
10311,11,2025-12-28,110,8
10312,12,2025-12-28,96,8
10313,13,2025-12-28,55,3
10314,14,2025-12-28,112,9
10315,15,2025-12-28,92,2
10316,16,2025-12-28,126,3
10317,17,2025-12-28,138,7
10318,18,2025-12-28,86,7
10319,19,2025-12-28,69,6
10320,20,2025-12-28,60,5
10321,21,2025-12-28,77,3
10322,22,2025-12-28,113,8
10323,23,2025-12-28,67,4
10324,24,2025-12-28,97,7
10325,25,2025-12-28,61,5
10326,26,2025-12-28,92,7
10327,27,2025-12-28,79,3
10328,28,2025-12-28,59,4
10329,29,2025-12-28,81,7
10330,30,2025-12-28,103,4
10331,31,2025-12-28,77,4
10332,32,2025-12-28,90,7
10333,33,2025-12-28,76,7
10334,34,2025-12-28,29,3
10335,35,2025-12-28,54,0
10336,36,2025-12-28,151,11
10337,37,2025-12-28,81,5
10338,38,2025-12-28,67,5
10339,39,2025-12-28,71,2
10340,40,2025-12-28,38,1
10341,41,2025-12-28,45,2
10342,42,2025-12-28,128,5
10343,43,2025-12-28,93,1
10344,44,2025-12-28,55,5
10345,45,2025-12-28,90,11
10346,46,2025-12-28,101,4
10347,47,2025-12-28,77,2
10348,48,2025-12-28,63,4
10349,49,2025-12-28,64,4
10350,50,2025-12-28,93,3
10351,51,2025-12-28,96,6
10352,52,2025-12-28,85,2
10353,53,2025-12-28,64,3
10354,54,2025-12-28,57,3
10355,55,2025-12-28,72,2
10356,56,2025-12-28,114,6
10357,57,2025-12-28,51,2
10358,58,2025-12-28,88,5
10359,59,2025-12-28,75,7
10360,60,2025-12-28,94,7
10361,61,2025-12-28,90,5
10362,62,2025-12-28,76,7
10363,63,2025-12-28,94,5
10364,64,2025-12-28,88,1
10365,65,2025-12-28,115,8
10366,66,2025-12-28,66,4
10367,67,2025-12-28,78,4
10368,68,2025-12-28,45,1
10369,69,2025-12-28,113,5
10370,70,2025-12-28,50,1
10371,71,2025-12-28,60,1
10372,72,2025-12-28,96,3
10373,73,2025-12-28,96,4
10374,74,2025-12-28,70,4
10375,75,2025-12-28,114,7
10376,76,2025-12-28,64,2
10377,77,2025-12-28,58,2
10378,78,2025-12-28,102,4
10379,79,2025-12-28,57,5
10380,80,2025-12-28,112,5
10381,81,2025-12-28,80,5
10382,82,2025-12-28,79,3
10383,83,2025-12-28,93,5
10384,84,2025-12-28,115,8
10385,85,2025-12-28,83,2
10386,86,2025-12-28,81,0
10387,87,2025-12-28,86,2
10388,88,2025-12-28,84,2
10389,89,2025-12-28,159,11
10390,90,2025-12-28,92,9
10391,91,2025-12-28,65,0
10392,92,2025-12-28,233,12
10393,93,2025-12-28,87,3
10394,94,2025-12-28,72,2
10395,95,2025-12-28,100,4
10396,96,2025-12-28,65,4
10397,97,2025-12-28,80,5
10398,98,2025-12-28,114,7
10399,99,2025-12-28,74,5
10400,100,2025-12-28,103,5
10401,1,2025-12-29,178,9
10402,2,2025-12-29,201,12
10403,3,2025-12-29,247,17
10404,4,2025-12-29,311,19
10405,5,2025-12-29,286,13
10406,6,2025-12-29,259,15
10407,7,2025-12-29,302,18
10408,8,2025-12-29,262,18
10409,9,2025-12-29,193,11
10410,10,2025-12-29,143,6
10411,11,2025-12-29,196,12
10412,12,2025-12-29,206,9
10413,13,2025-12-29,143,4
10414,14,2025-12-29,223,11
10415,15,2025-12-29,208,11
10416,16,2025-12-29,220,15
10417,17,2025-12-29,237,16
10418,18,2025-12-29,182,11
10419,19,2025-12-29,182,8
10420,20,2025-12-29,101,6
10421,21,2025-12-29,153,5
10422,22,2025-12-29,222,12
10423,23,2025-12-29,164,7
10424,24,2025-12-29,230,12
10425,25,2025-12-29,170,9
10426,26,2025-12-29,261,17
10427,27,2025-12-29,169,7
10428,28,2025-12-29,159,7
10429,29,2025-12-29,224,13
10430,30,2025-12-29,173,11
10431,31,2025-12-29,148,9
10432,32,2025-12-29,180,11
10433,33,2025-12-29,180,9
10434,34,2025-12-29,109,5
10435,35,2025-12-29,129,7
10436,36,2025-12-29,298,15
10437,37,2025-12-29,193,12
10438,38,2025-12-29,197,12
10439,39,2025-12-29,184,10
10440,40,2025-12-29,143,6
10441,41,2025-12-29,181,11
10442,42,2025-12-29,227,13
10443,43,2025-12-29,186,10
10444,44,2025-12-29,132,7
10445,45,2025-12-29,198,9
10446,46,2025-12-29,229,14
10447,47,2025-12-29,207,11
10448,48,2025-12-29,171,10
10449,49,2025-12-29,168,9
10450,50,2025-12-29,209,14
10451,51,2025-12-29,191,13
10452,52,2025-12-29,153,11
10453,53,2025-12-29,148,6
10454,54,2025-12-29,153,5
10455,55,2025-12-29,191,14
10456,56,2025-12-29,254,13
10457,57,2025-12-29,123,5
10458,58,2025-12-29,214,16
10459,59,2025-12-29,189,11
10460,60,2025-12-29,194,10
10461,61,2025-12-29,199,12
10462,62,2025-12-29,176,10
10463,63,2025-12-29,274,17
10464,64,2025-12-29,163,12
10465,65,2025-12-29,253,14
10466,66,2025-12-29,158,7
10467,67,2025-12-29,220,16
10468,68,2025-12-29,90,7
10469,69,2025-12-29,251,18
10470,70,2025-12-29,109,6
10471,71,2025-12-29,191,13
10472,72,2025-12-29,245,15
10473,73,2025-12-29,230,11
10474,74,2025-12-29,181,10
10475,75,2025-12-29,220,15
10476,76,2025-12-29,182,12
10477,77,2025-12-29,113,5
10478,78,2025-12-29,172,11
10479,79,2025-12-29,160,6
10480,80,2025-12-29,321,18
10481,81,2025-12-29,164,13
10482,82,2025-12-29,172,9
10483,83,2025-12-29,253,12
10484,84,2025-12-29,225,14
10485,85,2025-12-29,223,12
10486,86,2025-12-29,152,9
10487,87,2025-12-29,182,11
10488,88,2025-12-29,171,8
10489,89,2025-12-29,328,21
10490,90,2025-12-29,185,12
10491,91,2025-12-29,167,10
10492,92,2025-12-29,473,27
10493,93,2025-12-29,246,12
10494,94,2025-12-29,202,14
10495,95,2025-12-29,282,15
10496,96,2025-12-29,152,9
10497,97,2025-12-29,194,13
10498,98,2025-12-29,219,14
10499,99,2025-12-29,183,8
10500,100,2025-12-29,267,16
10501,1,2025-12-30,157,10
10502,2,2025-12-30,164,11
10503,3,2025-12-30,202,13
10504,4,2025-12-30,240,14
10505,5,2025-12-30,240,10
10506,6,2025-12-30,259,15
10507,7,2025-12-30,258,14
10508,8,2025-12-30,237,12
10509,9,2025-12-30,211,11
10510,10,2025-12-30,150,8
10511,11,2025-12-30,206,12
10512,12,2025-12-30,218,16
10513,13,2025-12-30,129,10
10514,14,2025-12-30,177,10
10515,15,2025-12-30,133,10
10516,16,2025-12-30,210,14
10517,17,2025-12-30,233,16
10518,18,2025-12-30,171,11
10519,19,2025-12-30,156,10
10520,20,2025-12-30,108,5
10521,21,2025-12-30,126,6
10522,22,2025-12-30,194,11
10523,23,2025-12-30,131,6
10524,24,2025-12-30,218,13
10525,25,2025-12-30,133,9
10526,26,2025-12-30,240,19
10527,27,2025-12-30,166,9
10528,28,2025-12-30,117,9
10529,29,2025-12-30,223,15
10530,30,2025-12-30,164,10
10531,31,2025-12-30,144,6
10532,32,2025-12-30,168,9
10533,33,2025-12-30,140,8
10534,34,2025-12-30,102,4
10535,35,2025-12-30,122,5
10536,36,2025-12-30,254,15
10537,37,2025-12-30,196,15
10538,38,2025-12-30,171,10
10539,39,2025-12-30,134,5
10540,40,2025-12-30,119,3
10541,41,2025-12-30,119,5
10542,42,2025-12-30,195,13
10543,43,2025-12-30,174,12
10544,44,2025-12-30,112,4
10545,45,2025-12-30,170,5
10546,46,2025-12-30,200,12
10547,47,2025-12-30,159,12
10548,48,2025-12-30,143,11
10549,49,2025-12-30,135,10
10550,50,2025-12-30,189,14
10551,51,2025-12-30,230,13
10552,52,2025-12-30,165,8
10553,53,2025-12-30,113,11
10554,54,2025-12-30,116,7
10555,55,2025-12-30,168,8
10556,56,2025-12-30,197,10
10557,57,2025-12-30,131,7
10558,58,2025-12-30,217,15
10559,59,2025-12-30,154,13
10560,60,2025-12-30,182,12
10561,61,2025-12-30,203,14
10562,62,2025-12-30,140,8
10563,63,2025-12-30,218,15
10564,64,2025-12-30,130,8
10565,65,2025-12-30,185,12
10566,66,2025-12-30,147,11
10567,67,2025-12-30,175,8
10568,68,2025-12-30,86,6
10569,69,2025-12-30,201,14
10570,70,2025-12-30,87,4
10571,71,2025-12-30,186,13
10572,72,2025-12-30,224,13
10573,73,2025-12-30,199,12
10574,74,2025-12-30,141,11
10575,75,2025-12-30,169,10
10576,76,2025-12-30,164,12
10577,77,2025-12-30,103,4
10578,78,2025-12-30,137,10
10579,79,2025-12-30,127,5
10580,80,2025-12-30,242,14
10581,81,2025-12-30,154,8
10582,82,2025-12-30,130,7
10583,83,2025-12-30,197,10
10584,84,2025-12-30,159,7
10585,85,2025-12-30,187,8
10586,86,2025-12-30,139,5
10587,87,2025-12-30,154,10
10588,88,2025-12-30,172,8
10589,89,2025-12-30,260,16
10590,90,2025-12-30,178,11
10591,91,2025-12-30,149,9
10592,92,2025-12-30,443,25
10593,93,2025-12-30,207,12
10594,94,2025-12-30,168,7
10595,95,2025-12-30,211,14
10596,96,2025-12-30,141,7
10597,97,2025-12-30,178,10
10598,98,2025-12-30,198,12
10599,99,2025-12-30,152,11
10600,100,2025-12-30,179,12
10601,1,2025-12-31,156,6
10602,2,2025-12-31,141,10
10603,3,2025-12-31,202,9
10604,4,2025-12-31,256,14
10605,5,2025-12-31,236,12
10606,6,2025-12-31,254,11
10607,7,2025-12-31,296,19
10608,8,2025-12-31,246,15
10609,9,2025-12-31,206,12
10610,10,2025-12-31,140,7
10611,11,2025-12-31,171,13
10612,12,2025-12-31,234,14
10613,13,2025-12-31,152,10
10614,14,2025-12-31,165,7
10615,15,2025-12-31,150,12
10616,16,2025-12-31,227,18
10617,17,2025-12-31,237,13
10618,18,2025-12-31,177,13
10619,19,2025-12-31,144,9
10620,20,2025-12-31,97,4
10621,21,2025-12-31,132,5
10622,22,2025-12-31,195,14
10623,23,2025-12-31,130,7
10624,24,2025-12-31,214,10
10625,25,2025-12-31,139,7
10626,26,2025-12-31,212,7
10627,27,2025-12-31,172,8
10628,28,2025-12-31,126,5
10629,29,2025-12-31,187,10
10630,30,2025-12-31,146,9
10631,31,2025-12-31,141,4
10632,32,2025-12-31,174,10
10633,33,2025-12-31,140,7
10634,34,2025-12-31,105,7
10635,35,2025-12-31,130,7
10636,36,2025-12-31,268,14
10637,37,2025-12-31,202,12
10638,38,2025-12-31,157,9
10639,39,2025-12-31,158,12
10640,40,2025-12-31,131,7
10641,41,2025-12-31,131,6
10642,42,2025-12-31,219,11
10643,43,2025-12-31,146,10
10644,44,2025-12-31,110,6
10645,45,2025-12-31,172,13
10646,46,2025-12-31,189,9
10647,47,2025-12-31,166,11
10648,48,2025-12-31,136,5
10649,49,2025-12-31,165,5
10650,50,2025-12-31,206,15
10651,51,2025-12-31,191,11
10652,52,2025-12-31,140,7
10653,53,2025-12-31,118,6
10654,54,2025-12-31,132,7
10655,55,2025-12-31,179,11
10656,56,2025-12-31,211,11
10657,57,2025-12-31,111,4
10658,58,2025-12-31,198,10
10659,59,2025-12-31,292,17
10660,60,2025-12-31,147,9
10661,61,2025-12-31,194,11
10662,62,2025-12-31,179,11
10663,63,2025-12-31,290,16
10664,64,2025-12-31,149,12
10665,65,2025-12-31,233,11
10666,66,2025-12-31,150,8
10667,67,2025-12-31,195,10
10668,68,2025-12-31,86,6
10669,69,2025-12-31,197,8
10670,70,2025-12-31,96,6
10671,71,2025-12-31,185,15
10672,72,2025-12-31,200,11
10673,73,2025-12-31,186,10
10674,74,2025-12-31,154,6
10675,75,2025-12-31,170,8
10676,76,2025-12-31,161,9
10677,77,2025-12-31,99,4
10678,78,2025-12-31,155,8
10679,79,2025-12-31,128,8
10680,80,2025-12-31,265,14
10681,81,2025-12-31,150,5
10682,82,2025-12-31,155,9
10683,83,2025-12-31,192,11
10684,84,2025-12-31,193,11
10685,85,2025-12-31,178,12
10686,86,2025-12-31,156,8
10687,87,2025-12-31,150,5
10688,88,2025-12-31,157,8
10689,89,2025-12-31,273,16
10690,90,2025-12-31,149,8
10691,91,2025-12-31,163,9
10692,92,2025-12-31,390,19
10693,93,2025-12-31,215,13
10694,94,2025-12-31,151,10
10695,95,2025-12-31,211,10
10696,96,2025-12-31,139,6
10697,97,2025-12-31,161,8
10698,98,2025-12-31,197,12
10699,99,2025-12-31,169,10
10700,100,2025-12-31,177,12
10701,1,2026-01-01,141,11
10702,2,2026-01-01,137,6
10703,3,2026-01-01,186,10
10704,4,2026-01-01,238,12
10705,5,2026-01-01,224,7
10706,6,2026-01-01,228,14
10707,7,2026-01-01,283,18
10708,8,2026-01-01,205,12
10709,9,2026-01-01,182,11
10710,10,2026-01-01,106,4
10711,11,2026-01-01,157,11
10712,12,2026-01-01,177,10
10713,13,2026-01-01,149,8
10714,14,2026-01-01,151,10
10715,15,2026-01-01,137,7
10716,16,2026-01-01,229,13
10717,17,2026-01-01,184,8
10718,18,2026-01-01,160,11
10719,19,2026-01-01,146,10
10720,20,2026-01-01,101,6
10721,21,2026-01-01,96,7
10722,22,2026-01-01,158,10
10723,23,2026-01-01,110,6
10724,24,2026-01-01,193,10
10725,25,2026-01-01,113,4
10726,26,2026-01-01,187,10
10727,27,2026-01-01,138,5
10728,28,2026-01-01,99,6
10729,29,2026-01-01,168,11
10730,30,2026-01-01,143,6
10731,31,2026-01-01,136,8
10732,32,2026-01-01,160,8
10733,33,2026-01-01,121,6
10734,34,2026-01-01,103,5
10735,35,2026-01-01,98,3
10736,36,2026-01-01,200,13
10737,37,2026-01-01,160,9
10738,38,2026-01-01,154,6
10739,39,2026-01-01,125,8
10740,40,2026-01-01,91,6
10741,41,2026-01-01,133,8
10742,42,2026-01-01,159,9
10743,43,2026-01-01,162,10
10744,44,2026-01-01,91,1
10745,45,2026-01-01,147,10
10746,46,2026-01-01,157,9
10747,47,2026-01-01,274,11
10748,48,2026-01-01,119,7
10749,49,2026-01-01,111,6
10750,50,2026-01-01,151,10
10751,51,2026-01-01,168,9
10752,52,2026-01-01,129,9
10753,53,2026-01-01,118,6
10754,54,2026-01-01,93,4
10755,55,2026-01-01,138,8
10756,56,2026-01-01,184,8
10757,57,2026-01-01,113,7
10758,58,2026-01-01,166,9
10759,59,2026-01-01,234,15
10760,60,2026-01-01,178,9
10761,61,2026-01-01,189,9
10762,62,2026-01-01,133,9
10763,63,2026-01-01,220,16
10764,64,2026-01-01,128,8
10765,65,2026-01-01,151,12
10766,66,2026-01-01,140,9
10767,67,2026-01-01,141,9
10768,68,2026-01-01,76,8
10769,69,2026-01-01,178,6
10770,70,2026-01-01,82,4
10771,71,2026-01-01,148,10
10772,72,2026-01-01,214,20
10773,73,2026-01-01,168,10
10774,74,2026-01-01,122,9
10775,75,2026-01-01,171,12
10776,76,2026-01-01,128,6
10777,77,2026-01-01,93,7
10778,78,2026-01-01,120,8
10779,79,2026-01-01,114,7
10780,80,2026-01-01,230,13
10781,81,2026-01-01,139,10
10782,82,2026-01-01,172,8
10783,83,2026-01-01,164,7
10784,84,2026-01-01,186,11
10785,85,2026-01-01,173,9
10786,86,2026-01-01,119,8
10787,87,2026-01-01,131,7
10788,88,2026-01-01,183,9
10789,89,2026-01-01,218,14
10790,90,2026-01-01,159,11
10791,91,2026-01-01,111,5
10792,92,2026-01-01,327,19
10793,93,2026-01-01,188,9
10794,94,2026-01-01,148,9
10795,95,2026-01-01,190,11
10796,96,2026-01-01,106,4
10797,97,2026-01-01,150,5
10798,98,2026-01-01,156,8
10799,99,2026-01-01,150,11
10800,100,2026-01-01,183,8
10801,1,2026-01-02,116,5
10802,2,2026-01-02,146,9
10803,3,2026-01-02,168,11
10804,4,2026-01-02,239,12
10805,5,2026-01-02,231,14
10806,6,2026-01-02,241,16
10807,7,2026-01-02,256,16
10808,8,2026-01-02,213,13
10809,9,2026-01-02,126,10
10810,10,2026-01-02,137,9
10811,11,2026-01-02,165,9
10812,12,2026-01-02,164,10
10813,13,2026-01-02,98,4
10814,14,2026-01-02,159,12
10815,15,2026-01-02,132,8
10816,16,2026-01-02,179,8
10817,17,2026-01-02,178,11
10818,18,2026-01-02,148,8
10819,19,2026-01-02,161,9
10820,20,2026-01-02,103,7
10821,21,2026-01-02,99,6
10822,22,2026-01-02,168,10
10823,23,2026-01-02,102,5
10824,24,2026-01-02,202,13
10825,25,2026-01-02,109,1
10826,26,2026-01-02,189,13
10827,27,2026-01-02,137,4
10828,28,2026-01-02,116,4
10829,29,2026-01-02,164,10
10830,30,2026-01-02,148,10
10831,31,2026-01-02,119,8
10832,32,2026-01-02,153,7
10833,33,2026-01-02,125,5
10834,34,2026-01-02,87,7
10835,35,2026-01-02,121,8
10836,36,2026-01-02,236,9
10837,37,2026-01-02,174,6
10838,38,2026-01-02,140,5
10839,39,2026-01-02,126,9
10840,40,2026-01-02,113,10
10841,41,2026-01-02,130,8
10842,42,2026-01-02,189,10
10843,43,2026-01-02,146,6
10844,44,2026-01-02,102,7
10845,45,2026-01-02,166,14
10846,46,2026-01-02,201,11
10847,47,2026-01-02,238,11
10848,48,2026-01-02,112,7
10849,49,2026-01-02,143,7
10850,50,2026-01-02,140,9
10851,51,2026-01-02,153,7
10852,52,2026-01-02,144,10
10853,53,2026-01-02,106,4
10854,54,2026-01-02,99,5
10855,55,2026-01-02,147,9
10856,56,2026-01-02,188,8
10857,57,2026-01-02,100,5
10858,58,2026-01-02,165,10
10859,59,2026-01-02,235,13
10860,60,2026-01-02,135,11
10861,61,2026-01-02,176,11
10862,62,2026-01-02,138,9
10863,63,2026-01-02,231,16
10864,64,2026-01-02,126,6
10865,65,2026-01-02,191,10
10866,66,2026-01-02,125,7
10867,67,2026-01-02,193,11
10868,68,2026-01-02,90,6
10869,69,2026-01-02,155,8
10870,70,2026-01-02,82,1
10871,71,2026-01-02,159,9
10872,72,2026-01-02,221,13
10873,73,2026-01-02,199,12
10874,74,2026-01-02,137,7
10875,75,2026-01-02,147,7
10876,76,2026-01-02,144,8
10877,77,2026-01-02,84,7
10878,78,2026-01-02,97,1
10879,79,2026-01-02,109,10
10880,80,2026-01-02,245,14
10881,81,2026-01-02,140,7
10882,82,2026-01-02,145,7
10883,83,2026-01-02,178,10
10884,84,2026-01-02,173,10
10885,85,2026-01-02,193,8
10886,86,2026-01-02,112,5
10887,87,2026-01-02,150,8
10888,88,2026-01-02,170,6
10889,89,2026-01-02,219,17
10890,90,2026-01-02,136,8
10891,91,2026-01-02,155,9
10892,92,2026-01-02,286,18
10893,93,2026-01-02,178,10
10894,94,2026-01-02,165,11
10895,95,2026-01-02,194,11
10896,96,2026-01-02,112,7
10897,97,2026-01-02,134,10
10898,98,2026-01-02,177,6
10899,99,2026-01-02,150,10
10900,100,2026-01-02,165,11
10901,1,2026-01-03,122,7
10902,2,2026-01-03,118,5
10903,3,2026-01-03,189,12
10904,4,2026-01-03,221,12
10905,5,2026-01-03,235,14
10906,6,2026-01-03,220,11
10907,7,2026-01-03,272,14
10908,8,2026-01-03,228,12
10909,9,2026-01-03,152,9
10910,10,2026-01-03,122,5
10911,11,2026-01-03,149,9
10912,12,2026-01-03,170,7
10913,13,2026-01-03,112,6
10914,14,2026-01-03,166,10
10915,15,2026-01-03,150,9
10916,16,2026-01-03,209,9
10917,17,2026-01-03,212,10
10918,18,2026-01-03,178,8
10919,19,2026-01-03,129,8
10920,20,2026-01-03,102,7
10921,21,2026-01-03,116,6
10922,22,2026-01-03,182,11
10923,23,2026-01-03,128,8
10924,24,2026-01-03,198,9
10925,25,2026-01-03,112,5
10926,26,2026-01-03,182,11
10927,27,2026-01-03,144,8
10928,28,2026-01-03,92,6
10929,29,2026-01-03,198,11
10930,30,2026-01-03,142,7
10931,31,2026-01-03,120,8
10932,32,2026-01-03,138,7
10933,33,2026-01-03,118,8
10934,34,2026-01-03,89,5
10935,35,2026-01-03,100,8
10936,36,2026-01-03,230,14
10937,37,2026-01-03,181,10
10938,38,2026-01-03,143,5
10939,39,2026-01-03,132,7
10940,40,2026-01-03,121,4
10941,41,2026-01-03,123,7
10942,42,2026-01-03,154,10
10943,43,2026-01-03,142,6
10944,44,2026-01-03,91,9
10945,45,2026-01-03,153,11
10946,46,2026-01-03,159,8
10947,47,2026-01-03,238,13
10948,48,2026-01-03,110,6
10949,49,2026-01-03,141,7
10950,50,2026-01-03,172,9
10951,51,2026-01-03,194,16
10952,52,2026-01-03,119,4
10953,53,2026-01-03,124,9
10954,54,2026-01-03,116,7
10955,55,2026-01-03,141,9
10956,56,2026-01-03,199,11
10957,57,2026-01-03,105,6
10958,58,2026-01-03,125,10
10959,59,2026-01-03,242,12
10960,60,2026-01-03,125,4
10961,61,2026-01-03,151,3
10962,62,2026-01-03,155,9
10963,63,2026-01-03,205,10
10964,64,2026-01-03,114,5
10965,65,2026-01-03,165,9
10966,66,2026-01-03,139,11
10967,67,2026-01-03,191,8
10968,68,2026-01-03,94,3
10969,69,2026-01-03,193,13
10970,70,2026-01-03,82,1
10971,71,2026-01-03,176,9
10972,72,2026-01-03,188,13
10973,73,2026-01-03,195,10
10974,74,2026-01-03,155,10
10975,75,2026-01-03,161,9
10976,76,2026-01-03,117,5
10977,77,2026-01-03,61,6
10978,78,2026-01-03,118,7
10979,79,2026-01-03,106,4
10980,80,2026-01-03,240,11
10981,81,2026-01-03,107,8
10982,82,2026-01-03,131,4
10983,83,2026-01-03,199,11
10984,84,2026-01-03,152,14
10985,85,2026-01-03,172,7
10986,86,2026-01-03,108,6
10987,87,2026-01-03,119,1
10988,88,2026-01-03,164,7
10989,89,2026-01-03,237,14
10990,90,2026-01-03,124,7
10991,91,2026-01-03,134,9
10992,92,2026-01-03,317,18
10993,93,2026-01-03,182,12
10994,94,2026-01-03,153,9
10995,95,2026-01-03,192,13
10996,96,2026-01-03,130,5
10997,97,2026-01-03,151,10
10998,98,2026-01-03,134,5
10999,99,2026-01-03,119,8
11000,100,2026-01-03,152,7
11001,1,2026-01-04,83,5
11002,2,2026-01-04,81,5
11003,3,2026-01-04,91,3
11004,4,2026-01-04,146,8
11005,5,2026-01-04,129,5
11006,6,2026-01-04,111,8
11007,7,2026-01-04,143,9
11008,8,2026-01-04,136,10
11009,9,2026-01-04,90,3
11010,10,2026-01-04,81,1
11011,11,2026-01-04,96,8
11012,12,2026-01-04,124,8
11013,13,2026-01-04,62,2
11014,14,2026-01-04,106,6
11015,15,2026-01-04,81,5
11016,16,2026-01-04,142,4
11017,17,2026-01-04,109,7
11018,18,2026-01-04,89,7
11019,19,2026-01-04,106,6
11020,20,2026-01-04,54,0
11021,21,2026-01-04,74,2
11022,22,2026-01-04,121,7
11023,23,2026-01-04,69,1
11024,24,2026-01-04,131,7
11025,25,2026-01-04,48,3
11026,26,2026-01-04,94,4
11027,27,2026-01-04,57,6
11028,28,2026-01-04,57,5
11029,29,2026-01-04,84,6
11030,30,2026-01-04,84,6
11031,31,2026-01-04,83,6
11032,32,2026-01-04,69,4
11033,33,2026-01-04,75,8
11034,34,2026-01-04,59,1
11035,35,2026-01-04,72,4
11036,36,2026-01-04,114,8
11037,37,2026-01-04,113,4
11038,38,2026-01-04,63,3
11039,39,2026-01-04,75,5
11040,40,2026-01-04,70,5
11041,41,2026-01-04,69,0
11042,42,2026-01-04,121,5
11043,43,2026-01-04,59,6
11044,44,2026-01-04,33,5
11045,45,2026-01-04,80,7
11046,46,2026-01-04,105,6
11047,47,2026-01-04,173,11
11048,48,2026-01-04,90,7
11049,49,2026-01-04,87,5
11050,50,2026-01-04,124,8
11051,51,2026-01-04,122,9
11052,52,2026-01-04,90,6
11053,53,2026-01-04,58,4
11054,54,2026-01-04,112,6
11055,55,2026-01-04,78,6
11056,56,2026-01-04,125,7
11057,57,2026-01-04,68,1
11058,58,2026-01-04,104,5
11059,59,2026-01-04,148,8
11060,60,2026-01-04,74,4
11061,61,2026-01-04,136,7
11062,62,2026-01-04,77,7
11063,63,2026-01-04,156,9
11064,64,2026-01-04,75,4
11065,65,2026-01-04,108,2
11066,66,2026-01-04,101,2
11067,67,2026-01-04,88,3
11068,68,2026-01-04,31,7
11069,69,2026-01-04,88,2
11070,70,2026-01-04,52,2
11071,71,2026-01-04,72,7
11072,72,2026-01-04,121,7
11073,73,2026-01-04,101,7
11074,74,2026-01-04,55,4
11075,75,2026-01-04,66,6
11076,76,2026-01-04,60,5
11077,77,2026-01-04,65,6
11078,78,2026-01-04,75,4
11079,79,2026-01-04,84,2
11080,80,2026-01-04,152,8
11081,81,2026-01-04,79,2
11082,82,2026-01-04,73,5
11083,83,2026-01-04,79,1
11084,84,2026-01-04,107,5
11085,85,2026-01-04,76,6
11086,86,2026-01-04,65,2
11087,87,2026-01-04,61,2
11088,88,2026-01-04,82,4
11089,89,2026-01-04,181,15
11090,90,2026-01-04,88,4
11091,91,2026-01-04,48,3
11092,92,2026-01-04,244,19
11093,93,2026-01-04,69,5
11094,94,2026-01-04,81,4
11095,95,2026-01-04,142,8
11096,96,2026-01-04,61,3
11097,97,2026-01-04,77,8
11098,98,2026-01-04,87,4
11099,99,2026-01-04,80,4
11100,100,2026-01-04,107,9
11101,1,2026-01-05,193,12
11102,2,2026-01-05,185,13
11103,3,2026-01-05,231,10
11104,4,2026-01-05,262,14
11105,5,2026-01-05,249,12
11106,6,2026-01-05,288,17
11107,7,2026-01-05,374,22
11108,8,2026-01-05,318,18
11109,9,2026-01-05,220,14
11110,10,2026-01-05,175,4
11111,11,2026-01-05,224,14
11112,12,2026-01-05,234,12
11113,13,2026-01-05,151,11
11114,14,2026-01-05,200,12
11115,15,2026-01-05,197,14
11116,16,2026-01-05,249,15
11117,17,2026-01-05,293,18
11118,18,2026-01-05,195,10
11119,19,2026-01-05,178,6
11120,20,2026-01-05,135,10
11121,21,2026-01-05,169,11
11122,22,2026-01-05,201,11
11123,23,2026-01-05,125,5
11124,24,2026-01-05,258,16
11125,25,2026-01-05,153,10
11126,26,2026-01-05,292,20
11127,27,2026-01-05,186,12
11128,28,2026-01-05,150,9
11129,29,2026-01-05,231,13
11130,30,2026-01-05,149,13
11131,31,2026-01-05,172,10
11132,32,2026-01-05,183,6
11133,33,2026-01-05,166,12
11134,34,2026-01-05,111,7
11135,35,2026-01-05,142,10
11136,36,2026-01-05,289,15
11137,37,2026-01-05,228,14
11138,38,2026-01-05,163,8
11139,39,2026-01-05,166,10
11140,40,2026-01-05,144,6
11141,41,2026-01-05,156,12
11142,42,2026-01-05,234,13
11143,43,2026-01-05,184,10
11144,44,2026-01-05,126,7
11145,45,2026-01-05,235,13
11146,46,2026-01-05,219,16
11147,47,2026-01-05,211,12
11148,48,2026-01-05,166,10
11149,49,2026-01-05,182,11
11150,50,2026-01-05,216,9
11151,51,2026-01-05,216,11
11152,52,2026-01-05,163,7
11153,53,2026-01-05,141,10
11154,54,2026-01-05,251,13
11155,55,2026-01-05,188,15
11156,56,2026-01-05,245,13
11157,57,2026-01-05,147,7
11158,58,2026-01-05,209,11
11159,59,2026-01-05,186,9
11160,60,2026-01-05,192,9
11161,61,2026-01-05,213,11
11162,62,2026-01-05,185,5
11163,63,2026-01-05,307,20
11164,64,2026-01-05,167,11
11165,65,2026-01-05,260,14
11166,66,2026-01-05,175,9
11167,67,2026-01-05,236,14
11168,68,2026-01-05,109,10
11169,69,2026-01-05,263,20
11170,70,2026-01-05,106,7
11171,71,2026-01-05,234,11
11172,72,2026-01-05,245,15
11173,73,2026-01-05,227,12
11174,74,2026-01-05,177,10
11175,75,2026-01-05,204,11
11176,76,2026-01-05,207,9
11177,77,2026-01-05,121,5
11178,78,2026-01-05,166,9
11179,79,2026-01-05,138,7
11180,80,2026-01-05,304,17
11181,81,2026-01-05,176,10
11182,82,2026-01-05,180,12
11183,83,2026-01-05,241,12
11184,84,2026-01-05,197,14
11185,85,2026-01-05,202,10
11186,86,2026-01-05,158,11
11187,87,2026-01-05,187,13
11188,88,2026-01-05,188,13
11189,89,2026-01-05,308,16
11190,90,2026-01-05,215,9
11191,91,2026-01-05,187,8
11192,92,2026-01-05,434,25
11193,93,2026-01-05,230,13
11194,94,2026-01-05,211,14
11195,95,2026-01-05,256,18
11196,96,2026-01-05,155,12
11197,97,2026-01-05,191,10
11198,98,2026-01-05,226,15
11199,99,2026-01-05,191,12
11200,100,2026-01-05,235,10
11201,1,2026-01-06,117,6
11202,2,2026-01-06,151,7
11203,3,2026-01-06,216,11
11204,4,2026-01-06,256,18
11205,5,2026-01-06,252,11
11206,6,2026-01-06,256,15
11207,7,2026-01-06,310,22
11208,8,2026-01-06,262,17
11209,9,2026-01-06,178,12
11210,10,2026-01-06,130,3
11211,11,2026-01-06,172,10
11212,12,2026-01-06,215,12
11213,13,2026-01-06,170,8
11214,14,2026-01-06,168,10
11215,15,2026-01-06,159,10
11216,16,2026-01-06,208,15
11217,17,2026-01-06,227,11
11218,18,2026-01-06,167,11
11219,19,2026-01-06,158,10
11220,20,2026-01-06,112,10
11221,21,2026-01-06,132,6
11222,22,2026-01-06,217,12
11223,23,2026-01-06,103,3
11224,24,2026-01-06,223,15
11225,25,2026-01-06,115,5
11226,26,2026-01-06,216,13
11227,27,2026-01-06,152,9
11228,28,2026-01-06,118,7
11229,29,2026-01-06,189,11
11230,30,2026-01-06,149,10
11231,31,2026-01-06,142,10
11232,32,2026-01-06,144,10
11233,33,2026-01-06,126,11
11234,34,2026-01-06,100,3
11235,35,2026-01-06,130,9
11236,36,2026-01-06,293,15
11237,37,2026-01-06,199,11
11238,38,2026-01-06,156,9
11239,39,2026-01-06,177,7
11240,40,2026-01-06,137,7
11241,41,2026-01-06,138,7
11242,42,2026-01-06,230,14
11243,43,2026-01-06,155,6
11244,44,2026-01-06,119,8
11245,45,2026-01-06,200,11
11246,46,2026-01-06,228,11
11247,47,2026-01-06,159,12
11248,48,2026-01-06,139,8
11249,49,2026-01-06,165,9
11250,50,2026-01-06,179,12
11251,51,2026-01-06,205,13
11252,52,2026-01-06,162,9
11253,53,2026-01-06,133,9
11254,54,2026-01-06,212,11
11255,55,2026-01-06,170,12
11256,56,2026-01-06,179,10
11257,57,2026-01-06,115,2
11258,58,2026-01-06,211,11
11259,59,2026-01-06,146,9
11260,60,2026-01-06,148,9
11261,61,2026-01-06,190,10
11262,62,2026-01-06,171,11
11263,63,2026-01-06,280,11
11264,64,2026-01-06,151,9
11265,65,2026-01-06,204,14
11266,66,2026-01-06,182,9
11267,67,2026-01-06,186,11
11268,68,2026-01-06,88,8
11269,69,2026-01-06,179,10
11270,70,2026-01-06,103,6
11271,71,2026-01-06,208,9
11272,72,2026-01-06,217,10
11273,73,2026-01-06,313,20
11274,74,2026-01-06,155,9
11275,75,2026-01-06,176,9
11276,76,2026-01-06,154,10
11277,77,2026-01-06,110,3
11278,78,2026-01-06,163,10
11279,79,2026-01-06,134,8
11280,80,2026-01-06,272,16
11281,81,2026-01-06,177,9
11282,82,2026-01-06,156,5
11283,83,2026-01-06,198,11
11284,84,2026-01-06,199,9
11285,85,2026-01-06,192,11
11286,86,2026-01-06,144,7
11287,87,2026-01-06,145,9
11288,88,2026-01-06,204,12
11289,89,2026-01-06,248,12
11290,90,2026-01-06,176,7
11291,91,2026-01-06,159,7
11292,92,2026-01-06,437,25
11293,93,2026-01-06,211,13
11294,94,2026-01-06,178,12
11295,95,2026-01-06,250,16
11296,96,2026-01-06,147,7
11297,97,2026-01-06,197,11
11298,98,2026-01-06,187,12
11299,99,2026-01-06,167,8
11300,100,2026-01-06,223,14
11301,1,2026-01-07,169,7
11302,2,2026-01-07,182,9
11303,3,2026-01-07,217,15
11304,4,2026-01-07,293,16
11305,5,2026-01-07,224,14
11306,6,2026-01-07,248,15
11307,7,2026-01-07,315,22
11308,8,2026-01-07,251,13
11309,9,2026-01-07,203,8
11310,10,2026-01-07,152,10
11311,11,2026-01-07,163,5
11312,12,2026-01-07,220,15
11313,13,2026-01-07,144,10
11314,14,2026-01-07,201,13
11315,15,2026-01-07,161,8
11316,16,2026-01-07,233,11
11317,17,2026-01-07,254,14
11318,18,2026-01-07,288,20
11319,19,2026-01-07,157,8
11320,20,2026-01-07,105,8
11321,21,2026-01-07,126,10
11322,22,2026-01-07,214,16
11323,23,2026-01-07,127,7
11324,24,2026-01-07,228,11
11325,25,2026-01-07,131,6
11326,26,2026-01-07,196,12
11327,27,2026-01-07,148,6
11328,28,2026-01-07,130,8
11329,29,2026-01-07,184,8
11330,30,2026-01-07,187,9
11331,31,2026-01-07,144,8
11332,32,2026-01-07,150,8
11333,33,2026-01-07,150,9
11334,34,2026-01-07,102,3
11335,35,2026-01-07,118,4
11336,36,2026-01-07,269,15
11337,37,2026-01-07,205,9
11338,38,2026-01-07,156,10
11339,39,2026-01-07,140,8
11340,40,2026-01-07,134,7
11341,41,2026-01-07,149,6
11342,42,2026-01-07,184,7
11343,43,2026-01-07,183,8
11344,44,2026-01-07,117,7
11345,45,2026-01-07,167,11
11346,46,2026-01-07,177,13
11347,47,2026-01-07,166,10
11348,48,2026-01-07,150,8
11349,49,2026-01-07,173,6
11350,50,2026-01-07,197,13
11351,51,2026-01-07,170,10
11352,52,2026-01-07,136,6
11353,53,2026-01-07,110,6
11354,54,2026-01-07,213,12
11355,55,2026-01-07,163,8
11356,56,2026-01-07,161,7
11357,57,2026-01-07,124,7
11358,58,2026-01-07,201,11
11359,59,2026-01-07,145,12
11360,60,2026-01-07,189,9
11361,61,2026-01-07,193,14
11362,62,2026-01-07,166,8
11363,63,2026-01-07,266,15
11364,64,2026-01-07,161,7
11365,65,2026-01-07,239,17
11366,66,2026-01-07,155,6
11367,67,2026-01-07,205,13
11368,68,2026-01-07,83,5
11369,69,2026-01-07,185,11
11370,70,2026-01-07,95,5
11371,71,2026-01-07,203,8
11372,72,2026-01-07,235,13
11373,73,2026-01-07,346,21
11374,74,2026-01-07,149,13
11375,75,2026-01-07,172,8
11376,76,2026-01-07,172,8
11377,77,2026-01-07,112,5
11378,78,2026-01-07,155,10
11379,79,2026-01-07,124,6
11380,80,2026-01-07,288,16
11381,81,2026-01-07,161,11
11382,82,2026-01-07,162,8
11383,83,2026-01-07,171,8
11384,84,2026-01-07,194,13
11385,85,2026-01-07,161,11
11386,86,2026-01-07,158,11
11387,87,2026-01-07,122,4
11388,88,2026-01-07,164,11
11389,89,2026-01-07,292,17
11390,90,2026-01-07,175,8
11391,91,2026-01-07,168,12
11392,92,2026-01-07,445,26
11393,93,2026-01-07,218,10
11394,94,2026-01-07,182,9
11395,95,2026-01-07,205,12
11396,96,2026-01-07,144,9
11397,97,2026-01-07,163,9
11398,98,2026-01-07,161,10
11399,99,2026-01-07,197,11
11400,100,2026-01-07,185,10
11401,1,2026-01-08,148,5
11402,2,2026-01-08,138,6
11403,3,2026-01-08,189,12
11404,4,2026-01-08,226,9
11405,5,2026-01-08,212,13
11406,6,2026-01-08,238,14
11407,7,2026-01-08,240,14
11408,8,2026-01-08,204,13
11409,9,2026-01-08,191,13
11410,10,2026-01-08,129,8
11411,11,2026-01-08,136,5
11412,12,2026-01-08,179,11
11413,13,2026-01-08,109,7
11414,14,2026-01-08,171,13
11415,15,2026-01-08,128,7
11416,16,2026-01-08,156,11
11417,17,2026-01-08,202,12
11418,18,2026-01-08,227,12
11419,19,2026-01-08,124,5
11420,20,2026-01-08,78,3
11421,21,2026-01-08,121,10
11422,22,2026-01-08,165,8
11423,23,2026-01-08,117,8
11424,24,2026-01-08,166,10
11425,25,2026-01-08,107,8
11426,26,2026-01-08,207,12
11427,27,2026-01-08,147,5
11428,28,2026-01-08,128,7
11429,29,2026-01-08,202,10
11430,30,2026-01-08,135,10
11431,31,2026-01-08,144,8
11432,32,2026-01-08,142,8
11433,33,2026-01-08,133,7
11434,34,2026-01-08,85,5
11435,35,2026-01-08,81,3
11436,36,2026-01-08,206,15
11437,37,2026-01-08,178,5
11438,38,2026-01-08,136,11
11439,39,2026-01-08,134,8
11440,40,2026-01-08,112,8
11441,41,2026-01-08,137,7
11442,42,2026-01-08,214,10
11443,43,2026-01-08,152,7
11444,44,2026-01-08,92,8
11445,45,2026-01-08,143,10
11446,46,2026-01-08,162,6
11447,47,2026-01-08,147,6
11448,48,2026-01-08,127,9
11449,49,2026-01-08,116,5
11450,50,2026-01-08,174,12
11451,51,2026-01-08,164,7
11452,52,2026-01-08,116,4
11453,53,2026-01-08,114,8
11454,54,2026-01-08,107,5
11455,55,2026-01-08,135,9
11456,56,2026-01-08,207,14
11457,57,2026-01-08,95,3
11458,58,2026-01-08,192,10
11459,59,2026-01-08,146,3
11460,60,2026-01-08,146,6
11461,61,2026-01-08,147,6
11462,62,2026-01-08,151,10
11463,63,2026-01-08,204,12
11464,64,2026-01-08,118,8
11465,65,2026-01-08,194,13
11466,66,2026-01-08,134,8
11467,67,2026-01-08,164,6
11468,68,2026-01-08,73,2
11469,69,2026-01-08,171,10
11470,70,2026-01-08,83,1
11471,71,2026-01-08,196,6
11472,72,2026-01-08,204,9
11473,73,2026-01-08,312,18
11474,74,2026-01-08,133,8
11475,75,2026-01-08,149,7
11476,76,2026-01-08,153,7
11477,77,2026-01-08,81,3
11478,78,2026-01-08,144,7
11479,79,2026-01-08,88,6
11480,80,2026-01-08,217,12
11481,81,2026-01-08,125,7
11482,82,2026-01-08,127,9
11483,83,2026-01-08,196,13
11484,84,2026-01-08,189,13
11485,85,2026-01-08,125,8
11486,86,2026-01-08,134,10
11487,87,2026-01-08,131,5
11488,88,2026-01-08,138,3
11489,89,2026-01-08,221,11
11490,90,2026-01-08,134,8
11491,91,2026-01-08,129,6
11492,92,2026-01-08,363,19
11493,93,2026-01-08,174,7
11494,94,2026-01-08,144,8
11495,95,2026-01-08,201,10
11496,96,2026-01-08,132,8
11497,97,2026-01-08,132,7
11498,98,2026-01-08,167,8
11499,99,2026-01-08,138,5
11500,100,2026-01-08,185,6
11501,1,2026-01-09,129,10
11502,2,2026-01-09,143,10
11503,3,2026-01-09,180,7
11504,4,2026-01-09,181,10
11505,5,2026-01-09,207,12
11506,6,2026-01-09,190,12
11507,7,2026-01-09,287,16
11508,8,2026-01-09,233,12
11509,9,2026-01-09,153,10
11510,10,2026-01-09,98,5
11511,11,2026-01-09,187,11
11512,12,2026-01-09,191,15
11513,13,2026-01-09,133,5
11514,14,2026-01-09,135,7
11515,15,2026-01-09,139,12
11516,16,2026-01-09,175,9
11517,17,2026-01-09,228,16
11518,18,2026-01-09,251,13
11519,19,2026-01-09,137,6
11520,20,2026-01-09,109,7
11521,21,2026-01-09,100,7
11522,22,2026-01-09,179,9
11523,23,2026-01-09,105,5
11524,24,2026-01-09,182,11
11525,25,2026-01-09,110,7
11526,26,2026-01-09,226,13
11527,27,2026-01-09,161,10
11528,28,2026-01-09,94,3
11529,29,2026-01-09,189,13
11530,30,2026-01-09,153,10
11531,31,2026-01-09,148,9
11532,32,2026-01-09,144,7
11533,33,2026-01-09,133,3
11534,34,2026-01-09,100,5
11535,35,2026-01-09,109,6
11536,36,2026-01-09,205,12
11537,37,2026-01-09,152,10
11538,38,2026-01-09,127,6
11539,39,2026-01-09,155,8
11540,40,2026-01-09,106,4
11541,41,2026-01-09,117,10
11542,42,2026-01-09,195,7
11543,43,2026-01-09,177,8
11544,44,2026-01-09,87,9
11545,45,2026-01-09,174,11
11546,46,2026-01-09,160,15
11547,47,2026-01-09,144,8
11548,48,2026-01-09,106,8
11549,49,2026-01-09,114,4
11550,50,2026-01-09,183,11
11551,51,2026-01-09,177,8
11552,52,2026-01-09,134,7
11553,53,2026-01-09,116,9
11554,54,2026-01-09,106,7
11555,55,2026-01-09,134,7
11556,56,2026-01-09,169,10
11557,57,2026-01-09,124,9
11558,58,2026-01-09,166,7
11559,59,2026-01-09,153,12
11560,60,2026-01-09,125,6
11561,61,2026-01-09,150,6
11562,62,2026-01-09,171,8
11563,63,2026-01-09,218,14
11564,64,2026-01-09,119,8
11565,65,2026-01-09,178,11
11566,66,2026-01-09,133,8
11567,67,2026-01-09,190,14
11568,68,2026-01-09,69,6
11569,69,2026-01-09,154,10
11570,70,2026-01-09,73,6
11571,71,2026-01-09,153,5
11572,72,2026-01-09,220,12
11573,73,2026-01-09,259,13
11574,74,2026-01-09,125,8
11575,75,2026-01-09,158,7
11576,76,2026-01-09,152,12
11577,77,2026-01-09,88,6
11578,78,2026-01-09,166,8
11579,79,2026-01-09,96,3
11580,80,2026-01-09,261,14
11581,81,2026-01-09,131,8
11582,82,2026-01-09,145,5
11583,83,2026-01-09,192,10
11584,84,2026-01-09,174,8
11585,85,2026-01-09,133,5
11586,86,2026-01-09,135,9
11587,87,2026-01-09,134,11
11588,88,2026-01-09,153,8
11589,89,2026-01-09,231,14
11590,90,2026-01-09,173,6
11591,91,2026-01-09,151,9
11592,92,2026-01-09,270,16
11593,93,2026-01-09,180,10
11594,94,2026-01-09,150,7
11595,95,2026-01-09,200,14
11596,96,2026-01-09,130,6
11597,97,2026-01-09,145,6
11598,98,2026-01-09,187,10
11599,99,2026-01-09,131,3
11600,100,2026-01-09,179,11
11601,1,2026-01-10,138,11
11602,2,2026-01-10,166,8
11603,3,2026-01-10,167,9
11604,4,2026-01-10,227,15
11605,5,2026-01-10,223,16
11606,6,2026-01-10,213,10
11607,7,2026-01-10,248,16
11608,8,2026-01-10,217,11
11609,9,2026-01-10,175,8
11610,10,2026-01-10,129,8
11611,11,2026-01-10,178,9
11612,12,2026-01-10,189,11
11613,13,2026-01-10,108,4
11614,14,2026-01-10,157,9
11615,15,2026-01-10,145,9
11616,16,2026-01-10,219,15
11617,17,2026-01-10,169,8
11618,18,2026-01-10,258,15
11619,19,2026-01-10,137,9
11620,20,2026-01-10,95,5
11621,21,2026-01-10,111,4
11622,22,2026-01-10,141,7
11623,23,2026-01-10,107,5
11624,24,2026-01-10,172,9
11625,25,2026-01-10,117,1
11626,26,2026-01-10,162,8
11627,27,2026-01-10,127,6
11628,28,2026-01-10,105,3
11629,29,2026-01-10,158,8
11630,30,2026-01-10,138,5
11631,31,2026-01-10,114,4
11632,32,2026-01-10,171,11
11633,33,2026-01-10,129,7
11634,34,2026-01-10,90,5
11635,35,2026-01-10,97,3
11636,36,2026-01-10,283,17
11637,37,2026-01-10,177,11
11638,38,2026-01-10,128,8
11639,39,2026-01-10,129,5
11640,40,2026-01-10,127,3
11641,41,2026-01-10,121,6
11642,42,2026-01-10,173,12
11643,43,2026-01-10,148,6
11644,44,2026-01-10,94,2
11645,45,2026-01-10,177,10
11646,46,2026-01-10,129,9
11647,47,2026-01-10,153,8
11648,48,2026-01-10,111,4
11649,49,2026-01-10,128,9
11650,50,2026-01-10,177,10
11651,51,2026-01-10,166,10
11652,52,2026-01-10,137,7
11653,53,2026-01-10,97,5
11654,54,2026-01-10,107,7
11655,55,2026-01-10,147,10
11656,56,2026-01-10,155,7
11657,57,2026-01-10,110,6
11658,58,2026-01-10,162,10
11659,59,2026-01-10,166,10
11660,60,2026-01-10,136,3
11661,61,2026-01-10,164,9
11662,62,2026-01-10,155,10
11663,63,2026-01-10,175,12
11664,64,2026-01-10,118,9
11665,65,2026-01-10,203,17
11666,66,2026-01-10,145,9
11667,67,2026-01-10,181,10
11668,68,2026-01-10,70,5
11669,69,2026-01-10,187,13
11670,70,2026-01-10,81,5
11671,71,2026-01-10,148,13
11672,72,2026-01-10,163,7
11673,73,2026-01-10,276,17
11674,74,2026-01-10,136,10
11675,75,2026-01-10,174,7
11676,76,2026-01-10,130,7
11677,77,2026-01-10,92,7
11678,78,2026-01-10,126,11
11679,79,2026-01-10,92,5
11680,80,2026-01-10,212,12
11681,81,2026-01-10,106,3
11682,82,2026-01-10,133,4
11683,83,2026-01-10,191,9
11684,84,2026-01-10,156,7
11685,85,2026-01-10,149,7
11686,86,2026-01-10,131,6
11687,87,2026-01-10,124,7
11688,88,2026-01-10,150,12
11689,89,2026-01-10,194,7
11690,90,2026-01-10,172,11
11691,91,2026-01-10,129,8
11692,92,2026-01-10,351,22
11693,93,2026-01-10,173,11
11694,94,2026-01-10,142,9
11695,95,2026-01-10,176,9
11696,96,2026-01-10,141,4
11697,97,2026-01-10,150,6
11698,98,2026-01-10,139,9
11699,99,2026-01-10,160,9
11700,100,2026-01-10,190,9
11701,1,2026-01-11,90,8
11702,2,2026-01-11,93,7
11703,3,2026-01-11,120,9
11704,4,2026-01-11,140,10
11705,5,2026-01-11,117,5
11706,6,2026-01-11,93,6
11707,7,2026-01-11,130,10
11708,8,2026-01-11,123,6
11709,9,2026-01-11,101,7
11710,10,2026-01-11,52,4
11711,11,2026-01-11,95,1
11712,12,2026-01-11,97,3
11713,13,2026-01-11,105,5
11714,14,2026-01-11,109,7
11715,15,2026-01-11,67,3
11716,16,2026-01-11,126,8
11717,17,2026-01-11,128,6
11718,18,2026-01-11,129,7
11719,19,2026-01-11,86,4
11720,20,2026-01-11,55,3
11721,21,2026-01-11,71,5
11722,22,2026-01-11,90,6
11723,23,2026-01-11,78,4
11724,24,2026-01-11,98,7
11725,25,2026-01-11,76,4
11726,26,2026-01-11,105,7
11727,27,2026-01-11,85,6
11728,28,2026-01-11,64,6
11729,29,2026-01-11,114,8
11730,30,2026-01-11,79,2
11731,31,2026-01-11,70,4
11732,32,2026-01-11,59,0
11733,33,2026-01-11,76,0
11734,34,2026-01-11,53,2
11735,35,2026-01-11,50,2
11736,36,2026-01-11,119,7
11737,37,2026-01-11,107,10
11738,38,2026-01-11,88,3
11739,39,2026-01-11,89,7
11740,40,2026-01-11,73,4
11741,41,2026-01-11,80,4
11742,42,2026-01-11,111,7
11743,43,2026-01-11,88,2
11744,44,2026-01-11,53,2
11745,45,2026-01-11,81,5
11746,46,2026-01-11,90,6
11747,47,2026-01-11,61,0
11748,48,2026-01-11,65,3
11749,49,2026-01-11,83,3
11750,50,2026-01-11,97,7
11751,51,2026-01-11,119,9
11752,52,2026-01-11,106,6
11753,53,2026-01-11,72,2
11754,54,2026-01-11,71,4
11755,55,2026-01-11,89,2
11756,56,2026-01-11,137,13
11757,57,2026-01-11,57,1
11758,58,2026-01-11,100,4
11759,59,2026-01-11,85,3
11760,60,2026-01-11,45,2
11761,61,2026-01-11,80,6
11762,62,2026-01-11,84,6
11763,63,2026-01-11,131,6
11764,64,2026-01-11,70,4
11765,65,2026-01-11,111,5
11766,66,2026-01-11,70,5
11767,67,2026-01-11,116,2
11768,68,2026-01-11,44,0
11769,69,2026-01-11,105,6
11770,70,2026-01-11,50,2
11771,71,2026-01-11,75,3
11772,72,2026-01-11,75,5
11773,73,2026-01-11,99,3
11774,74,2026-01-11,81,10
11775,75,2026-01-11,121,4
11776,76,2026-01-11,74,4
11777,77,2026-01-11,51,1
11778,78,2026-01-11,76,6
11779,79,2026-01-11,85,1
11780,80,2026-01-11,151,8
11781,81,2026-01-11,87,5
11782,82,2026-01-11,95,2
11783,83,2026-01-11,94,3
11784,84,2026-01-11,90,2
11785,85,2026-01-11,92,3
11786,86,2026-01-11,94,8
11787,87,2026-01-11,70,3
11788,88,2026-01-11,94,7
11789,89,2026-01-11,126,7
11790,90,2026-01-11,115,6
11791,91,2026-01-11,70,3
11792,92,2026-01-11,138,9
11793,93,2026-01-11,121,8
11794,94,2026-01-11,73,5
11795,95,2026-01-11,118,9
11796,96,2026-01-11,86,5
11797,97,2026-01-11,103,4
11798,98,2026-01-11,103,4
11799,99,2026-01-11,65,3
11800,100,2026-01-11,74,3
11801,1,2026-01-12,180,12
11802,2,2026-01-12,190,12
11803,3,2026-01-12,215,9
11804,4,2026-01-12,317,18
11805,5,2026-01-12,303,23
11806,6,2026-01-12,268,17
11807,7,2026-01-12,380,23
11808,8,2026-01-12,288,17
11809,9,2026-01-12,197,12
11810,10,2026-01-12,165,7
11811,11,2026-01-12,214,13
11812,12,2026-01-12,225,11
11813,13,2026-01-12,154,7
11814,14,2026-01-12,218,13
11815,15,2026-01-12,153,8
11816,16,2026-01-12,261,12
11817,17,2026-01-12,223,13
11818,18,2026-01-12,193,11
11819,19,2026-01-12,173,7
11820,20,2026-01-12,129,7
11821,21,2026-01-12,149,11
11822,22,2026-01-12,224,10
11823,23,2026-01-12,145,3
11824,24,2026-01-12,253,14
11825,25,2026-01-12,146,10
11826,26,2026-01-12,268,14
11827,27,2026-01-12,175,11
11828,28,2026-01-12,157,8
11829,29,2026-01-12,203,12
11830,30,2026-01-12,184,14
11831,31,2026-01-12,162,5
11832,32,2026-01-12,182,11
11833,33,2026-01-12,167,9
11834,34,2026-01-12,130,8
11835,35,2026-01-12,136,10
11836,36,2026-01-12,315,18
11837,37,2026-01-12,219,9
11838,38,2026-01-12,201,14
11839,39,2026-01-12,197,8
11840,40,2026-01-12,143,12
11841,41,2026-01-12,182,14
11842,42,2026-01-12,260,14
11843,43,2026-01-12,196,14
11844,44,2026-01-12,129,5
11845,45,2026-01-12,216,13
11846,46,2026-01-12,214,13
11847,47,2026-01-12,190,10
11848,48,2026-01-12,154,9
11849,49,2026-01-12,176,7
11850,50,2026-01-12,247,12
11851,51,2026-01-12,241,15
11852,52,2026-01-12,165,8
11853,53,2026-01-12,154,12
11854,54,2026-01-12,155,14
11855,55,2026-01-12,162,10
11856,56,2026-01-12,248,18
11857,57,2026-01-12,147,11
11858,58,2026-01-12,244,15
11859,59,2026-01-12,190,13
11860,60,2026-01-12,173,11
11861,61,2026-01-12,207,11
11862,62,2026-01-12,201,7
11863,63,2026-01-12,298,16
11864,64,2026-01-12,164,9
11865,65,2026-01-12,234,14
11866,66,2026-01-12,162,7
11867,67,2026-01-12,206,15
11868,68,2026-01-12,96,5
11869,69,2026-01-12,220,15
11870,70,2026-01-12,114,5
11871,71,2026-01-12,227,13
11872,72,2026-01-12,231,13
11873,73,2026-01-12,207,13
11874,74,2026-01-12,197,9
11875,75,2026-01-12,210,12
11876,76,2026-01-12,191,11
11877,77,2026-01-12,124,4
11878,78,2026-01-12,157,9
11879,79,2026-01-12,153,6
11880,80,2026-01-12,301,20
11881,81,2026-01-12,194,11
11882,82,2026-01-12,192,12
11883,83,2026-01-12,241,15
11884,84,2026-01-12,205,13
11885,85,2026-01-12,222,14
11886,86,2026-01-12,156,10
11887,87,2026-01-12,203,6
11888,88,2026-01-12,200,10
11889,89,2026-01-12,303,15
11890,90,2026-01-12,209,10
11891,91,2026-01-12,200,10
11892,92,2026-01-12,447,26
11893,93,2026-01-12,246,18
11894,94,2026-01-12,215,14
11895,95,2026-01-12,242,15
11896,96,2026-01-12,155,12
11897,97,2026-01-12,180,12
11898,98,2026-01-12,216,11
11899,99,2026-01-12,201,10
11900,100,2026-01-12,215,16
11901,1,2026-01-13,154,9
11902,2,2026-01-13,175,11
11903,3,2026-01-13,179,8
11904,4,2026-01-13,252,13
11905,5,2026-01-13,215,11
11906,6,2026-01-13,254,12
11907,7,2026-01-13,322,14
11908,8,2026-01-13,227,15
11909,9,2026-01-13,189,10
11910,10,2026-01-13,135,11
11911,11,2026-01-13,191,7
11912,12,2026-01-13,204,13
11913,13,2026-01-13,142,9
11914,14,2026-01-13,191,11
11915,15,2026-01-13,150,8
11916,16,2026-01-13,218,8
11917,17,2026-01-13,244,14
11918,18,2026-01-13,172,9
11919,19,2026-01-13,180,10
11920,20,2026-01-13,119,7
11921,21,2026-01-13,123,7
11922,22,2026-01-13,169,7
11923,23,2026-01-13,119,4
11924,24,2026-01-13,216,12
11925,25,2026-01-13,133,11
11926,26,2026-01-13,243,15
11927,27,2026-01-13,151,7
11928,28,2026-01-13,117,5
11929,29,2026-01-13,197,11
11930,30,2026-01-13,169,12
11931,31,2026-01-13,153,8
11932,32,2026-01-13,168,7
11933,33,2026-01-13,126,6
11934,34,2026-01-13,104,4
11935,35,2026-01-13,120,5
11936,36,2026-01-13,244,14
11937,37,2026-01-13,181,9
11938,38,2026-01-13,172,9
11939,39,2026-01-13,136,9
11940,40,2026-01-13,128,8
11941,41,2026-01-13,134,8
11942,42,2026-01-13,216,9
11943,43,2026-01-13,167,8
11944,44,2026-01-13,120,6
11945,45,2026-01-13,185,10
11946,46,2026-01-13,168,11
11947,47,2026-01-13,151,11
11948,48,2026-01-13,143,4
11949,49,2026-01-13,142,5
11950,50,2026-01-13,189,10
11951,51,2026-01-13,167,11
11952,52,2026-01-13,144,8
11953,53,2026-01-13,113,7
11954,54,2026-01-13,137,9
11955,55,2026-01-13,161,10
11956,56,2026-01-13,204,13
11957,57,2026-01-13,110,6
11958,58,2026-01-13,179,13
11959,59,2026-01-13,171,10
11960,60,2026-01-13,164,12
11961,61,2026-01-13,183,10
11962,62,2026-01-13,159,8
11963,63,2026-01-13,283,15
11964,64,2026-01-13,143,10
11965,65,2026-01-13,201,9
11966,66,2026-01-13,156,10
11967,67,2026-01-13,231,13
11968,68,2026-01-13,96,5
11969,69,2026-01-13,333,17
11970,70,2026-01-13,100,4
11971,71,2026-01-13,226,8
11972,72,2026-01-13,264,17
11973,73,2026-01-13,201,10
11974,74,2026-01-13,158,9
11975,75,2026-01-13,190,10
11976,76,2026-01-13,170,9
11977,77,2026-01-13,102,2
11978,78,2026-01-13,139,10
11979,79,2026-01-13,137,8
11980,80,2026-01-13,237,12
11981,81,2026-01-13,148,10
11982,82,2026-01-13,177,7
11983,83,2026-01-13,203,13
11984,84,2026-01-13,154,5
11985,85,2026-01-13,170,8
11986,86,2026-01-13,123,6
11987,87,2026-01-13,184,12
11988,88,2026-01-13,169,3
11989,89,2026-01-13,285,16
11990,90,2026-01-13,171,8
11991,91,2026-01-13,124,8
11992,92,2026-01-13,341,16
11993,93,2026-01-13,189,11
11994,94,2026-01-13,172,11
11995,95,2026-01-13,226,15
11996,96,2026-01-13,127,9
11997,97,2026-01-13,178,11
11998,98,2026-01-13,186,7
11999,99,2026-01-13,195,11
12000,100,2026-01-13,155,6
12001,1,2026-01-14,150,7
12002,2,2026-01-14,146,7
12003,3,2026-01-14,191,9
12004,4,2026-01-14,248,13
12005,5,2026-01-14,240,13
12006,6,2026-01-14,250,14
12007,7,2026-01-14,293,13
12008,8,2026-01-14,255,15
12009,9,2026-01-14,161,7
12010,10,2026-01-14,140,9
12011,11,2026-01-14,177,12
12012,12,2026-01-14,220,17
12013,13,2026-01-14,137,4
12014,14,2026-01-14,172,11
12015,15,2026-01-14,148,12
12016,16,2026-01-14,191,10
12017,17,2026-01-14,251,14
12018,18,2026-01-14,175,8
12019,19,2026-01-14,155,9
12020,20,2026-01-14,123,6
12021,21,2026-01-14,124,14
12022,22,2026-01-14,225,12
12023,23,2026-01-14,117,3
12024,24,2026-01-14,202,11
12025,25,2026-01-14,148,5
12026,26,2026-01-14,192,12
12027,27,2026-01-14,159,13
12028,28,2026-01-14,139,5
12029,29,2026-01-14,205,10
12030,30,2026-01-14,133,9
12031,31,2026-01-14,139,6
12032,32,2026-01-14,156,9
12033,33,2026-01-14,151,8
12034,34,2026-01-14,95,1
12035,35,2026-01-14,106,6
12036,36,2026-01-14,270,16
12037,37,2026-01-14,220,14
12038,38,2026-01-14,174,11
12039,39,2026-01-14,159,11
12040,40,2026-01-14,133,2
12041,41,2026-01-14,129,6
12042,42,2026-01-14,196,12
12043,43,2026-01-14,150,10
12044,44,2026-01-14,98,6
12045,45,2026-01-14,178,10
12046,46,2026-01-14,173,10
12047,47,2026-01-14,170,6
12048,48,2026-01-14,140,10
12049,49,2026-01-14,148,7
12050,50,2026-01-14,177,15
12051,51,2026-01-14,205,12
12052,52,2026-01-14,137,10
12053,53,2026-01-14,119,7
12054,54,2026-01-14,140,10
12055,55,2026-01-14,150,9
12056,56,2026-01-14,203,13
12057,57,2026-01-14,106,6
12058,58,2026-01-14,176,8
12059,59,2026-01-14,161,8
12060,60,2026-01-14,170,8
12061,61,2026-01-14,171,10
12062,62,2026-01-14,147,8
12063,63,2026-01-14,241,16
12064,64,2026-01-14,130,7
12065,65,2026-01-14,222,10
12066,66,2026-01-14,158,11
12067,67,2026-01-14,223,12
12068,68,2026-01-14,88,3
12069,69,2026-01-14,306,17
12070,70,2026-01-14,101,4
12071,71,2026-01-14,180,11
12072,72,2026-01-14,240,14
12073,73,2026-01-14,177,8
12074,74,2026-01-14,159,8
12075,75,2026-01-14,176,10
12076,76,2026-01-14,153,7
12077,77,2026-01-14,109,7
12078,78,2026-01-14,150,5
12079,79,2026-01-14,123,7
12080,80,2026-01-14,262,15
12081,81,2026-01-14,180,13
12082,82,2026-01-14,145,9
12083,83,2026-01-14,208,14
12084,84,2026-01-14,166,10
12085,85,2026-01-14,175,12
12086,86,2026-01-14,128,11
12087,87,2026-01-14,147,10
12088,88,2026-01-14,162,8
12089,89,2026-01-14,279,15
12090,90,2026-01-14,183,10
12091,91,2026-01-14,157,14
12092,92,2026-01-14,431,23
12093,93,2026-01-14,203,14
12094,94,2026-01-14,180,11
12095,95,2026-01-14,249,13
12096,96,2026-01-14,136,10
12097,97,2026-01-14,183,8
12098,98,2026-01-14,199,13
12099,99,2026-01-14,155,6
12100,100,2026-01-14,178,11
12101,1,2026-01-15,131,7
12102,2,2026-01-15,126,10
12103,3,2026-01-15,185,10
12104,4,2026-01-15,281,14
12105,5,2026-01-15,231,11
12106,6,2026-01-15,212,10
12107,7,2026-01-15,275,15
12108,8,2026-01-15,232,13
12109,9,2026-01-15,123,7
12110,10,2026-01-15,105,6
12111,11,2026-01-15,180,10
12112,12,2026-01-15,199,8
12113,13,2026-01-15,120,6
12114,14,2026-01-15,144,9
12115,15,2026-01-15,156,8
12116,16,2026-01-15,183,13
12117,17,2026-01-15,194,12
12118,18,2026-01-15,145,12
12119,19,2026-01-15,124,7
12120,20,2026-01-15,102,5
12121,21,2026-01-15,100,5
12122,22,2026-01-15,159,7
12123,23,2026-01-15,104,6
12124,24,2026-01-15,168,7
12125,25,2026-01-15,114,6
12126,26,2026-01-15,171,8
12127,27,2026-01-15,151,11
12128,28,2026-01-15,95,10
12129,29,2026-01-15,170,9
12130,30,2026-01-15,152,9
12131,31,2026-01-15,118,6
12132,32,2026-01-15,135,9
12133,33,2026-01-15,101,0
12134,34,2026-01-15,86,2
12135,35,2026-01-15,125,12
12136,36,2026-01-15,235,11
12137,37,2026-01-15,164,9
12138,38,2026-01-15,137,6
12139,39,2026-01-15,124,5
12140,40,2026-01-15,106,7
12141,41,2026-01-15,110,7
12142,42,2026-01-15,184,8
12143,43,2026-01-15,132,6
12144,44,2026-01-15,89,3
12145,45,2026-01-15,168,11
12146,46,2026-01-15,193,11
12147,47,2026-01-15,157,9
12148,48,2026-01-15,131,8
12149,49,2026-01-15,129,12
12150,50,2026-01-15,162,8
12151,51,2026-01-15,175,11
12152,52,2026-01-15,112,5
12153,53,2026-01-15,102,4
12154,54,2026-01-15,130,8
12155,55,2026-01-15,161,8
12156,56,2026-01-15,163,10
12157,57,2026-01-15,112,8
12158,58,2026-01-15,145,5
12159,59,2026-01-15,143,7
12160,60,2026-01-15,138,8
12161,61,2026-01-15,170,9
12162,62,2026-01-15,156,9
12163,63,2026-01-15,253,15
12164,64,2026-01-15,119,3
12165,65,2026-01-15,174,9
12166,66,2026-01-15,156,4
12167,67,2026-01-15,181,9
12168,68,2026-01-15,84,4
12169,69,2026-01-15,323,17
12170,70,2026-01-15,85,3
12171,71,2026-01-15,189,12
12172,72,2026-01-15,216,13
12173,73,2026-01-15,163,10
12174,74,2026-01-15,150,9
12175,75,2026-01-15,148,10
12176,76,2026-01-15,127,5
12177,77,2026-01-15,90,6
12178,78,2026-01-15,134,9
12179,79,2026-01-15,111,8
12180,80,2026-01-15,242,12
12181,81,2026-01-15,131,8
12182,82,2026-01-15,128,6
12183,83,2026-01-15,166,6
12184,84,2026-01-15,158,9
12185,85,2026-01-15,137,10
12186,86,2026-01-15,131,8
12187,87,2026-01-15,139,12
12188,88,2026-01-15,148,8
12189,89,2026-01-15,254,14
12190,90,2026-01-15,148,10
12191,91,2026-01-15,140,7
12192,92,2026-01-15,313,20
12193,93,2026-01-15,149,8
12194,94,2026-01-15,147,8
12195,95,2026-01-15,190,9
12196,96,2026-01-15,143,6
12197,97,2026-01-15,172,10
12198,98,2026-01-15,157,8
12199,99,2026-01-15,135,8
12200,100,2026-01-15,181,12
12201,1,2026-01-16,130,7
12202,2,2026-01-16,154,8
12203,3,2026-01-16,188,9
12204,4,2026-01-16,235,14
12205,5,2026-01-16,202,13
12206,6,2026-01-16,218,12
12207,7,2026-01-16,276,17
12208,8,2026-01-16,220,16
12209,9,2026-01-16,152,8
12210,10,2026-01-16,121,4
12211,11,2026-01-16,164,10
12212,12,2026-01-16,179,13
12213,13,2026-01-16,118,6
12214,14,2026-01-16,143,7
12215,15,2026-01-16,126,6
12216,16,2026-01-16,185,10
12217,17,2026-01-16,194,12
12218,18,2026-01-16,147,8
12219,19,2026-01-16,131,10
12220,20,2026-01-16,84,5
12221,21,2026-01-16,128,7
12222,22,2026-01-16,166,7
12223,23,2026-01-16,112,6
12224,24,2026-01-16,189,12
12225,25,2026-01-16,113,4
12226,26,2026-01-16,160,10
12227,27,2026-01-16,153,8
12228,28,2026-01-16,119,4
12229,29,2026-01-16,162,5
12230,30,2026-01-16,128,6
12231,31,2026-01-16,155,8
12232,32,2026-01-16,162,11
12233,33,2026-01-16,138,7
12234,34,2026-01-16,83,2
12235,35,2026-01-16,95,5
12236,36,2026-01-16,215,10
12237,37,2026-01-16,191,13
12238,38,2026-01-16,129,5
12239,39,2026-01-16,151,9
12240,40,2026-01-16,127,8
12241,41,2026-01-16,119,8
12242,42,2026-01-16,186,11
12243,43,2026-01-16,130,11
12244,44,2026-01-16,90,3
12245,45,2026-01-16,167,7
12246,46,2026-01-16,171,10
12247,47,2026-01-16,164,8
12248,48,2026-01-16,108,7
12249,49,2026-01-16,139,7
12250,50,2026-01-16,183,10
12251,51,2026-01-16,152,7
12252,52,2026-01-16,131,4
12253,53,2026-01-16,94,3
12254,54,2026-01-16,118,8
12255,55,2026-01-16,131,6
12256,56,2026-01-16,211,12
12257,57,2026-01-16,103,6
12258,58,2026-01-16,158,13
12259,59,2026-01-16,119,6
12260,60,2026-01-16,145,11
12261,61,2026-01-16,165,8
12262,62,2026-01-16,149,6
12263,63,2026-01-16,201,10
12264,64,2026-01-16,120,8
12265,65,2026-01-16,201,8
12266,66,2026-01-16,133,7
12267,67,2026-01-16,141,6
12268,68,2026-01-16,78,0
12269,69,2026-01-16,284,18
12270,70,2026-01-16,89,4
12271,71,2026-01-16,178,10
12272,72,2026-01-16,189,11
12273,73,2026-01-16,186,15
12274,74,2026-01-16,133,7
12275,75,2026-01-16,156,5
12276,76,2026-01-16,136,6
12277,77,2026-01-16,74,6
12278,78,2026-01-16,121,4
12279,79,2026-01-16,126,7
12280,80,2026-01-16,241,15
12281,81,2026-01-16,138,8
12282,82,2026-01-16,135,6
12283,83,2026-01-16,179,13
12284,84,2026-01-16,137,8
12285,85,2026-01-16,184,14
12286,86,2026-01-16,109,10
12287,87,2026-01-16,126,5
12288,88,2026-01-16,128,6
12289,89,2026-01-16,248,15
12290,90,2026-01-16,176,13
12291,91,2026-01-16,121,8
12292,92,2026-01-16,333,22
12293,93,2026-01-16,182,9
12294,94,2026-01-16,141,7
12295,95,2026-01-16,190,10
12296,96,2026-01-16,139,7
12297,97,2026-01-16,155,8
12298,98,2026-01-16,183,10
12299,99,2026-01-16,139,5
12300,100,2026-01-16,162,12
12301,1,2026-01-17,124,8
12302,2,2026-01-17,132,7
12303,3,2026-01-17,178,9
12304,4,2026-01-17,228,13
12305,5,2026-01-17,199,16
12306,6,2026-01-17,192,15
12307,7,2026-01-17,255,14
12308,8,2026-01-17,222,11
12309,9,2026-01-17,154,9
12310,10,2026-01-17,136,11
12311,11,2026-01-17,290,16
12312,12,2026-01-17,173,9
12313,13,2026-01-17,88,4
12314,14,2026-01-17,148,6
12315,15,2026-01-17,125,4
12316,16,2026-01-17,209,13
12317,17,2026-01-17,200,10
12318,18,2026-01-17,161,8
12319,19,2026-01-17,154,10
12320,20,2026-01-17,118,4
12321,21,2026-01-17,116,7
12322,22,2026-01-17,169,12
12323,23,2026-01-17,111,3
12324,24,2026-01-17,211,14
12325,25,2026-01-17,111,5
12326,26,2026-01-17,190,13
12327,27,2026-01-17,146,5
12328,28,2026-01-17,105,4
12329,29,2026-01-17,181,11
12330,30,2026-01-17,117,6
12331,31,2026-01-17,198,9
12332,32,2026-01-17,132,11
12333,33,2026-01-17,128,6
12334,34,2026-01-17,103,6
12335,35,2026-01-17,115,8
12336,36,2026-01-17,226,12
12337,37,2026-01-17,148,10
12338,38,2026-01-17,155,11
12339,39,2026-01-17,139,12
12340,40,2026-01-17,108,5
12341,41,2026-01-17,131,6
12342,42,2026-01-17,183,10
12343,43,2026-01-17,146,7
12344,44,2026-01-17,93,9
12345,45,2026-01-17,154,7
12346,46,2026-01-17,144,9
12347,47,2026-01-17,154,7
12348,48,2026-01-17,118,7
12349,49,2026-01-17,110,9
12350,50,2026-01-17,183,11
12351,51,2026-01-17,176,9
12352,52,2026-01-17,109,4
12353,53,2026-01-17,124,9
12354,54,2026-01-17,114,4
12355,55,2026-01-17,149,5
12356,56,2026-01-17,209,10
12357,57,2026-01-17,103,5
12358,58,2026-01-17,159,6
12359,59,2026-01-17,143,7
12360,60,2026-01-17,132,10
12361,61,2026-01-17,144,8
12362,62,2026-01-17,135,8
12363,63,2026-01-17,221,17
12364,64,2026-01-17,118,7
12365,65,2026-01-17,207,10
12366,66,2026-01-17,136,7
12367,67,2026-01-17,173,7
12368,68,2026-01-17,73,3
12369,69,2026-01-17,307,19
12370,70,2026-01-17,81,6
12371,71,2026-01-17,145,7
12372,72,2026-01-17,214,13
12373,73,2026-01-17,137,9
12374,74,2026-01-17,126,8
12375,75,2026-01-17,154,7
12376,76,2026-01-17,125,7
12377,77,2026-01-17,80,5
12378,78,2026-01-17,148,5
12379,79,2026-01-17,95,3
12380,80,2026-01-17,228,10
12381,81,2026-01-17,135,7
12382,82,2026-01-17,159,12
12383,83,2026-01-17,168,9
12384,84,2026-01-17,176,9
12385,85,2026-01-17,171,9
12386,86,2026-01-17,116,7
12387,87,2026-01-17,123,10
12388,88,2026-01-17,145,8
12389,89,2026-01-17,218,11
12390,90,2026-01-17,116,2
12391,91,2026-01-17,138,6
12392,92,2026-01-17,281,16
12393,93,2026-01-17,194,12
12394,94,2026-01-17,150,13
12395,95,2026-01-17,199,15
12396,96,2026-01-17,132,6
12397,97,2026-01-17,151,3
12398,98,2026-01-17,166,6
12399,99,2026-01-17,145,6
12400,100,2026-01-17,156,10
12401,1,2026-01-18,79,4
12402,2,2026-01-18,104,3
12403,3,2026-01-18,88,7
12404,4,2026-01-18,111,9
12405,5,2026-01-18,138,8
12406,6,2026-01-18,156,10
12407,7,2026-01-18,133,10
12408,8,2026-01-18,145,9
12409,9,2026-01-18,80,1
12410,10,2026-01-18,58,0
12411,11,2026-01-18,153,9
12412,12,2026-01-18,122,9
12413,13,2026-01-18,70,5
12414,14,2026-01-18,85,4
12415,15,2026-01-18,75,7
12416,16,2026-01-18,111,7
12417,17,2026-01-18,130,5
12418,18,2026-01-18,90,1
12419,19,2026-01-18,82,5
12420,20,2026-01-18,53,3
12421,21,2026-01-18,54,3
12422,22,2026-01-18,89,4
12423,23,2026-01-18,68,2
12424,24,2026-01-18,124,6
12425,25,2026-01-18,88,1
12426,26,2026-01-18,125,9
12427,27,2026-01-18,71,4
12428,28,2026-01-18,69,7
12429,29,2026-01-18,97,8
12430,30,2026-01-18,98,3
12431,31,2026-01-18,118,7
12432,32,2026-01-18,70,6
12433,33,2026-01-18,92,4
12434,34,2026-01-18,53,3
12435,35,2026-01-18,82,0
12436,36,2026-01-18,152,9
12437,37,2026-01-18,100,6
12438,38,2026-01-18,86,3
12439,39,2026-01-18,96,5
12440,40,2026-01-18,64,0
12441,41,2026-01-18,61,5
12442,42,2026-01-18,113,10
12443,43,2026-01-18,88,4
12444,44,2026-01-18,99,5
12445,45,2026-01-18,104,3
12446,46,2026-01-18,112,6
12447,47,2026-01-18,115,7
12448,48,2026-01-18,60,3
12449,49,2026-01-18,62,1
12450,50,2026-01-18,113,6
12451,51,2026-01-18,101,7
12452,52,2026-01-18,77,4
12453,53,2026-01-18,78,2
12454,54,2026-01-18,83,0
12455,55,2026-01-18,64,4
12456,56,2026-01-18,123,8
12457,57,2026-01-18,61,1
12458,58,2026-01-18,73,5
12459,59,2026-01-18,69,6
12460,60,2026-01-18,77,6
12461,61,2026-01-18,90,1
12462,62,2026-01-18,81,5
12463,63,2026-01-18,124,9
12464,64,2026-01-18,74,1
12465,65,2026-01-18,91,3
12466,66,2026-01-18,68,2
12467,67,2026-01-18,104,4
12468,68,2026-01-18,39,3
12469,69,2026-01-18,180,11
12470,70,2026-01-18,42,0
12471,71,2026-01-18,89,0
12472,72,2026-01-18,104,0
12473,73,2026-01-18,68,5
12474,74,2026-01-18,66,6
12475,75,2026-01-18,90,6
12476,76,2026-01-18,83,5
12477,77,2026-01-18,38,3
12478,78,2026-01-18,83,6
12479,79,2026-01-18,79,0
12480,80,2026-01-18,128,6
12481,81,2026-01-18,94,6
12482,82,2026-01-18,97,3
12483,83,2026-01-18,110,7
12484,84,2026-01-18,110,5
12485,85,2026-01-18,77,7
12486,86,2026-01-18,68,6
12487,87,2026-01-18,84,5
12488,88,2026-01-18,92,3
12489,89,2026-01-18,155,10
12490,90,2026-01-18,101,6
12491,91,2026-01-18,75,6
12492,92,2026-01-18,176,8
12493,93,2026-01-18,99,8
12494,94,2026-01-18,85,6
12495,95,2026-01-18,81,4
12496,96,2026-01-18,59,1
12497,97,2026-01-18,109,6
12498,98,2026-01-18,57,2
12499,99,2026-01-18,64,5
12500,100,2026-01-18,86,7
12501,1,2026-01-19,205,10
12502,2,2026-01-19,189,10
12503,3,2026-01-19,234,13
12504,4,2026-01-19,282,15
12505,5,2026-01-19,280,19
12506,6,2026-01-19,280,16
12507,7,2026-01-19,354,22
12508,8,2026-01-19,270,15
12509,9,2026-01-19,194,11
12510,10,2026-01-19,165,8
12511,11,2026-01-19,353,23
12512,12,2026-01-19,231,11
12513,13,2026-01-19,154,9
12514,14,2026-01-19,216,13
12515,15,2026-01-19,176,7
12516,16,2026-01-19,237,14
12517,17,2026-01-19,267,16
12518,18,2026-01-19,203,12
12519,19,2026-01-19,182,9
12520,20,2026-01-19,122,10
12521,21,2026-01-19,152,9
12522,22,2026-01-19,221,12
12523,23,2026-01-19,144,6
12524,24,2026-01-19,278,15
12525,25,2026-01-19,151,8
12526,26,2026-01-19,232,14
12527,27,2026-01-19,159,6
12528,28,2026-01-19,157,9
12529,29,2026-01-19,242,15
12530,30,2026-01-19,188,10
12531,31,2026-01-19,264,18
12532,32,2026-01-19,199,13
12533,33,2026-01-19,174,15
12534,34,2026-01-19,119,7
12535,35,2026-01-19,139,7
12536,36,2026-01-19,298,20
12537,37,2026-01-19,217,9
12538,38,2026-01-19,203,11
12539,39,2026-01-19,172,11
12540,40,2026-01-19,162,9
12541,41,2026-01-19,168,10
12542,42,2026-01-19,248,16
12543,43,2026-01-19,197,11
12544,44,2026-01-19,202,9
12545,45,2026-01-19,217,11
12546,46,2026-01-19,195,13
12547,47,2026-01-19,217,12
12548,48,2026-01-19,156,10
12549,49,2026-01-19,167,9
12550,50,2026-01-19,215,17
12551,51,2026-01-19,242,15
12552,52,2026-01-19,155,7
12553,53,2026-01-19,143,7
12554,54,2026-01-19,151,8
12555,55,2026-01-19,201,10
12556,56,2026-01-19,236,13
12557,57,2026-01-19,126,9
12558,58,2026-01-19,196,11
12559,59,2026-01-19,176,9
12560,60,2026-01-19,177,5
12561,61,2026-01-19,202,10
12562,62,2026-01-19,201,14
12563,63,2026-01-19,300,19
12564,64,2026-01-19,182,11
12565,65,2026-01-19,252,16
12566,66,2026-01-19,187,9
12567,67,2026-01-19,222,13
12568,68,2026-01-19,106,3
12569,69,2026-01-19,225,13
12570,70,2026-01-19,126,10
12571,71,2026-01-19,239,16
12572,72,2026-01-19,283,16
12573,73,2026-01-19,211,14
12574,74,2026-01-19,166,7
12575,75,2026-01-19,220,14
12576,76,2026-01-19,198,10
12577,77,2026-01-19,97,5
12578,78,2026-01-19,200,9
12579,79,2026-01-19,129,2
12580,80,2026-01-19,264,15
12581,81,2026-01-19,183,13
12582,82,2026-01-19,179,10
12583,83,2026-01-19,220,13
12584,84,2026-01-19,214,14
12585,85,2026-01-19,187,10
12586,86,2026-01-19,181,12
12587,87,2026-01-19,197,14
12588,88,2026-01-19,177,9
12589,89,2026-01-19,291,19
12590,90,2026-01-19,198,12
12591,91,2026-01-19,185,8
12592,92,2026-01-19,416,24
12593,93,2026-01-19,269,16
12594,94,2026-01-19,198,11
12595,95,2026-01-19,218,9
12596,96,2026-01-19,158,8
12597,97,2026-01-19,205,9
12598,98,2026-01-19,192,12
12599,99,2026-01-19,188,11
12600,100,2026-01-19,229,12
12601,1,2026-01-20,123,10
12602,2,2026-01-20,162,10
12603,3,2026-01-20,185,8
12604,4,2026-01-20,250,14
12605,5,2026-01-20,219,14
12606,6,2026-01-20,217,11
12607,7,2026-01-20,267,16
12608,8,2026-01-20,231,12
12609,9,2026-01-20,159,5
12610,10,2026-01-20,128,6
12611,11,2026-01-20,192,12
12612,12,2026-01-20,217,13
12613,13,2026-01-20,124,5
12614,14,2026-01-20,171,7
12615,15,2026-01-20,154,8
12616,16,2026-01-20,196,9
12617,17,2026-01-20,203,12
12618,18,2026-01-20,191,7
12619,19,2026-01-20,152,5
12620,20,2026-01-20,116,6
12621,21,2026-01-20,126,7
12622,22,2026-01-20,205,13
12623,23,2026-01-20,124,6
12624,24,2026-01-20,176,10
12625,25,2026-01-20,128,9
12626,26,2026-01-20,187,12
12627,27,2026-01-20,141,8
12628,28,2026-01-20,124,6
12629,29,2026-01-20,186,9
12630,30,2026-01-20,150,10
12631,31,2026-01-20,232,15
12632,32,2026-01-20,164,9
12633,33,2026-01-20,154,6
12634,34,2026-01-20,113,3
12635,35,2026-01-20,124,5
12636,36,2026-01-20,239,12
12637,37,2026-01-20,175,9
12638,38,2026-01-20,137,4
12639,39,2026-01-20,178,12
12640,40,2026-01-20,129,8
12641,41,2026-01-20,135,6
12642,42,2026-01-20,204,12
12643,43,2026-01-20,152,7
12644,44,2026-01-20,156,7
12645,45,2026-01-20,200,14
12646,46,2026-01-20,187,11
12647,47,2026-01-20,140,8
12648,48,2026-01-20,136,7
12649,49,2026-01-20,148,7
12650,50,2026-01-20,172,11
12651,51,2026-01-20,186,9
12652,52,2026-01-20,153,11
12653,53,2026-01-20,132,10
12654,54,2026-01-20,133,6
12655,55,2026-01-20,158,7
12656,56,2026-01-20,178,13
12657,57,2026-01-20,98,2
12658,58,2026-01-20,212,15
12659,59,2026-01-20,177,11
12660,60,2026-01-20,161,11
12661,61,2026-01-20,171,11
12662,62,2026-01-20,190,11
12663,63,2026-01-20,264,11
12664,64,2026-01-20,146,9
12665,65,2026-01-20,189,11
12666,66,2026-01-20,163,8
12667,67,2026-01-20,195,12
12668,68,2026-01-20,91,1
12669,69,2026-01-20,205,12
12670,70,2026-01-20,93,2
12671,71,2026-01-20,172,10
12672,72,2026-01-20,199,9
12673,73,2026-01-20,213,12
12674,74,2026-01-20,150,11
12675,75,2026-01-20,164,6
12676,76,2026-01-20,169,11
12677,77,2026-01-20,99,6
12678,78,2026-01-20,163,12
12679,79,2026-01-20,121,7
12680,80,2026-01-20,312,20
12681,81,2026-01-20,167,10
12682,82,2026-01-20,161,9
12683,83,2026-01-20,217,12
12684,84,2026-01-20,186,12
12685,85,2026-01-20,205,13
12686,86,2026-01-20,145,9
12687,87,2026-01-20,151,11
12688,88,2026-01-20,169,12
12689,89,2026-01-20,264,12
12690,90,2026-01-20,185,10
12691,91,2026-01-20,147,11
12692,92,2026-01-20,431,27
12693,93,2026-01-20,199,12
12694,94,2026-01-20,163,7
12695,95,2026-01-20,231,15
12696,96,2026-01-20,128,7
12697,97,2026-01-20,146,9
12698,98,2026-01-20,201,11
12699,99,2026-01-20,177,12
12700,100,2026-01-20,200,15
12701,1,2026-01-21,135,11
12702,2,2026-01-21,156,9
12703,3,2026-01-21,193,12
12704,4,2026-01-21,241,11
12705,5,2026-01-21,223,13
12706,6,2026-01-21,220,11
12707,7,2026-01-21,294,15
12708,8,2026-01-21,219,13
12709,9,2026-01-21,190,9
12710,10,2026-01-21,129,6
12711,11,2026-01-21,170,11
12712,12,2026-01-21,197,14
12713,13,2026-01-21,132,8
12714,14,2026-01-21,187,10
12715,15,2026-01-21,177,10
12716,16,2026-01-21,180,10
12717,17,2026-01-21,215,14
12718,18,2026-01-21,169,8
12719,19,2026-01-21,140,7
12720,20,2026-01-21,115,9
12721,21,2026-01-21,139,8
12722,22,2026-01-21,184,10
12723,23,2026-01-21,123,6
12724,24,2026-01-21,215,10
12725,25,2026-01-21,133,9
12726,26,2026-01-21,219,18
12727,27,2026-01-21,161,9
12728,28,2026-01-21,120,2
12729,29,2026-01-21,191,12
12730,30,2026-01-21,145,10
12731,31,2026-01-21,226,15
12732,32,2026-01-21,278,18
12733,33,2026-01-21,138,7
12734,34,2026-01-21,88,8
12735,35,2026-01-21,116,4
12736,36,2026-01-21,232,13
12737,37,2026-01-21,202,11
12738,38,2026-01-21,180,12
12739,39,2026-01-21,175,10
12740,40,2026-01-21,137,5
12741,41,2026-01-21,162,10
12742,42,2026-01-21,173,6
12743,43,2026-01-21,137,7
12744,44,2026-01-21,98,6
12745,45,2026-01-21,185,14
12746,46,2026-01-21,201,11
12747,47,2026-01-21,198,10
12748,48,2026-01-21,125,4
12749,49,2026-01-21,129,7
12750,50,2026-01-21,209,12
12751,51,2026-01-21,185,10
12752,52,2026-01-21,135,8
12753,53,2026-01-21,112,5
12754,54,2026-01-21,130,10
12755,55,2026-01-21,172,14
12756,56,2026-01-21,205,13
12757,57,2026-01-21,97,6
12758,58,2026-01-21,170,9
12759,59,2026-01-21,145,12
12760,60,2026-01-21,156,11
12761,61,2026-01-21,189,12
12762,62,2026-01-21,176,10
12763,63,2026-01-21,240,13
12764,64,2026-01-21,153,10
12765,65,2026-01-21,210,11
12766,66,2026-01-21,147,8
12767,67,2026-01-21,187,12
12768,68,2026-01-21,94,6
12769,69,2026-01-21,210,10
12770,70,2026-01-21,91,4
12771,71,2026-01-21,196,11
12772,72,2026-01-21,186,13
12773,73,2026-01-21,190,12
12774,74,2026-01-21,154,8
12775,75,2026-01-21,189,9
12776,76,2026-01-21,153,11
12777,77,2026-01-21,96,4
12778,78,2026-01-21,145,10
12779,79,2026-01-21,127,7
12780,80,2026-01-21,234,15
12781,81,2026-01-21,149,14
12782,82,2026-01-21,191,13
12783,83,2026-01-21,217,16
12784,84,2026-01-21,172,8
12785,85,2026-01-21,186,11
12786,86,2026-01-21,142,7
12787,87,2026-01-21,143,4
12788,88,2026-01-21,176,14
12789,89,2026-01-21,261,14
12790,90,2026-01-21,179,10
12791,91,2026-01-21,152,8
12792,92,2026-01-21,315,18
12793,93,2026-01-21,219,16
12794,94,2026-01-21,176,13
12795,95,2026-01-21,206,14
12796,96,2026-01-21,122,7
12797,97,2026-01-21,146,10
12798,98,2026-01-21,191,7
12799,99,2026-01-21,135,9
12800,100,2026-01-21,187,14
12801,1,2026-01-22,122,10
12802,2,2026-01-22,144,9
12803,3,2026-01-22,150,9
12804,4,2026-01-22,227,16
12805,5,2026-01-22,201,11
12806,6,2026-01-22,189,14
12807,7,2026-01-22,273,17
12808,8,2026-01-22,196,9
12809,9,2026-01-22,176,12
12810,10,2026-01-22,125,9
12811,11,2026-01-22,171,11
12812,12,2026-01-22,190,8
12813,13,2026-01-22,112,4
12814,14,2026-01-22,194,10
12815,15,2026-01-22,159,5
12816,16,2026-01-22,211,11
12817,17,2026-01-22,218,12
12818,18,2026-01-22,160,8
12819,19,2026-01-22,144,5
12820,20,2026-01-22,97,2
12821,21,2026-01-22,106,6
12822,22,2026-01-22,181,11
12823,23,2026-01-22,116,5
12824,24,2026-01-22,190,12
12825,25,2026-01-22,104,7
12826,26,2026-01-22,193,9
12827,27,2026-01-22,119,7
12828,28,2026-01-22,101,8
12829,29,2026-01-22,182,11
12830,30,2026-01-22,110,6
12831,31,2026-01-22,203,12
12832,32,2026-01-22,233,14
12833,33,2026-01-22,120,7
12834,34,2026-01-22,83,4
12835,35,2026-01-22,121,8
12836,36,2026-01-22,227,14
12837,37,2026-01-22,137,9
12838,38,2026-01-22,142,7
12839,39,2026-01-22,141,7
12840,40,2026-01-22,176,8
12841,41,2026-01-22,136,10
12842,42,2026-01-22,170,11
12843,43,2026-01-22,140,8
12844,44,2026-01-22,86,3
12845,45,2026-01-22,130,6
12846,46,2026-01-22,153,8
12847,47,2026-01-22,144,8
12848,48,2026-01-22,119,7
12849,49,2026-01-22,116,8
12850,50,2026-01-22,180,11
12851,51,2026-01-22,165,9
12852,52,2026-01-22,130,5
12853,53,2026-01-22,109,8
12854,54,2026-01-22,130,6
12855,55,2026-01-22,147,8
12856,56,2026-01-22,163,11
12857,57,2026-01-22,98,2
12858,58,2026-01-22,153,6
12859,59,2026-01-22,149,11
12860,60,2026-01-22,175,13
12861,61,2026-01-22,167,9
12862,62,2026-01-22,175,10
12863,63,2026-01-22,256,16
12864,64,2026-01-22,146,7
12865,65,2026-01-22,204,11
12866,66,2026-01-22,138,7
12867,67,2026-01-22,159,8
12868,68,2026-01-22,74,1
12869,69,2026-01-22,173,9
12870,70,2026-01-22,91,6
12871,71,2026-01-22,149,10
12872,72,2026-01-22,197,12
12873,73,2026-01-22,169,6
12874,74,2026-01-22,158,11
12875,75,2026-01-22,174,12
12876,76,2026-01-22,133,4
12877,77,2026-01-22,93,7
12878,78,2026-01-22,127,7
12879,79,2026-01-22,106,3
12880,80,2026-01-22,245,14
12881,81,2026-01-22,131,7
12882,82,2026-01-22,156,9
12883,83,2026-01-22,180,10
12884,84,2026-01-22,168,9
12885,85,2026-01-22,189,8
12886,86,2026-01-22,108,6
12887,87,2026-01-22,160,9
12888,88,2026-01-22,164,12
12889,89,2026-01-22,215,15
12890,90,2026-01-22,150,6
12891,91,2026-01-22,128,3
12892,92,2026-01-22,295,17
12893,93,2026-01-22,177,9
12894,94,2026-01-22,132,5
12895,95,2026-01-22,156,10
12896,96,2026-01-22,129,9
12897,97,2026-01-22,153,10
12898,98,2026-01-22,143,10
12899,99,2026-01-22,163,7
12900,100,2026-01-22,140,7
12901,1,2026-01-23,156,7
12902,2,2026-01-23,159,11
12903,3,2026-01-23,201,11
12904,4,2026-01-23,261,18
12905,5,2026-01-23,222,14
12906,6,2026-01-23,199,11
12907,7,2026-01-23,224,14
12908,8,2026-01-23,192,8
12909,9,2026-01-23,149,10
12910,10,2026-01-23,117,4
12911,11,2026-01-23,150,12
12912,12,2026-01-23,172,9
12913,13,2026-01-23,118,6
12914,14,2026-01-23,173,13
12915,15,2026-01-23,168,8
12916,16,2026-01-23,180,10
12917,17,2026-01-23,175,10
12918,18,2026-01-23,153,9
12919,19,2026-01-23,128,9
12920,20,2026-01-23,99,6
12921,21,2026-01-23,96,8
12922,22,2026-01-23,139,9
12923,23,2026-01-23,101,6
12924,24,2026-01-23,227,12
12925,25,2026-01-23,127,4
12926,26,2026-01-23,194,12
12927,27,2026-01-23,153,5
12928,28,2026-01-23,100,6
12929,29,2026-01-23,168,10
12930,30,2026-01-23,140,10
12931,31,2026-01-23,146,8
12932,32,2026-01-23,241,17
12933,33,2026-01-23,110,3
12934,34,2026-01-23,88,4
12935,35,2026-01-23,104,4
12936,36,2026-01-23,230,16
12937,37,2026-01-23,197,7
12938,38,2026-01-23,145,7
12939,39,2026-01-23,129,7
12940,40,2026-01-23,211,13
12941,41,2026-01-23,128,6
12942,42,2026-01-23,152,9
12943,43,2026-01-23,136,7
12944,44,2026-01-23,105,4
12945,45,2026-01-23,179,10
12946,46,2026-01-23,167,8
12947,47,2026-01-23,146,8
12948,48,2026-01-23,115,5
12949,49,2026-01-23,126,6
12950,50,2026-01-23,173,9
12951,51,2026-01-23,155,7
12952,52,2026-01-23,131,8
12953,53,2026-01-23,99,5
12954,54,2026-01-23,119,8
12955,55,2026-01-23,138,7
12956,56,2026-01-23,201,12
12957,57,2026-01-23,106,6
12958,58,2026-01-23,176,8
12959,59,2026-01-23,116,9
12960,60,2026-01-23,161,8
12961,61,2026-01-23,145,9
12962,62,2026-01-23,137,10
12963,63,2026-01-23,240,11
12964,64,2026-01-23,113,8
12965,65,2026-01-23,186,5
12966,66,2026-01-23,131,10
12967,67,2026-01-23,173,9
12968,68,2026-01-23,82,6
12969,69,2026-01-23,196,10
12970,70,2026-01-23,99,5
12971,71,2026-01-23,162,10
12972,72,2026-01-23,220,11
12973,73,2026-01-23,169,11
12974,74,2026-01-23,133,8
12975,75,2026-01-23,159,11
12976,76,2026-01-23,129,7
12977,77,2026-01-23,83,5
12978,78,2026-01-23,140,3
12979,79,2026-01-23,118,9
12980,80,2026-01-23,206,13
12981,81,2026-01-23,146,11
12982,82,2026-01-23,113,6
12983,83,2026-01-23,171,10
12984,84,2026-01-23,151,7
12985,85,2026-01-23,152,10
12986,86,2026-01-23,127,7
12987,87,2026-01-23,117,7
12988,88,2026-01-23,142,11
12989,89,2026-01-23,244,14
12990,90,2026-01-23,143,13
12991,91,2026-01-23,124,7
12992,92,2026-01-23,341,19
12993,93,2026-01-23,169,7
12994,94,2026-01-23,146,8
12995,95,2026-01-23,154,7
12996,96,2026-01-23,119,2
12997,97,2026-01-23,147,12
12998,98,2026-01-23,157,8
12999,99,2026-01-23,167,8
13000,100,2026-01-23,180,12
13001,1,2026-01-24,115,7
13002,2,2026-01-24,160,12
13003,3,2026-01-24,185,13
13004,4,2026-01-24,239,14
13005,5,2026-01-24,221,13
13006,6,2026-01-24,206,9
13007,7,2026-01-24,275,18
13008,8,2026-01-24,187,11
13009,9,2026-01-24,169,10
13010,10,2026-01-24,128,8
13011,11,2026-01-24,171,11
13012,12,2026-01-24,187,14
13013,13,2026-01-24,94,3
13014,14,2026-01-24,162,9
13015,15,2026-01-24,142,10
13016,16,2026-01-24,163,7
13017,17,2026-01-24,203,13
13018,18,2026-01-24,152,9
13019,19,2026-01-24,144,11
13020,20,2026-01-24,87,5
13021,21,2026-01-24,86,3
13022,22,2026-01-24,174,6
13023,23,2026-01-24,108,5
13024,24,2026-01-24,199,13
13025,25,2026-01-24,129,8
13026,26,2026-01-24,209,8
13027,27,2026-01-24,137,9
13028,28,2026-01-24,105,6
13029,29,2026-01-24,169,5
13030,30,2026-01-24,149,11
13031,31,2026-01-24,110,5
13032,32,2026-01-24,139,6
13033,33,2026-01-24,135,9
13034,34,2026-01-24,102,7
13035,35,2026-01-24,113,5
13036,36,2026-01-24,228,13
13037,37,2026-01-24,197,11
13038,38,2026-01-24,151,7
13039,39,2026-01-24,141,8
13040,40,2026-01-24,194,11
13041,41,2026-01-24,127,9
13042,42,2026-01-24,167,10
13043,43,2026-01-24,138,7
13044,44,2026-01-24,95,7
13045,45,2026-01-24,165,12
13046,46,2026-01-24,162,8
13047,47,2026-01-24,149,11
13048,48,2026-01-24,124,8
13049,49,2026-01-24,120,6
13050,50,2026-01-24,173,11
13051,51,2026-01-24,194,10
13052,52,2026-01-24,133,7
13053,53,2026-01-24,97,4
13054,54,2026-01-24,109,8
13055,55,2026-01-24,139,9
13056,56,2026-01-24,161,12
13057,57,2026-01-24,99,1
13058,58,2026-01-24,164,9
13059,59,2026-01-24,172,8
13060,60,2026-01-24,131,6
13061,61,2026-01-24,145,11
13062,62,2026-01-24,147,15
13063,63,2026-01-24,222,10
13064,64,2026-01-24,113,6
13065,65,2026-01-24,180,12
13066,66,2026-01-24,128,5
13067,67,2026-01-24,196,10
13068,68,2026-01-24,88,5
13069,69,2026-01-24,158,10
13070,70,2026-01-24,68,5
13071,71,2026-01-24,181,11
13072,72,2026-01-24,196,9
13073,73,2026-01-24,171,10
13074,74,2026-01-24,125,2
13075,75,2026-01-24,151,10
13076,76,2026-01-24,141,4
13077,77,2026-01-24,89,4
13078,78,2026-01-24,132,9
13079,79,2026-01-24,117,4
13080,80,2026-01-24,207,10
13081,81,2026-01-24,142,5
13082,82,2026-01-24,162,7
13083,83,2026-01-24,175,11
13084,84,2026-01-24,176,9
13085,85,2026-01-24,129,7
13086,86,2026-01-24,125,8
13087,87,2026-01-24,146,4
13088,88,2026-01-24,153,10
13089,89,2026-01-24,247,14
13090,90,2026-01-24,148,6
13091,91,2026-01-24,119,8
13092,92,2026-01-24,327,16
13093,93,2026-01-24,199,11
13094,94,2026-01-24,155,9
13095,95,2026-01-24,204,14
13096,96,2026-01-24,130,2
13097,97,2026-01-24,136,10
13098,98,2026-01-24,154,8
13099,99,2026-01-24,143,8
13100,100,2026-01-24,149,10
13101,1,2026-01-25,82,6
13102,2,2026-01-25,75,8
13103,3,2026-01-25,98,7
13104,4,2026-01-25,160,11
13105,5,2026-01-25,103,2
13106,6,2026-01-25,99,5
13107,7,2026-01-25,115,8
13108,8,2026-01-25,124,8
13109,9,2026-01-25,87,9
13110,10,2026-01-25,74,6
13111,11,2026-01-25,103,8
13112,12,2026-01-25,81,4
13113,13,2026-01-25,54,6
13114,14,2026-01-25,112,6
13115,15,2026-01-25,90,8
13116,16,2026-01-25,109,8
13117,17,2026-01-25,117,4
13118,18,2026-01-25,115,9
13119,19,2026-01-25,124,6
13120,20,2026-01-25,58,5
13121,21,2026-01-25,69,4
13122,22,2026-01-25,119,5
13123,23,2026-01-25,45,4
13124,24,2026-01-25,124,7
13125,25,2026-01-25,69,6
13126,26,2026-01-25,128,9
13127,27,2026-01-25,71,5
13128,28,2026-01-25,59,1
13129,29,2026-01-25,101,5
13130,30,2026-01-25,77,3
13131,31,2026-01-25,66,5
13132,32,2026-01-25,67,4
13133,33,2026-01-25,72,5
13134,34,2026-01-25,43,0
13135,35,2026-01-25,59,2
13136,36,2026-01-25,107,4
13137,37,2026-01-25,100,4
13138,38,2026-01-25,65,0
13139,39,2026-01-25,87,4
13140,40,2026-01-25,109,5
13141,41,2026-01-25,81,7
13142,42,2026-01-25,120,8
13143,43,2026-01-25,82,6
13144,44,2026-01-25,47,0
13145,45,2026-01-25,84,7
13146,46,2026-01-25,111,10
13147,47,2026-01-25,96,3
13148,48,2026-01-25,64,4
13149,49,2026-01-25,67,0
13150,50,2026-01-25,125,7
13151,51,2026-01-25,99,3
13152,52,2026-01-25,80,1
13153,53,2026-01-25,57,4
13154,54,2026-01-25,73,3
13155,55,2026-01-25,48,2
13156,56,2026-01-25,114,7
13157,57,2026-01-25,66,3
13158,58,2026-01-25,86,1
13159,59,2026-01-25,66,4
13160,60,2026-01-25,90,6
13161,61,2026-01-25,106,12
13162,62,2026-01-25,95,4
13163,63,2026-01-25,139,6
13164,64,2026-01-25,85,5
13165,65,2026-01-25,95,5
13166,66,2026-01-25,70,4
13167,67,2026-01-25,103,5
13168,68,2026-01-25,43,5
13169,69,2026-01-25,88,4
13170,70,2026-01-25,47,0
13171,71,2026-01-25,136,8
13172,72,2026-01-25,142,8
13173,73,2026-01-25,118,7
13174,74,2026-01-25,65,2
13175,75,2026-01-25,84,3
13176,76,2026-01-25,112,5
13177,77,2026-01-25,48,5
13178,78,2026-01-25,57,3
13179,79,2026-01-25,63,6
13180,80,2026-01-25,121,5
13181,81,2026-01-25,83,6
13182,82,2026-01-25,90,4
13183,83,2026-01-25,103,8
13184,84,2026-01-25,85,5
13185,85,2026-01-25,53,5
13186,86,2026-01-25,61,4
13187,87,2026-01-25,101,5
13188,88,2026-01-25,83,4
13189,89,2026-01-25,195,12
13190,90,2026-01-25,78,1
13191,91,2026-01-25,76,2
13192,92,2026-01-25,192,10
13193,93,2026-01-25,72,2
13194,94,2026-01-25,76,5
13195,95,2026-01-25,138,16
13196,96,2026-01-25,70,4
13197,97,2026-01-25,115,9
13198,98,2026-01-25,114,5
13199,99,2026-01-25,93,6
13200,100,2026-01-25,79,6
13201,1,2026-01-26,181,13
13202,2,2026-01-26,187,13
13203,3,2026-01-26,228,10
13204,4,2026-01-26,315,18
13205,5,2026-01-26,302,13
13206,6,2026-01-26,291,15
13207,7,2026-01-26,350,19
13208,8,2026-01-26,287,16
13209,9,2026-01-26,220,11
13210,10,2026-01-26,161,10
13211,11,2026-01-26,219,13
13212,12,2026-01-26,235,10
13213,13,2026-01-26,149,7
13214,14,2026-01-26,210,13
13215,15,2026-01-26,172,11
13216,16,2026-01-26,251,17
13217,17,2026-01-26,249,12
13218,18,2026-01-26,222,10
13219,19,2026-01-26,326,19
13220,20,2026-01-26,116,2
13221,21,2026-01-26,157,9
13222,22,2026-01-26,248,15
13223,23,2026-01-26,154,6
13224,24,2026-01-26,235,13
13225,25,2026-01-26,152,10
13226,26,2026-01-26,246,15
13227,27,2026-01-26,193,10
13228,28,2026-01-26,147,8
13229,29,2026-01-26,210,11
13230,30,2026-01-26,196,9
13231,31,2026-01-26,171,10
13232,32,2026-01-26,168,7
13233,33,2026-01-26,164,10
13234,34,2026-01-26,104,7
13235,35,2026-01-26,145,8
13236,36,2026-01-26,296,17
13237,37,2026-01-26,247,9
13238,38,2026-01-26,205,9
13239,39,2026-01-26,175,11
13240,40,2026-01-26,148,11
13241,41,2026-01-26,177,7
13242,42,2026-01-26,234,8
13243,43,2026-01-26,213,12
13244,44,2026-01-26,131,6
13245,45,2026-01-26,215,18
13246,46,2026-01-26,226,15
13247,47,2026-01-26,203,10
13248,48,2026-01-26,168,8
13249,49,2026-01-26,167,11
13250,50,2026-01-26,236,11
13251,51,2026-01-26,231,14
13252,52,2026-01-26,167,12
13253,53,2026-01-26,145,11
13254,54,2026-01-26,156,11
13255,55,2026-01-26,207,11
13256,56,2026-01-26,282,16
13257,57,2026-01-26,135,6
13258,58,2026-01-26,222,15
13259,59,2026-01-26,180,15
13260,60,2026-01-26,185,12
13261,61,2026-01-26,205,11
13262,62,2026-01-26,163,11
13263,63,2026-01-26,298,13
13264,64,2026-01-26,164,14
13265,65,2026-01-26,222,10
13266,66,2026-01-26,175,8
13267,67,2026-01-26,236,14
13268,68,2026-01-26,111,8
13269,69,2026-01-26,254,13
13270,70,2026-01-26,114,6
13271,71,2026-01-26,202,12
13272,72,2026-01-26,268,16
13273,73,2026-01-26,236,14
13274,74,2026-01-26,184,12
13275,75,2026-01-26,215,12
13276,76,2026-01-26,189,9
13277,77,2026-01-26,125,5
13278,78,2026-01-26,160,11
13279,79,2026-01-26,127,4
13280,80,2026-01-26,296,20
13281,81,2026-01-26,196,12
13282,82,2026-01-26,200,10
13283,83,2026-01-26,243,15
13284,84,2026-01-26,208,11
13285,85,2026-01-26,221,11
13286,86,2026-01-26,162,10
13287,87,2026-01-26,170,9
13288,88,2026-01-26,173,11
13289,89,2026-01-26,293,20
13290,90,2026-01-26,191,8
13291,91,2026-01-26,167,10
13292,92,2026-01-26,472,28
13293,93,2026-01-26,225,14
13294,94,2026-01-26,176,7
13295,95,2026-01-26,266,16
13296,96,2026-01-26,167,11
13297,97,2026-01-26,213,11
13298,98,2026-01-26,218,15
13299,99,2026-01-26,178,12
13300,100,2026-01-26,218,14
13301,1,2026-01-27,145,6
13302,2,2026-01-27,157,9
13303,3,2026-01-27,208,7
13304,4,2026-01-27,281,16
13305,5,2026-01-27,224,12
13306,6,2026-01-27,293,16
13307,7,2026-01-27,271,18
13308,8,2026-01-27,231,12
13309,9,2026-01-27,219,11
13310,10,2026-01-27,130,5
13311,11,2026-01-27,194,14
13312,12,2026-01-27,212,11
13313,13,2026-01-27,121,5
13314,14,2026-01-27,209,13
13315,15,2026-01-27,172,9
13316,16,2026-01-27,242,14
13317,17,2026-01-27,266,15
13318,18,2026-01-27,173,12
13319,19,2026-01-27,250,15
13320,20,2026-01-27,110,3
13321,21,2026-01-27,120,5
13322,22,2026-01-27,225,13
13323,23,2026-01-27,130,10
13324,24,2026-01-27,204,13
13325,25,2026-01-27,140,7
13326,26,2026-01-27,230,12
13327,27,2026-01-27,170,7
13328,28,2026-01-27,133,7
13329,29,2026-01-27,211,13
13330,30,2026-01-27,152,7
13331,31,2026-01-27,144,9
13332,32,2026-01-27,158,9
13333,33,2026-01-27,135,6
13334,34,2026-01-27,108,5
13335,35,2026-01-27,106,4
13336,36,2026-01-27,241,13
13337,37,2026-01-27,201,16
13338,38,2026-01-27,164,9
13339,39,2026-01-27,176,8
13340,40,2026-01-27,144,7
13341,41,2026-01-27,164,11
13342,42,2026-01-27,232,11
13343,43,2026-01-27,172,10
13344,44,2026-01-27,105,8
13345,45,2026-01-27,169,13
13346,46,2026-01-27,172,10
13347,47,2026-01-27,168,11
13348,48,2026-01-27,151,7
13349,49,2026-01-27,132,6
13350,50,2026-01-27,175,9
13351,51,2026-01-27,187,15
13352,52,2026-01-27,132,5
13353,53,2026-01-27,136,7
13354,54,2026-01-27,147,9
13355,55,2026-01-27,130,7
13356,56,2026-01-27,209,13
13357,57,2026-01-27,131,6
13358,58,2026-01-27,190,10
13359,59,2026-01-27,156,7
13360,60,2026-01-27,171,12
13361,61,2026-01-27,186,11
13362,62,2026-01-27,146,5
13363,63,2026-01-27,259,14
13364,64,2026-01-27,135,4
13365,65,2026-01-27,212,12
13366,66,2026-01-27,162,10
13367,67,2026-01-27,200,11
13368,68,2026-01-27,90,8
13369,69,2026-01-27,192,13
13370,70,2026-01-27,113,5
13371,71,2026-01-27,198,10
13372,72,2026-01-27,244,13
13373,73,2026-01-27,176,8
13374,74,2026-01-27,153,9
13375,75,2026-01-27,165,12
13376,76,2026-01-27,144,6
13377,77,2026-01-27,88,5
13378,78,2026-01-27,163,7
13379,79,2026-01-27,126,5
13380,80,2026-01-27,284,16
13381,81,2026-01-27,143,5
13382,82,2026-01-27,148,10
13383,83,2026-01-27,191,13
13384,84,2026-01-27,159,10
13385,85,2026-01-27,215,15
13386,86,2026-01-27,139,7
13387,87,2026-01-27,170,11
13388,88,2026-01-27,157,10
13389,89,2026-01-27,273,18
13390,90,2026-01-27,181,12
13391,91,2026-01-27,148,8
13392,92,2026-01-27,394,24
13393,93,2026-01-27,227,15
13394,94,2026-01-27,194,11
13395,95,2026-01-27,207,12
13396,96,2026-01-27,126,7
13397,97,2026-01-27,154,11
13398,98,2026-01-27,181,11
13399,99,2026-01-27,158,8
13400,100,2026-01-27,185,10
13401,1,2026-01-28,154,9
13402,2,2026-01-28,159,9
13403,3,2026-01-28,218,13
13404,4,2026-01-28,255,14
13405,5,2026-01-28,226,14
13406,6,2026-01-28,272,15
13407,7,2026-01-28,293,17
13408,8,2026-01-28,219,15
13409,9,2026-01-28,175,10
13410,10,2026-01-28,119,5
13411,11,2026-01-28,167,11
13412,12,2026-01-28,189,11
13413,13,2026-01-28,148,9
13414,14,2026-01-28,177,9
13415,15,2026-01-28,139,5
13416,16,2026-01-28,214,15
13417,17,2026-01-28,249,16
13418,18,2026-01-28,161,10
13419,19,2026-01-28,160,10
13420,20,2026-01-28,120,8
13421,21,2026-01-28,112,8
13422,22,2026-01-28,192,13
13423,23,2026-01-28,123,8
13424,24,2026-01-28,207,15
13425,25,2026-01-28,143,8
13426,26,2026-01-28,232,14
13427,27,2026-01-28,163,9
13428,28,2026-01-28,114,9
13429,29,2026-01-28,192,11
13430,30,2026-01-28,177,12
13431,31,2026-01-28,146,8
13432,32,2026-01-28,153,9
13433,33,2026-01-28,129,8
13434,34,2026-01-28,106,7
13435,35,2026-01-28,126,9
13436,36,2026-01-28,282,19
13437,37,2026-01-28,236,11
13438,38,2026-01-28,144,6
13439,39,2026-01-28,152,10
13440,40,2026-01-28,130,6
13441,41,2026-01-28,154,9
13442,42,2026-01-28,222,14
13443,43,2026-01-28,185,10
13444,44,2026-01-28,93,4
13445,45,2026-01-28,212,14
13446,46,2026-01-28,181,11
13447,47,2026-01-28,175,6
13448,48,2026-01-28,141,10
13449,49,2026-01-28,135,8
13450,50,2026-01-28,193,12
13451,51,2026-01-28,223,11
13452,52,2026-01-28,132,4
13453,53,2026-01-28,108,6
13454,54,2026-01-28,124,7
13455,55,2026-01-28,181,11
13456,56,2026-01-28,206,11
13457,57,2026-01-28,105,7
13458,58,2026-01-28,194,9
13459,59,2026-01-28,154,9
13460,60,2026-01-28,152,8
13461,61,2026-01-28,163,10
13462,62,2026-01-28,132,7
13463,63,2026-01-28,266,19
13464,64,2026-01-28,139,7
13465,65,2026-01-28,188,8
13466,66,2026-01-28,164,7
13467,67,2026-01-28,215,10
13468,68,2026-01-28,85,2
13469,69,2026-01-28,175,11
13470,70,2026-01-28,95,6
13471,71,2026-01-28,175,11
13472,72,2026-01-28,226,12
13473,73,2026-01-28,199,11
13474,74,2026-01-28,164,8
13475,75,2026-01-28,182,9
13476,76,2026-01-28,154,7
13477,77,2026-01-28,164,11
13478,78,2026-01-28,122,7
13479,79,2026-01-28,129,7
13480,80,2026-01-28,237,14
13481,81,2026-01-28,172,9
13482,82,2026-01-28,172,7
13483,83,2026-01-28,166,11
13484,84,2026-01-28,199,12
13485,85,2026-01-28,158,10
13486,86,2026-01-28,133,8
13487,87,2026-01-28,137,10
13488,88,2026-01-28,170,9
13489,89,2026-01-28,274,17
13490,90,2026-01-28,195,9
13491,91,2026-01-28,157,11
13492,92,2026-01-28,309,17
13493,93,2026-01-28,192,13
13494,94,2026-01-28,181,8
13495,95,2026-01-28,201,11
13496,96,2026-01-28,131,8
13497,97,2026-01-28,185,12
13498,98,2026-01-28,162,7
13499,99,2026-01-28,164,7
13500,100,2026-01-28,200,11
13501,1,2026-01-29,131,7
13502,2,2026-01-29,143,7
13503,3,2026-01-29,177,12
13504,4,2026-01-29,262,15
13505,5,2026-01-29,196,12
13506,6,2026-01-29,198,10
13507,7,2026-01-29,228,14
13508,8,2026-01-29,202,12
13509,9,2026-01-29,154,10
13510,10,2026-01-29,116,10
13511,11,2026-01-29,162,10
13512,12,2026-01-29,170,8
13513,13,2026-01-29,123,10
13514,14,2026-01-29,148,9
13515,15,2026-01-29,140,7
13516,16,2026-01-29,185,11
13517,17,2026-01-29,187,12
13518,18,2026-01-29,167,8
13519,19,2026-01-29,144,7
13520,20,2026-01-29,87,8
13521,21,2026-01-29,115,8
13522,22,2026-01-29,173,13
13523,23,2026-01-29,100,2
13524,24,2026-01-29,165,10
13525,25,2026-01-29,113,8
13526,26,2026-01-29,202,10
13527,27,2026-01-29,141,5
13528,28,2026-01-29,103,7
13529,29,2026-01-29,183,12
13530,30,2026-01-29,164,9
13531,31,2026-01-29,128,5
13532,32,2026-01-29,132,4
13533,33,2026-01-29,110,10
13534,34,2026-01-29,90,4
13535,35,2026-01-29,114,7
13536,36,2026-01-29,245,9
13537,37,2026-01-29,163,10
13538,38,2026-01-29,133,10
13539,39,2026-01-29,167,12
13540,40,2026-01-29,119,2
13541,41,2026-01-29,109,4
13542,42,2026-01-29,184,11
13543,43,2026-01-29,114,8
13544,44,2026-01-29,84,5
13545,45,2026-01-29,149,9
13546,46,2026-01-29,155,8
13547,47,2026-01-29,190,10
13548,48,2026-01-29,125,8
13549,49,2026-01-29,124,7
13550,50,2026-01-29,189,13
13551,51,2026-01-29,167,6
13552,52,2026-01-29,114,9
13553,53,2026-01-29,118,8
13554,54,2026-01-29,147,6
13555,55,2026-01-29,136,8
13556,56,2026-01-29,173,10
13557,57,2026-01-29,119,6
13558,58,2026-01-29,171,13
13559,59,2026-01-29,156,8
13560,60,2026-01-29,147,6
13561,61,2026-01-29,157,10
13562,62,2026-01-29,150,7
13563,63,2026-01-29,206,12
13564,64,2026-01-29,121,8
13565,65,2026-01-29,174,7
13566,66,2026-01-29,149,6
13567,67,2026-01-29,194,10
13568,68,2026-01-29,74,7
13569,69,2026-01-29,149,10
13570,70,2026-01-29,80,3
13571,71,2026-01-29,181,9
13572,72,2026-01-29,199,7
13573,73,2026-01-29,157,10
13574,74,2026-01-29,129,6
13575,75,2026-01-29,168,11
13576,76,2026-01-29,159,10
13577,77,2026-01-29,158,10
13578,78,2026-01-29,134,7
13579,79,2026-01-29,104,5
13580,80,2026-01-29,209,12
13581,81,2026-01-29,121,5
13582,82,2026-01-29,159,11
13583,83,2026-01-29,161,9
13584,84,2026-01-29,130,7
13585,85,2026-01-29,166,9
13586,86,2026-01-29,126,8
13587,87,2026-01-29,159,11
13588,88,2026-01-29,128,12
13589,89,2026-01-29,276,13
13590,90,2026-01-29,143,11
13591,91,2026-01-29,138,10
13592,92,2026-01-29,296,18
13593,93,2026-01-29,187,11
13594,94,2026-01-29,145,4
13595,95,2026-01-29,185,13
13596,96,2026-01-29,84,3
13597,97,2026-01-29,150,12
13598,98,2026-01-29,166,8
13599,99,2026-01-29,160,10
13600,100,2026-01-29,163,12
13601,1,2026-01-30,133,9
13602,2,2026-01-30,135,9
13603,3,2026-01-30,190,9
13604,4,2026-01-30,239,14
13605,5,2026-01-30,180,8
13606,6,2026-01-30,236,14
13607,7,2026-01-30,260,18
13608,8,2026-01-30,193,9
13609,9,2026-01-30,144,9
13610,10,2026-01-30,134,5
13611,11,2026-01-30,176,14
13612,12,2026-01-30,190,14
13613,13,2026-01-30,102,4
13614,14,2026-01-30,170,10
13615,15,2026-01-30,145,7
13616,16,2026-01-30,204,10
13617,17,2026-01-30,205,13
13618,18,2026-01-30,159,6
13619,19,2026-01-30,141,13
13620,20,2026-01-30,100,6
13621,21,2026-01-30,110,6
13622,22,2026-01-30,200,10
13623,23,2026-01-30,102,5
13624,24,2026-01-30,184,7
13625,25,2026-01-30,101,11
13626,26,2026-01-30,182,11
13627,27,2026-01-30,137,7
13628,28,2026-01-30,105,5
13629,29,2026-01-30,169,12
13630,30,2026-01-30,152,7
13631,31,2026-01-30,128,6
13632,32,2026-01-30,117,7
13633,33,2026-01-30,125,5
13634,34,2026-01-30,102,4
13635,35,2026-01-30,108,5
13636,36,2026-01-30,221,11
13637,37,2026-01-30,179,7
13638,38,2026-01-30,166,12
13639,39,2026-01-30,142,9
13640,40,2026-01-30,142,7
13641,41,2026-01-30,136,4
13642,42,2026-01-30,201,11
13643,43,2026-01-30,140,6
13644,44,2026-01-30,93,5
13645,45,2026-01-30,178,10
13646,46,2026-01-30,158,9
13647,47,2026-01-30,122,7
13648,48,2026-01-30,109,4
13649,49,2026-01-30,131,7
13650,50,2026-01-30,180,11
13651,51,2026-01-30,160,7
13652,52,2026-01-30,109,5
13653,53,2026-01-30,107,6
13654,54,2026-01-30,122,7
13655,55,2026-01-30,155,9
13656,56,2026-01-30,205,10
13657,57,2026-01-30,99,8
13658,58,2026-01-30,164,11
13659,59,2026-01-30,143,10
13660,60,2026-01-30,108,6
13661,61,2026-01-30,165,12
13662,62,2026-01-30,140,5
13663,63,2026-01-30,214,14
13664,64,2026-01-30,97,6
13665,65,2026-01-30,186,7
13666,66,2026-01-30,107,6
13667,67,2026-01-30,176,11
13668,68,2026-01-30,66,3
13669,69,2026-01-30,203,12
13670,70,2026-01-30,92,7
13671,71,2026-01-30,154,11
13672,72,2026-01-30,166,11
13673,73,2026-01-30,171,11
13674,74,2026-01-30,129,6
13675,75,2026-01-30,186,11
13676,76,2026-01-30,144,10
13677,77,2026-01-30,132,10
13678,78,2026-01-30,109,8
13679,79,2026-01-30,119,9
13680,80,2026-01-30,232,13
13681,81,2026-01-30,153,6
13682,82,2026-01-30,155,10
13683,83,2026-01-30,196,12
13684,84,2026-01-30,183,13
13685,85,2026-01-30,146,8
13686,86,2026-01-30,109,10
13687,87,2026-01-30,159,9
13688,88,2026-01-30,140,7
13689,89,2026-01-30,183,9
13690,90,2026-01-30,159,7
13691,91,2026-01-30,116,7
13692,92,2026-01-30,347,18
13693,93,2026-01-30,197,13
13694,94,2026-01-30,167,10
13695,95,2026-01-30,179,10
13696,96,2026-01-30,96,6
13697,97,2026-01-30,166,9
13698,98,2026-01-30,166,6
13699,99,2026-01-30,167,9
13700,100,2026-01-30,164,8
13701,1,2026-01-31,130,6
13702,2,2026-01-31,119,9
13703,3,2026-01-31,189,8
13704,4,2026-01-31,194,10
13705,5,2026-01-31,177,9
13706,6,2026-01-31,201,13
13707,7,2026-01-31,240,16
13708,8,2026-01-31,192,12
13709,9,2026-01-31,152,11
13710,10,2026-01-31,124,5
13711,11,2026-01-31,151,12
13712,12,2026-01-31,181,11
13713,13,2026-01-31,133,6
13714,14,2026-01-31,166,9
13715,15,2026-01-31,117,6
13716,16,2026-01-31,185,13
13717,17,2026-01-31,185,15
13718,18,2026-01-31,137,6
13719,19,2026-01-31,139,4
13720,20,2026-01-31,83,3
13721,21,2026-01-31,105,5
13722,22,2026-01-31,225,14
13723,23,2026-01-31,110,7
13724,24,2026-01-31,184,10
13725,25,2026-01-31,123,7
13726,26,2026-01-31,198,14
13727,27,2026-01-31,141,10
13728,28,2026-01-31,92,6
13729,29,2026-01-31,158,8
13730,30,2026-01-31,131,9
13731,31,2026-01-31,122,9
13732,32,2026-01-31,133,8
13733,33,2026-01-31,140,5
13734,34,2026-01-31,80,3
13735,35,2026-01-31,95,2
13736,36,2026-01-31,249,16
13737,37,2026-01-31,150,7
13738,38,2026-01-31,144,7
13739,39,2026-01-31,134,8
13740,40,2026-01-31,112,9
13741,41,2026-01-31,128,9
13742,42,2026-01-31,177,10
13743,43,2026-01-31,141,8
13744,44,2026-01-31,101,7
13745,45,2026-01-31,151,11
13746,46,2026-01-31,162,8
13747,47,2026-01-31,147,7
13748,48,2026-01-31,126,5
13749,49,2026-01-31,136,10
13750,50,2026-01-31,198,10
13751,51,2026-01-31,163,10
13752,52,2026-01-31,119,7
13753,53,2026-01-31,101,6
13754,54,2026-01-31,129,8
13755,55,2026-01-31,161,7
13756,56,2026-01-31,166,9
13757,57,2026-01-31,97,5
13758,58,2026-01-31,163,11
13759,59,2026-01-31,138,7
13760,60,2026-01-31,143,8
13761,61,2026-01-31,165,11
13762,62,2026-01-31,123,6
13763,63,2026-01-31,240,17
13764,64,2026-01-31,123,7
13765,65,2026-01-31,215,11
13766,66,2026-01-31,130,7
13767,67,2026-01-31,190,12
13768,68,2026-01-31,84,4
13769,69,2026-01-31,207,10
13770,70,2026-01-31,80,7
13771,71,2026-01-31,185,9
13772,72,2026-01-31,162,7
13773,73,2026-01-31,179,7
13774,74,2026-01-31,129,8
13775,75,2026-01-31,161,7
13776,76,2026-01-31,130,10
13777,77,2026-01-31,143,8
13778,78,2026-01-31,107,5
13779,79,2026-01-31,122,9
13780,80,2026-01-31,245,14
13781,81,2026-01-31,155,5
13782,82,2026-01-31,152,8
13783,83,2026-01-31,157,11
13784,84,2026-01-31,152,9
13785,85,2026-01-31,175,12
13786,86,2026-01-31,112,5
13787,87,2026-01-31,142,9
13788,88,2026-01-31,150,7
13789,89,2026-01-31,261,15
13790,90,2026-01-31,144,9
13791,91,2026-01-31,146,5
13792,92,2026-01-31,314,20
13793,93,2026-01-31,179,10
13794,94,2026-01-31,151,6
13795,95,2026-01-31,173,9
13796,96,2026-01-31,128,10
13797,97,2026-01-31,165,11
13798,98,2026-01-31,178,10
13799,99,2026-01-31,118,6
13800,100,2026-01-31,176,13
13801,1,2026-02-01,53,2
13802,2,2026-02-01,86,6
13803,3,2026-02-01,103,4
13804,4,2026-02-01,111,8
13805,5,2026-02-01,95,8
13806,6,2026-02-01,110,6
13807,7,2026-02-01,155,8
13808,8,2026-02-01,107,9
13809,9,2026-02-01,74,1
13810,10,2026-02-01,47,4
13811,11,2026-02-01,73,5
13812,12,2026-02-01,83,2
13813,13,2026-02-01,53,2
13814,14,2026-02-01,105,6
13815,15,2026-02-01,86,3
13816,16,2026-02-01,105,7
13817,17,2026-02-01,108,9
13818,18,2026-02-01,76,5
13819,19,2026-02-01,70,2
13820,20,2026-02-01,49,6
13821,21,2026-02-01,63,2
13822,22,2026-02-01,61,4
13823,23,2026-02-01,48,3
13824,24,2026-02-01,96,7
13825,25,2026-02-01,57,0
13826,26,2026-02-01,110,7
13827,27,2026-02-01,86,3
13828,28,2026-02-01,63,3
13829,29,2026-02-01,56,3
13830,30,2026-02-01,82,3
13831,31,2026-02-01,77,5
13832,32,2026-02-01,67,6
13833,33,2026-02-01,62,3
13834,34,2026-02-01,57,5
13835,35,2026-02-01,48,2
13836,36,2026-02-01,107,5
13837,37,2026-02-01,98,8
13838,38,2026-02-01,75,4
13839,39,2026-02-01,59,7
13840,40,2026-02-01,55,7
13841,41,2026-02-01,61,3
13842,42,2026-02-01,102,7
13843,43,2026-02-01,55,4
13844,44,2026-02-01,38,0
13845,45,2026-02-01,108,5
13846,46,2026-02-01,88,6
13847,47,2026-02-01,82,6
13848,48,2026-02-01,56,4
13849,49,2026-02-01,80,7
13850,50,2026-02-01,76,4
13851,51,2026-02-01,108,6
13852,52,2026-02-01,71,3
13853,53,2026-02-01,35,0
13854,54,2026-02-01,68,2
13855,55,2026-02-01,54,8
13856,56,2026-02-01,100,7
13857,57,2026-02-01,51,3
13858,58,2026-02-01,87,6
13859,59,2026-02-01,77,4
13860,60,2026-02-01,88,5
13861,61,2026-02-01,96,2
13862,62,2026-02-01,97,2
13863,63,2026-02-01,117,6
13864,64,2026-02-01,66,3
13865,65,2026-02-01,87,6
13866,66,2026-02-01,91,1
13867,67,2026-02-01,115,9
13868,68,2026-02-01,40,3
13869,69,2026-02-01,94,2
13870,70,2026-02-01,37,1
13871,71,2026-02-01,73,2
13872,72,2026-02-01,93,0
13873,73,2026-02-01,96,6
13874,74,2026-02-01,59,4
13875,75,2026-02-01,86,4
13876,76,2026-02-01,70,6
13877,77,2026-02-01,76,4
13878,78,2026-02-01,74,6
13879,79,2026-02-01,64,4
13880,80,2026-02-01,126,6
13881,81,2026-02-01,66,2
13882,82,2026-02-01,80,5
13883,83,2026-02-01,92,8
13884,84,2026-02-01,76,2
13885,85,2026-02-01,83,6
13886,86,2026-02-01,43,4
13887,87,2026-02-01,78,3
13888,88,2026-02-01,87,6
13889,89,2026-02-01,146,9
13890,90,2026-02-01,96,3
13891,91,2026-02-01,52,2
13892,92,2026-02-01,156,8
13893,93,2026-02-01,64,4
13894,94,2026-02-01,67,3
13895,95,2026-02-01,97,4
13896,96,2026-02-01,83,9
13897,97,2026-02-01,102,7
13898,98,2026-02-01,76,4
13899,99,2026-02-01,94,7
13900,100,2026-02-01,97,0
13901,1,2026-02-02,174,11
13902,2,2026-02-02,170,9
13903,3,2026-02-02,188,11
13904,4,2026-02-02,276,17
13905,5,2026-02-02,227,9
13906,6,2026-02-02,282,15
13907,7,2026-02-02,321,16
13908,8,2026-02-02,263,17
13909,9,2026-02-02,205,11
13910,10,2026-02-02,125,6
13911,11,2026-02-02,195,11
13912,12,2026-02-02,188,12
13913,13,2026-02-02,128,6
13914,14,2026-02-02,177,13
13915,15,2026-02-02,154,7
13916,16,2026-02-02,212,10
13917,17,2026-02-02,221,13
13918,18,2026-02-02,207,13
13919,19,2026-02-02,160,8
13920,20,2026-02-02,104,5
13921,21,2026-02-02,137,11
13922,22,2026-02-02,209,12
13923,23,2026-02-02,124,9
13924,24,2026-02-02,204,10
13925,25,2026-02-02,138,9
13926,26,2026-02-02,218,9
13927,27,2026-02-02,172,10
13928,28,2026-02-02,143,10
13929,29,2026-02-02,221,16
13930,30,2026-02-02,181,9
13931,31,2026-02-02,144,8
13932,32,2026-02-02,179,10
13933,33,2026-02-02,173,11
13934,34,2026-02-02,114,7
13935,35,2026-02-02,114,7
13936,36,2026-02-02,256,13
13937,37,2026-02-02,217,16
13938,38,2026-02-02,156,15
13939,39,2026-02-02,167,8
13940,40,2026-02-02,138,8
13941,41,2026-02-02,128,8
13942,42,2026-02-02,208,13
13943,43,2026-02-02,189,10
13944,44,2026-02-02,117,6
13945,45,2026-02-02,148,7
13946,46,2026-02-02,193,7
13947,47,2026-02-02,185,9
13948,48,2026-02-02,128,11
13949,49,2026-02-02,146,4
13950,50,2026-02-02,189,10
13951,51,2026-02-02,195,10
13952,52,2026-02-02,152,7
13953,53,2026-02-02,112,4
13954,54,2026-02-02,139,4
13955,55,2026-02-02,173,7
13956,56,2026-02-02,225,11
13957,57,2026-02-02,114,4
13958,58,2026-02-02,194,12
13959,59,2026-02-02,163,9
13960,60,2026-02-02,151,9
13961,61,2026-02-02,181,9
13962,62,2026-02-02,172,10
13963,63,2026-02-02,263,14
13964,64,2026-02-02,149,4
13965,65,2026-02-02,220,12
13966,66,2026-02-02,169,11
13967,67,2026-02-02,234,18
13968,68,2026-02-02,90,6
13969,69,2026-02-02,220,13
13970,70,2026-02-02,91,5
13971,71,2026-02-02,178,9
13972,72,2026-02-02,215,16
13973,73,2026-02-02,182,9
13974,74,2026-02-02,151,8
13975,75,2026-02-02,173,10
13976,76,2026-02-02,167,11
13977,77,2026-02-02,103,3
13978,78,2026-02-02,152,10
13979,79,2026-02-02,136,7
13980,80,2026-02-02,269,13
13981,81,2026-02-02,170,6
13982,82,2026-02-02,164,10
13983,83,2026-02-02,224,10
13984,84,2026-02-02,165,9
13985,85,2026-02-02,179,12
13986,86,2026-02-02,140,8
13987,87,2026-02-02,156,10
13988,88,2026-02-02,163,10
13989,89,2026-02-02,275,16
13990,90,2026-02-02,169,6
13991,91,2026-02-02,141,9
13992,92,2026-02-02,459,28
13993,93,2026-02-02,229,14
13994,94,2026-02-02,188,13
13995,95,2026-02-02,225,11
13996,96,2026-02-02,145,10
13997,97,2026-02-02,184,10
13998,98,2026-02-02,189,9
13999,99,2026-02-02,151,10
14000,100,2026-02-02,193,12
14001,1,2026-02-03,123,10
14002,2,2026-02-03,137,8
14003,3,2026-02-03,161,12
14004,4,2026-02-03,239,17
14005,5,2026-02-03,229,13
14006,6,2026-02-03,215,8
14007,7,2026-02-03,280,17
14008,8,2026-02-03,190,13
14009,9,2026-02-03,143,11
14010,10,2026-02-03,109,7
14011,11,2026-02-03,174,7
14012,12,2026-02-03,195,13
14013,13,2026-02-03,115,5
14014,14,2026-02-03,153,9
14015,15,2026-02-03,145,8
14016,16,2026-02-03,190,9
14017,17,2026-02-03,195,11
14018,18,2026-02-03,151,6
14019,19,2026-02-03,132,7
14020,20,2026-02-03,98,2
14021,21,2026-02-03,98,4
14022,22,2026-02-03,205,12
14023,23,2026-02-03,107,7
14024,24,2026-02-03,199,11
14025,25,2026-02-03,113,5
14026,26,2026-02-03,159,9
14027,27,2026-02-03,153,9
14028,28,2026-02-03,101,4
14029,29,2026-02-03,177,11
14030,30,2026-02-03,141,5
14031,31,2026-02-03,102,5
14032,32,2026-02-03,164,10
14033,33,2026-02-03,111,3
14034,34,2026-02-03,90,4
14035,35,2026-02-03,96,6
14036,36,2026-02-03,224,11
14037,37,2026-02-03,193,9
14038,38,2026-02-03,145,9
14039,39,2026-02-03,121,8
14040,40,2026-02-03,113,4
14041,41,2026-02-03,135,8
14042,42,2026-02-03,133,8
14043,43,2026-02-03,143,9
14044,44,2026-02-03,87,7
14045,45,2026-02-03,158,9
14046,46,2026-02-03,147,8
14047,47,2026-02-03,129,6
14048,48,2026-02-03,133,5
14049,49,2026-02-03,121,5
14050,50,2026-02-03,149,9
14051,51,2026-02-03,186,7
14052,52,2026-02-03,123,6
14053,53,2026-02-03,121,6
14054,54,2026-02-03,121,1
14055,55,2026-02-03,136,10
14056,56,2026-02-03,188,10
14057,57,2026-02-03,105,6
14058,58,2026-02-03,203,14
14059,59,2026-02-03,164,9
14060,60,2026-02-03,117,8
14061,61,2026-02-03,144,3
14062,62,2026-02-03,146,8
14063,63,2026-02-03,190,10
14064,64,2026-02-03,118,5
14065,65,2026-02-03,187,10
14066,66,2026-02-03,123,5
14067,67,2026-02-03,187,8
14068,68,2026-02-03,69,2
14069,69,2026-02-03,201,13
14070,70,2026-02-03,91,5
14071,71,2026-02-03,180,9
14072,72,2026-02-03,199,11
14073,73,2026-02-03,148,10
14074,74,2026-02-03,129,8
14075,75,2026-02-03,169,12
14076,76,2026-02-03,161,7
14077,77,2026-02-03,77,3
14078,78,2026-02-03,130,6
14079,79,2026-02-03,118,10
14080,80,2026-02-03,245,15
14081,81,2026-02-03,132,7
14082,82,2026-02-03,132,10
14083,83,2026-02-03,184,10
14084,84,2026-02-03,152,6
14085,85,2026-02-03,190,12
14086,86,2026-02-03,130,7
14087,87,2026-02-03,168,11
14088,88,2026-02-03,130,6
14089,89,2026-02-03,240,16
14090,90,2026-02-03,170,12
14091,91,2026-02-03,143,9
14092,92,2026-02-03,352,18
14093,93,2026-02-03,189,15
14094,94,2026-02-03,146,8
14095,95,2026-02-03,191,10
14096,96,2026-02-03,107,6
14097,97,2026-02-03,162,8
14098,98,2026-02-03,174,13
14099,99,2026-02-03,170,10
14100,100,2026-02-03,177,10
14101,1,2026-02-04,143,8
14102,2,2026-02-04,143,6
14103,3,2026-02-04,191,10
14104,4,2026-02-04,261,14
14105,5,2026-02-04,235,15
14106,6,2026-02-04,225,12
14107,7,2026-02-04,290,16
14108,8,2026-02-04,173,8
14109,9,2026-02-04,152,7
14110,10,2026-02-04,124,6
14111,11,2026-02-04,158,11
14112,12,2026-02-04,177,6
14113,13,2026-02-04,134,6
14114,14,2026-02-04,144,7
14115,15,2026-02-04,120,7
14116,16,2026-02-04,190,12
14117,17,2026-02-04,221,12
14118,18,2026-02-04,144,10
14119,19,2026-02-04,122,7
14120,20,2026-02-04,102,3
14121,21,2026-02-04,116,4
14122,22,2026-02-04,165,7
14123,23,2026-02-04,127,11
14124,24,2026-02-04,175,13
14125,25,2026-02-04,126,5
14126,26,2026-02-04,206,10
14127,27,2026-02-04,131,10
14128,28,2026-02-04,100,4
14129,29,2026-02-04,163,8
14130,30,2026-02-04,150,7
14131,31,2026-02-04,124,3
14132,32,2026-02-04,151,11
14133,33,2026-02-04,131,6
14134,34,2026-02-04,107,4
14135,35,2026-02-04,99,1
14136,36,2026-02-04,224,14
14137,37,2026-02-04,172,12
14138,38,2026-02-04,130,6
14139,39,2026-02-04,165,11
14140,40,2026-02-04,123,8
14141,41,2026-02-04,143,9
14142,42,2026-02-04,193,10
14143,43,2026-02-04,130,5
14144,44,2026-02-04,111,3
14145,45,2026-02-04,191,11
14146,46,2026-02-04,165,7
14147,47,2026-02-04,143,8
14148,48,2026-02-04,107,7
14149,49,2026-02-04,126,8
14150,50,2026-02-04,168,8
14151,51,2026-02-04,184,7
14152,52,2026-02-04,142,12
14153,53,2026-02-04,105,7
14154,54,2026-02-04,123,10
14155,55,2026-02-04,144,8
14156,56,2026-02-04,171,11
14157,57,2026-02-04,105,6
14158,58,2026-02-04,171,11
14159,59,2026-02-04,153,10
14160,60,2026-02-04,137,5
14161,61,2026-02-04,189,10
14162,62,2026-02-04,128,9
14163,63,2026-02-04,220,14
14164,64,2026-02-04,112,7
14165,65,2026-02-04,208,12
14166,66,2026-02-04,116,9
14167,67,2026-02-04,183,10
14168,68,2026-02-04,77,3
14169,69,2026-02-04,187,6
14170,70,2026-02-04,90,5
14171,71,2026-02-04,190,14
14172,72,2026-02-04,187,10
14173,73,2026-02-04,157,12
14174,74,2026-02-04,123,7
14175,75,2026-02-04,175,10
14176,76,2026-02-04,152,9
14177,77,2026-02-04,89,4
14178,78,2026-02-04,130,8
14179,79,2026-02-04,108,1
14180,80,2026-02-04,221,14
14181,81,2026-02-04,143,8
14182,82,2026-02-04,129,8
14183,83,2026-02-04,196,10
14184,84,2026-02-04,177,10
14185,85,2026-02-04,169,13
14186,86,2026-02-04,107,5
14187,87,2026-02-04,147,8
14188,88,2026-02-04,134,9
14189,89,2026-02-04,270,16
14190,90,2026-02-04,150,11
14191,91,2026-02-04,137,9
14192,92,2026-02-04,365,21
14193,93,2026-02-04,182,9
14194,94,2026-02-04,137,9
14195,95,2026-02-04,177,9
14196,96,2026-02-04,118,7
14197,97,2026-02-04,151,5
14198,98,2026-02-04,156,7
14199,99,2026-02-04,142,8
14200,100,2026-02-04,172,10
14201,1,2026-02-05,108,6
14202,2,2026-02-05,134,9
14203,3,2026-02-05,164,10
14204,4,2026-02-05,196,13
14205,5,2026-02-05,191,14
14206,6,2026-02-05,158,10
14207,7,2026-02-05,234,10
14208,8,2026-02-05,193,10
14209,9,2026-02-05,143,9
14210,10,2026-02-05,132,7
14211,11,2026-02-05,134,10
14212,12,2026-02-05,182,9
14213,13,2026-02-05,110,4
14214,14,2026-02-05,149,7
14215,15,2026-02-05,133,8
14216,16,2026-02-05,146,8
14217,17,2026-02-05,194,11
14218,18,2026-02-05,139,7
14219,19,2026-02-05,126,6
14220,20,2026-02-05,90,3
14221,21,2026-02-05,102,5
14222,22,2026-02-05,136,8
14223,23,2026-02-05,97,4
14224,24,2026-02-05,150,6
14225,25,2026-02-05,99,5
14226,26,2026-02-05,165,12
14227,27,2026-02-05,123,6
14228,28,2026-02-05,100,6
14229,29,2026-02-05,162,7
14230,30,2026-02-05,116,7
14231,31,2026-02-05,109,3
14232,32,2026-02-05,134,9
14233,33,2026-02-05,119,8
14234,34,2026-02-05,91,4
14235,35,2026-02-05,91,8
14236,36,2026-02-05,260,14
14237,37,2026-02-05,163,10
14238,38,2026-02-05,121,5
14239,39,2026-02-05,120,8
14240,40,2026-02-05,97,8
14241,41,2026-02-05,121,6
14242,42,2026-02-05,138,9
14243,43,2026-02-05,114,9
14244,44,2026-02-05,87,6
14245,45,2026-02-05,156,6
14246,46,2026-02-05,155,10
14247,47,2026-02-05,146,11
14248,48,2026-02-05,106,10
14249,49,2026-02-05,123,4
14250,50,2026-02-05,178,8
14251,51,2026-02-05,154,12
14252,52,2026-02-05,122,9
14253,53,2026-02-05,96,6
14254,54,2026-02-05,115,5
14255,55,2026-02-05,151,8
14256,56,2026-02-05,169,10
14257,57,2026-02-05,113,5
14258,58,2026-02-05,148,10
14259,59,2026-02-05,135,5
14260,60,2026-02-05,105,7
14261,61,2026-02-05,185,12
14262,62,2026-02-05,120,8
14263,63,2026-02-05,169,10
14264,64,2026-02-05,120,4
14265,65,2026-02-05,180,10
14266,66,2026-02-05,125,7
14267,67,2026-02-05,149,9
14268,68,2026-02-05,66,4
14269,69,2026-02-05,155,7
14270,70,2026-02-05,88,6
14271,71,2026-02-05,138,10
14272,72,2026-02-05,199,10
14273,73,2026-02-05,165,9
14274,74,2026-02-05,110,8
14275,75,2026-02-05,150,11
14276,76,2026-02-05,126,3
14277,77,2026-02-05,83,4
14278,78,2026-02-05,111,5
14279,79,2026-02-05,128,6
14280,80,2026-02-05,222,13
14281,81,2026-02-05,106,7
14282,82,2026-02-05,136,8
14283,83,2026-02-05,160,4
14284,84,2026-02-05,159,9
14285,85,2026-02-05,179,11
14286,86,2026-02-05,112,5
14287,87,2026-02-05,122,7
14288,88,2026-02-05,146,8
14289,89,2026-02-05,273,15
14290,90,2026-02-05,112,2
14291,91,2026-02-05,118,5
14292,92,2026-02-05,289,15
14293,93,2026-02-05,190,8
14294,94,2026-02-05,155,8
14295,95,2026-02-05,157,8
14296,96,2026-02-05,112,5
14297,97,2026-02-05,135,7
14298,98,2026-02-05,156,6
14299,99,2026-02-05,142,9
14300,100,2026-02-05,110,7
14301,1,2026-02-06,113,9
14302,2,2026-02-06,134,6
14303,3,2026-02-06,152,6
14304,4,2026-02-06,208,11
14305,5,2026-02-06,204,12
14306,6,2026-02-06,210,16
14307,7,2026-02-06,191,9
14308,8,2026-02-06,222,11
14309,9,2026-02-06,177,11
14310,10,2026-02-06,104,4
14311,11,2026-02-06,163,7
14312,12,2026-02-06,132,7
14313,13,2026-02-06,85,6
14314,14,2026-02-06,139,10
14315,15,2026-02-06,78,6
14316,16,2026-02-06,186,11
14317,17,2026-02-06,206,9
14318,18,2026-02-06,136,7
14319,19,2026-02-06,105,8
14320,20,2026-02-06,66,5
14321,21,2026-02-06,112,3
14322,22,2026-02-06,142,8
14323,23,2026-02-06,100,4
14324,24,2026-02-06,156,6
14325,25,2026-02-06,115,10
14326,26,2026-02-06,148,8
14327,27,2026-02-06,137,8
14328,28,2026-02-06,84,2
14329,29,2026-02-06,148,6
14330,30,2026-02-06,135,7
14331,31,2026-02-06,113,6
14332,32,2026-02-06,148,8
14333,33,2026-02-06,101,5
14334,34,2026-02-06,56,0
14335,35,2026-02-06,92,4
14336,36,2026-02-06,223,13
14337,37,2026-02-06,153,11
14338,38,2026-02-06,123,10
14339,39,2026-02-06,135,5
14340,40,2026-02-06,118,9
14341,41,2026-02-06,103,9
14342,42,2026-02-06,194,11
14343,43,2026-02-06,113,4
14344,44,2026-02-06,85,7
14345,45,2026-02-06,137,8
14346,46,2026-02-06,174,11
14347,47,2026-02-06,159,6
14348,48,2026-02-06,106,11
14349,49,2026-02-06,111,6
14350,50,2026-02-06,160,7
14351,51,2026-02-06,120,8
14352,52,2026-02-06,109,8
14353,53,2026-02-06,107,6
14354,54,2026-02-06,119,4
14355,55,2026-02-06,112,5
14356,56,2026-02-06,171,9
14357,57,2026-02-06,98,6
14358,58,2026-02-06,180,11
14359,59,2026-02-06,134,6
14360,60,2026-02-06,125,4
14361,61,2026-02-06,160,10
14362,62,2026-02-06,128,9
14363,63,2026-02-06,194,13
14364,64,2026-02-06,90,5
14365,65,2026-02-06,144,5
14366,66,2026-02-06,108,8
14367,67,2026-02-06,168,9
14368,68,2026-02-06,78,6
14369,69,2026-02-06,171,10
14370,70,2026-02-06,77,4
14371,71,2026-02-06,192,11
14372,72,2026-02-06,177,8
14373,73,2026-02-06,172,9
14374,74,2026-02-06,134,8
14375,75,2026-02-06,136,7
14376,76,2026-02-06,129,8
14377,77,2026-02-06,71,1
14378,78,2026-02-06,122,8
14379,79,2026-02-06,121,5
14380,80,2026-02-06,225,18
14381,81,2026-02-06,122,8
14382,82,2026-02-06,157,11
14383,83,2026-02-06,149,9
14384,84,2026-02-06,140,9
14385,85,2026-02-06,149,6
14386,86,2026-02-06,100,7
14387,87,2026-02-06,127,9
14388,88,2026-02-06,116,4
14389,89,2026-02-06,223,14
14390,90,2026-02-06,140,7
14391,91,2026-02-06,115,4
14392,92,2026-02-06,345,19
14393,93,2026-02-06,178,11
14394,94,2026-02-06,107,6
14395,95,2026-02-06,178,9
14396,96,2026-02-06,81,4
14397,97,2026-02-06,112,2
14398,98,2026-02-06,140,6
14399,99,2026-02-06,114,8
14400,100,2026-02-06,138,8
14401,1,2026-02-07,135,10
14402,2,2026-02-07,131,12
14403,3,2026-02-07,157,7
14404,4,2026-02-07,180,8
14405,5,2026-02-07,189,9
14406,6,2026-02-07,189,11
14407,7,2026-02-07,207,13
14408,8,2026-02-07,183,11
14409,9,2026-02-07,128,9
14410,10,2026-02-07,118,9
14411,11,2026-02-07,127,4
14412,12,2026-02-07,145,6
14413,13,2026-02-07,91,6
14414,14,2026-02-07,136,7
14415,15,2026-02-07,119,4
14416,16,2026-02-07,193,8
14417,17,2026-02-07,178,12
14418,18,2026-02-07,144,7
14419,19,2026-02-07,122,6
14420,20,2026-02-07,79,7
14421,21,2026-02-07,91,6
14422,22,2026-02-07,151,7
14423,23,2026-02-07,89,4
14424,24,2026-02-07,193,10
14425,25,2026-02-07,110,2
14426,26,2026-02-07,144,8
14427,27,2026-02-07,107,8
14428,28,2026-02-07,89,4
14429,29,2026-02-07,150,5
14430,30,2026-02-07,148,9
14431,31,2026-02-07,94,1
14432,32,2026-02-07,116,10
14433,33,2026-02-07,106,7
14434,34,2026-02-07,83,3
14435,35,2026-02-07,112,9
14436,36,2026-02-07,198,12
14437,37,2026-02-07,154,9
14438,38,2026-02-07,127,7
14439,39,2026-02-07,126,8
14440,40,2026-02-07,112,7
14441,41,2026-02-07,108,6
14442,42,2026-02-07,162,9
14443,43,2026-02-07,126,6
14444,44,2026-02-07,70,3
14445,45,2026-02-07,169,10
14446,46,2026-02-07,131,10
14447,47,2026-02-07,142,10
14448,48,2026-02-07,105,5
14449,49,2026-02-07,141,6
14450,50,2026-02-07,143,7
14451,51,2026-02-07,152,6
14452,52,2026-02-07,130,1
14453,53,2026-02-07,111,6
14454,54,2026-02-07,106,4
14455,55,2026-02-07,109,5
14456,56,2026-02-07,138,12
14457,57,2026-02-07,88,5
14458,58,2026-02-07,150,8
14459,59,2026-02-07,139,7
14460,60,2026-02-07,133,8
14461,61,2026-02-07,145,10
14462,62,2026-02-07,119,8
14463,63,2026-02-07,172,9
14464,64,2026-02-07,124,6
14465,65,2026-02-07,155,10
14466,66,2026-02-07,105,5
14467,67,2026-02-07,148,9
14468,68,2026-02-07,83,6
14469,69,2026-02-07,179,10
14470,70,2026-02-07,85,3
14471,71,2026-02-07,129,6
14472,72,2026-02-07,153,5
14473,73,2026-02-07,150,8
14474,74,2026-02-07,107,4
14475,75,2026-02-07,150,9
14476,76,2026-02-07,127,7
14477,77,2026-02-07,83,2
14478,78,2026-02-07,120,4
14479,79,2026-02-07,95,8
14480,80,2026-02-07,250,15
14481,81,2026-02-07,112,5
14482,82,2026-02-07,120,4
14483,83,2026-02-07,151,5
14484,84,2026-02-07,135,8
14485,85,2026-02-07,177,13
14486,86,2026-02-07,87,5
14487,87,2026-02-07,112,3
14488,88,2026-02-07,141,7
14489,89,2026-02-07,192,13
14490,90,2026-02-07,142,11
14491,91,2026-02-07,110,4
14492,92,2026-02-07,303,18
14493,93,2026-02-07,163,6
14494,94,2026-02-07,128,8
14495,95,2026-02-07,151,6
14496,96,2026-02-07,105,7
14497,97,2026-02-07,129,5
14498,98,2026-02-07,142,9
14499,99,2026-02-07,116,4
14500,100,2026-02-07,151,6
14501,1,2026-02-08,90,1
14502,2,2026-02-08,68,1
14503,3,2026-02-08,84,3
14504,4,2026-02-08,140,7
14505,5,2026-02-08,79,5
14506,6,2026-02-08,134,9
14507,7,2026-02-08,125,1
14508,8,2026-02-08,130,5
14509,9,2026-02-08,73,1
14510,10,2026-02-08,48,3
14511,11,2026-02-08,84,10
14512,12,2026-02-08,77,3
14513,13,2026-02-08,72,8
14514,14,2026-02-08,78,1
14515,15,2026-02-08,66,2
14516,16,2026-02-08,88,4
14517,17,2026-02-08,98,7
14518,18,2026-02-08,70,4
14519,19,2026-02-08,92,4
14520,20,2026-02-08,56,2
14521,21,2026-02-08,56,4
14522,22,2026-02-08,82,2
14523,23,2026-02-08,52,3
14524,24,2026-02-08,97,7
14525,25,2026-02-08,54,0
14526,26,2026-02-08,109,3
14527,27,2026-02-08,85,6
14528,28,2026-02-08,58,3
14529,29,2026-02-08,85,9
14530,30,2026-02-08,72,5
14531,31,2026-02-08,65,4
14532,32,2026-02-08,63,1
14533,33,2026-02-08,66,1
14534,34,2026-02-08,30,3
14535,35,2026-02-08,58,1
14536,36,2026-02-08,128,8
14537,37,2026-02-08,91,8
14538,38,2026-02-08,59,5
14539,39,2026-02-08,75,2
14540,40,2026-02-08,74,4
14541,41,2026-02-08,71,1
14542,42,2026-02-08,92,9
14543,43,2026-02-08,70,3
14544,44,2026-02-08,65,2
14545,45,2026-02-08,66,1
14546,46,2026-02-08,69,6
14547,47,2026-02-08,117,8
14548,48,2026-02-08,75,6
14549,49,2026-02-08,63,0
14550,50,2026-02-08,90,7
14551,51,2026-02-08,110,7
14552,52,2026-02-08,68,6
14553,53,2026-02-08,55,2
14554,54,2026-02-08,49,6
14555,55,2026-02-08,102,12
14556,56,2026-02-08,64,9
14557,57,2026-02-08,50,3
14558,58,2026-02-08,97,6
14559,59,2026-02-08,73,4
14560,60,2026-02-08,62,4
14561,61,2026-02-08,90,3
14562,62,2026-02-08,89,2
14563,63,2026-02-08,113,6
14564,64,2026-02-08,79,8
14565,65,2026-02-08,142,8
14566,66,2026-02-08,54,3
14567,67,2026-02-08,53,2
14568,68,2026-02-08,38,0
14569,69,2026-02-08,83,2
14570,70,2026-02-08,48,5
14571,71,2026-02-08,90,4
14572,72,2026-02-08,115,8
14573,73,2026-02-08,70,5
14574,74,2026-02-08,61,2
14575,75,2026-02-08,81,6
14576,76,2026-02-08,78,4
14577,77,2026-02-08,49,4
14578,78,2026-02-08,68,1
14579,79,2026-02-08,49,0
14580,80,2026-02-08,128,6
14581,81,2026-02-08,72,4
14582,82,2026-02-08,72,3
14583,83,2026-02-08,95,7
14584,84,2026-02-08,87,6
14585,85,2026-02-08,75,3
14586,86,2026-02-08,63,7
14587,87,2026-02-08,89,3
14588,88,2026-02-08,64,1
14589,89,2026-02-08,95,8
14590,90,2026-02-08,73,4
14591,91,2026-02-08,71,3
14592,92,2026-02-08,197,14
14593,93,2026-02-08,78,4
14594,94,2026-02-08,70,4
14595,95,2026-02-08,102,8
14596,96,2026-02-08,53,5
14597,97,2026-02-08,93,7
14598,98,2026-02-08,74,2
14599,99,2026-02-08,82,1
14600,100,2026-02-08,81,4
14601,1,2026-02-09,147,9
14602,2,2026-02-09,153,8
14603,3,2026-02-09,194,11
14604,4,2026-02-09,244,12
14605,5,2026-02-09,261,14
14606,6,2026-02-09,259,18
14607,7,2026-02-09,304,16
14608,8,2026-02-09,259,13
14609,9,2026-02-09,196,14
14610,10,2026-02-09,148,9
14611,11,2026-02-09,185,12
14612,12,2026-02-09,233,16
14613,13,2026-02-09,138,7
14614,14,2026-02-09,197,10
14615,15,2026-02-09,141,10
14616,16,2026-02-09,183,10
14617,17,2026-02-09,259,15
14618,18,2026-02-09,171,11
14619,19,2026-02-09,178,10
14620,20,2026-02-09,103,2
14621,21,2026-02-09,124,10
14622,22,2026-02-09,187,10
14623,23,2026-02-09,126,6
14624,24,2026-02-09,210,13
14625,25,2026-02-09,133,7
14626,26,2026-02-09,225,12
14627,27,2026-02-09,167,10
14628,28,2026-02-09,118,5
14629,29,2026-02-09,190,8
14630,30,2026-02-09,168,7
14631,31,2026-02-09,132,13
14632,32,2026-02-09,161,11
14633,33,2026-02-09,116,4
14634,34,2026-02-09,112,8
14635,35,2026-02-09,104,8
14636,36,2026-02-09,275,22
14637,37,2026-02-09,217,10
14638,38,2026-02-09,182,11
14639,39,2026-02-09,142,10
14640,40,2026-02-09,153,12
14641,41,2026-02-09,261,14
14642,42,2026-02-09,186,13
14643,43,2026-02-09,191,11
14644,44,2026-02-09,103,5
14645,45,2026-02-09,160,8
14646,46,2026-02-09,187,14
14647,47,2026-02-09,176,11
14648,48,2026-02-09,130,7
14649,49,2026-02-09,153,11
14650,50,2026-02-09,210,11
14651,51,2026-02-09,251,13
14652,52,2026-02-09,158,10
14653,53,2026-02-09,138,6
14654,54,2026-02-09,152,6
14655,55,2026-02-09,156,10
14656,56,2026-02-09,218,9
14657,57,2026-02-09,131,9
14658,58,2026-02-09,233,13
14659,59,2026-02-09,164,11
14660,60,2026-02-09,151,11
14661,61,2026-02-09,196,14
14662,62,2026-02-09,183,6
14663,63,2026-02-09,259,15
14664,64,2026-02-09,147,10
14665,65,2026-02-09,208,11
14666,66,2026-02-09,151,6
14667,67,2026-02-09,184,9
14668,68,2026-02-09,99,4
14669,69,2026-02-09,206,10
14670,70,2026-02-09,105,7
14671,71,2026-02-09,181,9
14672,72,2026-02-09,236,21
14673,73,2026-02-09,182,8
14674,74,2026-02-09,158,10
14675,75,2026-02-09,166,11
14676,76,2026-02-09,159,5
14677,77,2026-02-09,102,9
14678,78,2026-02-09,140,8
14679,79,2026-02-09,127,12
14680,80,2026-02-09,280,14
14681,81,2026-02-09,156,12
14682,82,2026-02-09,172,9
14683,83,2026-02-09,195,12
14684,84,2026-02-09,194,11
14685,85,2026-02-09,196,12
14686,86,2026-02-09,157,11
14687,87,2026-02-09,144,12
14688,88,2026-02-09,175,10
14689,89,2026-02-09,280,16
14690,90,2026-02-09,144,7
14691,91,2026-02-09,132,8
14692,92,2026-02-09,441,27
14693,93,2026-02-09,231,14
14694,94,2026-02-09,175,11
14695,95,2026-02-09,241,17
14696,96,2026-02-09,133,8
14697,97,2026-02-09,201,12
14698,98,2026-02-09,189,9
14699,99,2026-02-09,137,11
14700,100,2026-02-09,208,13
14701,1,2026-02-10,140,8
14702,2,2026-02-10,141,8
14703,3,2026-02-10,180,9
14704,4,2026-02-10,234,12
14705,5,2026-02-10,190,13
14706,6,2026-02-10,222,15
14707,7,2026-02-10,280,13
14708,8,2026-02-10,233,14
14709,9,2026-02-10,174,12
14710,10,2026-02-10,125,7
14711,11,2026-02-10,151,10
14712,12,2026-02-10,171,9
14713,13,2026-02-10,118,2
14714,14,2026-02-10,176,9
14715,15,2026-02-10,135,7
14716,16,2026-02-10,168,8
14717,17,2026-02-10,190,12
14718,18,2026-02-10,161,12
14719,19,2026-02-10,150,8
14720,20,2026-02-10,101,5
14721,21,2026-02-10,109,9
14722,22,2026-02-10,184,11
14723,23,2026-02-10,133,7
14724,24,2026-02-10,202,13
14725,25,2026-02-10,133,7
14726,26,2026-02-10,179,9
14727,27,2026-02-10,131,8
14728,28,2026-02-10,113,2
14729,29,2026-02-10,162,8
14730,30,2026-02-10,166,11
14731,31,2026-02-10,142,6
14732,32,2026-02-10,158,8
14733,33,2026-02-10,138,4
14734,34,2026-02-10,78,3
14735,35,2026-02-10,114,7
14736,36,2026-02-10,237,13
14737,37,2026-02-10,187,10
14738,38,2026-02-10,148,6
14739,39,2026-02-10,162,6
14740,40,2026-02-10,115,8
14741,41,2026-02-10,207,10
14742,42,2026-02-10,172,12
14743,43,2026-02-10,153,5
14744,44,2026-02-10,111,5
14745,45,2026-02-10,154,10
14746,46,2026-02-10,179,9
14747,47,2026-02-10,149,7
14748,48,2026-02-10,131,7
14749,49,2026-02-10,128,7
14750,50,2026-02-10,172,9
14751,51,2026-02-10,183,10
14752,52,2026-02-10,112,6
14753,53,2026-02-10,124,7
14754,54,2026-02-10,134,10
14755,55,2026-02-10,128,8
14756,56,2026-02-10,204,14
14757,57,2026-02-10,87,4
14758,58,2026-02-10,179,7
14759,59,2026-02-10,136,9
14760,60,2026-02-10,146,7
14761,61,2026-02-10,174,8
14762,62,2026-02-10,151,9
14763,63,2026-02-10,210,7
14764,64,2026-02-10,125,6
14765,65,2026-02-10,307,17
14766,66,2026-02-10,138,9
14767,67,2026-02-10,202,11
14768,68,2026-02-10,84,9
14769,69,2026-02-10,166,8
14770,70,2026-02-10,84,3
14771,71,2026-02-10,153,9
14772,72,2026-02-10,199,12
14773,73,2026-02-10,161,7
14774,74,2026-02-10,140,6
14775,75,2026-02-10,149,9
14776,76,2026-02-10,132,9
14777,77,2026-02-10,80,4
14778,78,2026-02-10,120,5
14779,79,2026-02-10,109,5
14780,80,2026-02-10,235,13
14781,81,2026-02-10,157,12
14782,82,2026-02-10,169,13
14783,83,2026-02-10,181,10
14784,84,2026-02-10,186,7
14785,85,2026-02-10,140,7
14786,86,2026-02-10,112,3
14787,87,2026-02-10,137,7
14788,88,2026-02-10,171,10
14789,89,2026-02-10,202,14
14790,90,2026-02-10,136,8
14791,91,2026-02-10,146,4
14792,92,2026-02-10,354,21
14793,93,2026-02-10,184,12
14794,94,2026-02-10,149,4
14795,95,2026-02-10,210,14
14796,96,2026-02-10,100,5
14797,97,2026-02-10,163,6
14798,98,2026-02-10,154,10
14799,99,2026-02-10,142,11
14800,100,2026-02-10,174,10
14801,1,2026-02-11,146,5
14802,2,2026-02-11,139,8
14803,3,2026-02-11,201,7
14804,4,2026-02-11,255,15
14805,5,2026-02-11,233,15
14806,6,2026-02-11,204,11
14807,7,2026-02-11,295,17
14808,8,2026-02-11,184,11
14809,9,2026-02-11,146,5
14810,10,2026-02-11,113,10
14811,11,2026-02-11,179,10
14812,12,2026-02-11,161,8
14813,13,2026-02-11,112,6
14814,14,2026-02-11,168,12
14815,15,2026-02-11,168,12
14816,16,2026-02-11,175,12
14817,17,2026-02-11,194,9
14818,18,2026-02-11,183,8
14819,19,2026-02-11,124,3
14820,20,2026-02-11,103,4
14821,21,2026-02-11,115,8
14822,22,2026-02-11,162,8
14823,23,2026-02-11,121,7
14824,24,2026-02-11,177,12
14825,25,2026-02-11,112,6
14826,26,2026-02-11,209,11
14827,27,2026-02-11,134,8
14828,28,2026-02-11,108,6
14829,29,2026-02-11,186,11
14830,30,2026-02-11,132,10
14831,31,2026-02-11,130,5
14832,32,2026-02-11,130,6
14833,33,2026-02-11,109,7
14834,34,2026-02-11,90,8
14835,35,2026-02-11,119,3
14836,36,2026-02-11,235,15
14837,37,2026-02-11,183,7
14838,38,2026-02-11,134,9
14839,39,2026-02-11,130,13
14840,40,2026-02-11,118,8
14841,41,2026-02-11,225,18
14842,42,2026-02-11,186,9
14843,43,2026-02-11,144,11
14844,44,2026-02-11,114,5
14845,45,2026-02-11,172,7
14846,46,2026-02-11,177,10
14847,47,2026-02-11,166,6
14848,48,2026-02-11,135,9
14849,49,2026-02-11,128,8
14850,50,2026-02-11,157,8
14851,51,2026-02-11,179,10
14852,52,2026-02-11,140,9
14853,53,2026-02-11,97,6
14854,54,2026-02-11,117,9
14855,55,2026-02-11,146,8
14856,56,2026-02-11,180,10
14857,57,2026-02-11,170,12
14858,58,2026-02-11,170,7
14859,59,2026-02-11,134,6
14860,60,2026-02-11,168,10
14861,61,2026-02-11,151,10
14862,62,2026-02-11,161,10
14863,63,2026-02-11,180,11
14864,64,2026-02-11,151,10
14865,65,2026-02-11,297,19
14866,66,2026-02-11,139,9
14867,67,2026-02-11,155,10
14868,68,2026-02-11,67,5
14869,69,2026-02-11,179,9
14870,70,2026-02-11,86,6
14871,71,2026-02-11,182,10
14872,72,2026-02-11,189,10
14873,73,2026-02-11,209,10
14874,74,2026-02-11,150,12
14875,75,2026-02-11,172,8
14876,76,2026-02-11,161,11
14877,77,2026-02-11,86,1
14878,78,2026-02-11,141,12
14879,79,2026-02-11,107,5
14880,80,2026-02-11,235,13
14881,81,2026-02-11,137,9
14882,82,2026-02-11,139,8
14883,83,2026-02-11,172,11
14884,84,2026-02-11,169,7
14885,85,2026-02-11,144,8
14886,86,2026-02-11,132,8
14887,87,2026-02-11,134,6
14888,88,2026-02-11,152,9
14889,89,2026-02-11,219,12
14890,90,2026-02-11,156,13
14891,91,2026-02-11,125,3
14892,92,2026-02-11,382,24
14893,93,2026-02-11,202,12
14894,94,2026-02-11,139,10
14895,95,2026-02-11,175,11
14896,96,2026-02-11,120,8
14897,97,2026-02-11,126,7
14898,98,2026-02-11,173,8
14899,99,2026-02-11,145,13
14900,100,2026-02-11,160,10
14901,1,2026-02-12,114,5
14902,2,2026-02-12,118,8
14903,3,2026-02-12,139,7
14904,4,2026-02-12,178,10
14905,5,2026-02-12,147,11
14906,6,2026-02-12,213,11
14907,7,2026-02-12,245,16
14908,8,2026-02-12,201,9
14909,9,2026-02-12,115,5
14910,10,2026-02-12,91,2
14911,11,2026-02-12,145,9
14912,12,2026-02-12,160,8
14913,13,2026-02-12,101,7
14914,14,2026-02-12,130,4
14915,15,2026-02-12,110,6
14916,16,2026-02-12,170,11
14917,17,2026-02-12,203,13
14918,18,2026-02-12,140,4
14919,19,2026-02-12,137,10
14920,20,2026-02-12,83,5
14921,21,2026-02-12,98,6
14922,22,2026-02-12,147,13
14923,23,2026-02-12,95,4
14924,24,2026-02-12,148,7
14925,25,2026-02-12,129,8
14926,26,2026-02-12,195,9
14927,27,2026-02-12,118,2
14928,28,2026-02-12,104,6
14929,29,2026-02-12,161,11
14930,30,2026-02-12,127,6
14931,31,2026-02-12,101,10
14932,32,2026-02-12,140,9
14933,33,2026-02-12,127,6
14934,34,2026-02-12,79,8
14935,35,2026-02-12,94,4
14936,36,2026-02-12,205,12
14937,37,2026-02-12,164,8
14938,38,2026-02-12,148,9
14939,39,2026-02-12,118,5
14940,40,2026-02-12,108,7
14941,41,2026-02-12,204,11
14942,42,2026-02-12,179,12
14943,43,2026-02-12,151,7
14944,44,2026-02-12,72,6
14945,45,2026-02-12,135,15
14946,46,2026-02-12,126,9
14947,47,2026-02-12,134,6
14948,48,2026-02-12,102,5
14949,49,2026-02-12,91,3
14950,50,2026-02-12,141,8
14951,51,2026-02-12,118,4
14952,52,2026-02-12,123,7
14953,53,2026-02-12,92,9
14954,54,2026-02-12,100,5
14955,55,2026-02-12,121,7
14956,56,2026-02-12,138,9
14957,57,2026-02-12,164,9
14958,58,2026-02-12,134,5
14959,59,2026-02-12,136,7
14960,60,2026-02-12,129,8
14961,61,2026-02-12,162,9
14962,62,2026-02-12,129,10
14963,63,2026-02-12,199,14
14964,64,2026-02-12,142,9
14965,65,2026-02-12,286,16
14966,66,2026-02-12,112,5
14967,67,2026-02-12,137,7
14968,68,2026-02-12,62,8
14969,69,2026-02-12,140,6
14970,70,2026-02-12,81,8
14971,71,2026-02-12,151,10
14972,72,2026-02-12,172,10
14973,73,2026-02-12,154,9
14974,74,2026-02-12,124,7
14975,75,2026-02-12,138,9
14976,76,2026-02-12,147,7
14977,77,2026-02-12,88,6
14978,78,2026-02-12,111,12
14979,79,2026-02-12,103,6
14980,80,2026-02-12,202,13
14981,81,2026-02-12,113,8
14982,82,2026-02-12,151,9
14983,83,2026-02-12,160,10
14984,84,2026-02-12,136,8
14985,85,2026-02-12,133,5
14986,86,2026-02-12,108,5
14987,87,2026-02-12,134,11
14988,88,2026-02-12,133,8
14989,89,2026-02-12,222,16
14990,90,2026-02-12,106,7
14991,91,2026-02-12,107,3
14992,92,2026-02-12,306,17
14993,93,2026-02-12,151,8
14994,94,2026-02-12,136,6
14995,95,2026-02-12,176,11
14996,96,2026-02-12,84,3
14997,97,2026-02-12,121,10
14998,98,2026-02-12,127,6
14999,99,2026-02-12,132,9
15000,100,2026-02-12,151,11
15001,1,2026-02-13,109,8
15002,2,2026-02-13,152,8
15003,3,2026-02-13,149,11
15004,4,2026-02-13,202,12
15005,5,2026-02-13,165,8
15006,6,2026-02-13,188,9
15007,7,2026-02-13,252,16
15008,8,2026-02-13,205,12
15009,9,2026-02-13,145,8
15010,10,2026-02-13,110,4
15011,11,2026-02-13,138,4
15012,12,2026-02-13,168,7
15013,13,2026-02-13,104,4
15014,14,2026-02-13,148,7
15015,15,2026-02-13,107,8
15016,16,2026-02-13,155,6
15017,17,2026-02-13,217,13
15018,18,2026-02-13,125,7
15019,19,2026-02-13,148,10
15020,20,2026-02-13,77,4
15021,21,2026-02-13,100,6
15022,22,2026-02-13,170,11
15023,23,2026-02-13,86,2
15024,24,2026-02-13,168,7
15025,25,2026-02-13,86,3
15026,26,2026-02-13,195,8
15027,27,2026-02-13,131,5
15028,28,2026-02-13,93,9
15029,29,2026-02-13,177,10
15030,30,2026-02-13,119,4
15031,31,2026-02-13,93,3
15032,32,2026-02-13,114,3
15033,33,2026-02-13,102,4
15034,34,2026-02-13,75,1
15035,35,2026-02-13,94,4
15036,36,2026-02-13,206,13
15037,37,2026-02-13,173,12
15038,38,2026-02-13,112,10
15039,39,2026-02-13,131,8
15040,40,2026-02-13,119,4
15041,41,2026-02-13,186,10
15042,42,2026-02-13,141,11
15043,43,2026-02-13,138,8
15044,44,2026-02-13,99,2
15045,45,2026-02-13,163,11
15046,46,2026-02-13,175,7
15047,47,2026-02-13,137,6
15048,48,2026-02-13,136,7
15049,49,2026-02-13,102,7
15050,50,2026-02-13,120,5
15051,51,2026-02-13,164,10
15052,52,2026-02-13,122,6
15053,53,2026-02-13,102,7
15054,54,2026-02-13,116,8
15055,55,2026-02-13,133,10
15056,56,2026-02-13,159,7
15057,57,2026-02-13,155,8
15058,58,2026-02-13,135,5
15059,59,2026-02-13,150,10
15060,60,2026-02-13,135,12
15061,61,2026-02-13,132,8
15062,62,2026-02-13,139,8
15063,63,2026-02-13,204,12
15064,64,2026-02-13,129,7
15065,65,2026-02-13,259,19
15066,66,2026-02-13,128,8
15067,67,2026-02-13,150,12
15068,68,2026-02-13,64,4
15069,69,2026-02-13,191,11
15070,70,2026-02-13,76,0
15071,71,2026-02-13,142,9
15072,72,2026-02-13,116,9
15073,73,2026-02-13,172,8
15074,74,2026-02-13,123,6
15075,75,2026-02-13,121,7
15076,76,2026-02-13,128,5
15077,77,2026-02-13,73,2
15078,78,2026-02-13,98,4
15079,79,2026-02-13,113,5
15080,80,2026-02-13,149,10
15081,81,2026-02-13,143,5
15082,82,2026-02-13,117,7
15083,83,2026-02-13,148,9
15084,84,2026-02-13,156,10
15085,85,2026-02-13,168,10
15086,86,2026-02-13,103,3
15087,87,2026-02-13,118,7
15088,88,2026-02-13,134,9
15089,89,2026-02-13,228,12
15090,90,2026-02-13,131,9
15091,91,2026-02-13,104,5
15092,92,2026-02-13,258,14
15093,93,2026-02-13,142,8
15094,94,2026-02-13,109,7
15095,95,2026-02-13,152,10
15096,96,2026-02-13,122,7
15097,97,2026-02-13,128,6
15098,98,2026-02-13,136,4
15099,99,2026-02-13,132,9
15100,100,2026-02-13,175,8
15101,1,2026-02-14,123,8
15102,2,2026-02-14,122,9
15103,3,2026-02-14,148,7
15104,4,2026-02-14,198,10
15105,5,2026-02-14,199,16
15106,6,2026-02-14,199,10
15107,7,2026-02-14,256,15
15108,8,2026-02-14,188,11
15109,9,2026-02-14,163,6
15110,10,2026-02-14,111,6
15111,11,2026-02-14,118,5
15112,12,2026-02-14,152,6
15113,13,2026-02-14,101,7
15114,14,2026-02-14,147,5
15115,15,2026-02-14,127,5
15116,16,2026-02-14,188,9
15117,17,2026-02-14,162,8
15118,18,2026-02-14,155,11
15119,19,2026-02-14,102,2
15120,20,2026-02-14,87,5
15121,21,2026-02-14,76,9
15122,22,2026-02-14,166,11
15123,23,2026-02-14,100,4
15124,24,2026-02-14,161,8
15125,25,2026-02-14,116,9
15126,26,2026-02-14,178,9
15127,27,2026-02-14,109,5
15128,28,2026-02-14,91,4
15129,29,2026-02-14,148,8
15130,30,2026-02-14,110,7
15131,31,2026-02-14,85,1
15132,32,2026-02-14,127,9
15133,33,2026-02-14,122,8
15134,34,2026-02-14,81,3
15135,35,2026-02-14,78,2
15136,36,2026-02-14,195,12
15137,37,2026-02-14,144,9
15138,38,2026-02-14,122,7
15139,39,2026-02-14,125,3
15140,40,2026-02-14,110,4
15141,41,2026-02-14,113,4
15142,42,2026-02-14,156,12
15143,43,2026-02-14,138,7
15144,44,2026-02-14,67,4
15145,45,2026-02-14,165,5
15146,46,2026-02-14,151,10
15147,47,2026-02-14,148,9
15148,48,2026-02-14,89,4
15149,49,2026-02-14,116,10
15150,50,2026-02-14,154,8
15151,51,2026-02-14,107,2
15152,52,2026-02-14,115,9
15153,53,2026-02-14,93,4
15154,54,2026-02-14,93,5
15155,55,2026-02-14,104,6
15156,56,2026-02-14,138,8
15157,57,2026-02-14,149,9
15158,58,2026-02-14,127,7
15159,59,2026-02-14,118,10
15160,60,2026-02-14,122,6
15161,61,2026-02-14,129,7
15162,62,2026-02-14,126,8
15163,63,2026-02-14,180,8
15164,64,2026-02-14,103,7
15165,65,2026-02-14,277,16
15166,66,2026-02-14,103,5
15167,67,2026-02-14,178,12
15168,68,2026-02-14,79,4
15169,69,2026-02-14,147,11
15170,70,2026-02-14,77,4
15171,71,2026-02-14,157,4
15172,72,2026-02-14,148,7
15173,73,2026-02-14,128,7
15174,74,2026-02-14,121,8
15175,75,2026-02-14,163,6
15176,76,2026-02-14,123,8
15177,77,2026-02-14,79,6
15178,78,2026-02-14,130,6
15179,79,2026-02-14,118,6
15180,80,2026-02-14,240,12
15181,81,2026-02-14,114,11
15182,82,2026-02-14,142,8
15183,83,2026-02-14,159,11
15184,84,2026-02-14,137,10
15185,85,2026-02-14,125,8
15186,86,2026-02-14,114,8
15187,87,2026-02-14,146,8
15188,88,2026-02-14,143,9
15189,89,2026-02-14,211,10
15190,90,2026-02-14,116,5
15191,91,2026-02-14,119,8
15192,92,2026-02-14,333,20
15193,93,2026-02-14,137,6
15194,94,2026-02-14,136,5
15195,95,2026-02-14,183,10
15196,96,2026-02-14,99,4
15197,97,2026-02-14,136,9
15198,98,2026-02-14,142,8
15199,99,2026-02-14,124,10
15200,100,2026-02-14,177,14
15201,1,2026-02-15,52,1
15202,2,2026-02-15,53,4
15203,3,2026-02-15,107,6
15204,4,2026-02-15,122,6
15205,5,2026-02-15,93,4
15206,6,2026-02-15,100,6
15207,7,2026-02-15,130,8
15208,8,2026-02-15,127,8
15209,9,2026-02-15,99,5
15210,10,2026-02-15,41,3
15211,11,2026-02-15,86,7
15212,12,2026-02-15,121,6
15213,13,2026-02-15,83,3
15214,14,2026-02-15,113,4
15215,15,2026-02-15,62,2
15216,16,2026-02-15,85,6
15217,17,2026-02-15,96,4
15218,18,2026-02-15,80,2
15219,19,2026-02-15,66,4
15220,20,2026-02-15,57,5
15221,21,2026-02-15,67,5
15222,22,2026-02-15,119,6
15223,23,2026-02-15,65,3
15224,24,2026-02-15,105,3
15225,25,2026-02-15,63,4
15226,26,2026-02-15,95,5
15227,27,2026-02-15,81,3
15228,28,2026-02-15,65,1
15229,29,2026-02-15,66,3
15230,30,2026-02-15,97,10
15231,31,2026-02-15,75,6
15232,32,2026-02-15,75,4
15233,33,2026-02-15,74,7
15234,34,2026-02-15,64,3
15235,35,2026-02-15,57,5
15236,36,2026-02-15,102,8
15237,37,2026-02-15,85,0
15238,38,2026-02-15,85,6
15239,39,2026-02-15,102,6
15240,40,2026-02-15,71,5
15241,41,2026-02-15,64,5
15242,42,2026-02-15,120,9
15243,43,2026-02-15,66,4
15244,44,2026-02-15,64,2
15245,45,2026-02-15,69,0
15246,46,2026-02-15,87,8
15247,47,2026-02-15,50,3
15248,48,2026-02-15,63,1
15249,49,2026-02-15,72,4
15250,50,2026-02-15,71,2
15251,51,2026-02-15,72,3
15252,52,2026-02-15,75,7
15253,53,2026-02-15,56,0
15254,54,2026-02-15,25,0
15255,55,2026-02-15,68,3
15256,56,2026-02-15,108,7
15257,57,2026-02-15,86,5
15258,58,2026-02-15,74,3
15259,59,2026-02-15,75,2
15260,60,2026-02-15,83,7
15261,61,2026-02-15,70,5
15262,62,2026-02-15,80,1
15263,63,2026-02-15,97,4
15264,64,2026-02-15,38,2
15265,65,2026-02-15,155,6
15266,66,2026-02-15,52,1
15267,67,2026-02-15,126,4
15268,68,2026-02-15,42,0
15269,69,2026-02-15,98,4
15270,70,2026-02-15,44,4
15271,71,2026-02-15,71,3
15272,72,2026-02-15,99,5
15273,73,2026-02-15,108,5
15274,74,2026-02-15,45,3
15275,75,2026-02-15,100,4
15276,76,2026-02-15,69,2
15277,77,2026-02-15,46,3
15278,78,2026-02-15,67,5
15279,79,2026-02-15,66,4
15280,80,2026-02-15,80,4
15281,81,2026-02-15,98,6
15282,82,2026-02-15,59,0
15283,83,2026-02-15,92,5
15284,84,2026-02-15,94,6
15285,85,2026-02-15,96,5
15286,86,2026-02-15,65,3
15287,87,2026-02-15,73,5
15288,88,2026-02-15,67,4
15289,89,2026-02-15,183,12
15290,90,2026-02-15,101,9
15291,91,2026-02-15,105,6
15292,92,2026-02-15,149,7
15293,93,2026-02-15,87,1
15294,94,2026-02-15,77,9
15295,95,2026-02-15,94,3
15296,96,2026-02-15,40,1
15297,97,2026-02-15,86,6
15298,98,2026-02-15,90,8
15299,99,2026-02-15,61,4
15300,100,2026-02-15,66,1
15301,1,2026-02-16,155,10
15302,2,2026-02-16,165,10
15303,3,2026-02-16,190,9
15304,4,2026-02-16,253,19
15305,5,2026-02-16,217,15
15306,6,2026-02-16,237,14
15307,7,2026-02-16,307,21
15308,8,2026-02-16,260,15
15309,9,2026-02-16,182,9
15310,10,2026-02-16,143,4
15311,11,2026-02-16,184,12
15312,12,2026-02-16,184,15
15313,13,2026-02-16,125,9
15314,14,2026-02-16,184,10
15315,15,2026-02-16,150,9
15316,16,2026-02-16,249,10
15317,17,2026-02-16,220,10
15318,18,2026-02-16,168,12
15319,19,2026-02-16,155,9
15320,20,2026-02-16,108,7
15321,21,2026-02-16,134,13
15322,22,2026-02-16,217,14
15323,23,2026-02-16,137,9
15324,24,2026-02-16,231,17
15325,25,2026-02-16,142,7
15326,26,2026-02-16,264,15
15327,27,2026-02-16,171,14
15328,28,2026-02-16,118,6
15329,29,2026-02-16,198,7
15330,30,2026-02-16,166,10
15331,31,2026-02-16,136,6
15332,32,2026-02-16,148,5
15333,33,2026-02-16,154,8
15334,34,2026-02-16,118,6
15335,35,2026-02-16,104,3
15336,36,2026-02-16,227,13
15337,37,2026-02-16,193,11
15338,38,2026-02-16,159,12
15339,39,2026-02-16,149,5
15340,40,2026-02-16,131,9
15341,41,2026-02-16,146,4
15342,42,2026-02-16,205,10
15343,43,2026-02-16,192,7
15344,44,2026-02-16,110,6
15345,45,2026-02-16,196,14
15346,46,2026-02-16,199,12
15347,47,2026-02-16,175,6
15348,48,2026-02-16,158,9
15349,49,2026-02-16,146,7
15350,50,2026-02-16,203,14
15351,51,2026-02-16,219,12
15352,52,2026-02-16,131,5
15353,53,2026-02-16,123,7
15354,54,2026-02-16,142,12
15355,55,2026-02-16,168,7
15356,56,2026-02-16,207,10
15357,57,2026-02-16,135,8
15358,58,2026-02-16,196,12
15359,59,2026-02-16,140,8
15360,60,2026-02-16,176,11
15361,61,2026-02-16,213,13
15362,62,2026-02-16,185,10
15363,63,2026-02-16,247,16
15364,64,2026-02-16,143,7
15365,65,2026-02-16,332,21
15366,66,2026-02-16,174,10
15367,67,2026-02-16,238,14
15368,68,2026-02-16,109,3
15369,69,2026-02-16,202,13
15370,70,2026-02-16,95,4
15371,71,2026-02-16,207,15
15372,72,2026-02-16,249,12
15373,73,2026-02-16,212,13
15374,74,2026-02-16,151,6
15375,75,2026-02-16,180,11
15376,76,2026-02-16,163,9
15377,77,2026-02-16,95,8
15378,78,2026-02-16,164,12
15379,79,2026-02-16,137,9
15380,80,2026-02-16,267,16
15381,81,2026-02-16,143,7
15382,82,2026-02-16,181,9
15383,83,2026-02-16,188,11
15384,84,2026-02-16,177,13
15385,85,2026-02-16,211,10
15386,86,2026-02-16,133,5
15387,87,2026-02-16,153,7
15388,88,2026-02-16,177,9
15389,89,2026-02-16,495,28
15390,90,2026-02-16,186,6
15391,91,2026-02-16,178,11
15392,92,2026-02-16,360,23
15393,93,2026-02-16,221,14
15394,94,2026-02-16,182,10
15395,95,2026-02-16,203,12
15396,96,2026-02-16,149,10
15397,97,2026-02-16,173,11
15398,98,2026-02-16,203,12
15399,99,2026-02-16,169,8
15400,100,2026-02-16,196,11
15401,1,2026-02-17,128,13
15402,2,2026-02-17,154,8
15403,3,2026-02-17,193,10
15404,4,2026-02-17,215,11
15405,5,2026-02-17,218,9
15406,6,2026-02-17,201,11
15407,7,2026-02-17,254,15
15408,8,2026-02-17,243,15
15409,9,2026-02-17,170,11
15410,10,2026-02-17,104,7
15411,11,2026-02-17,191,10
15412,12,2026-02-17,166,11
15413,13,2026-02-17,122,8
15414,14,2026-02-17,193,9
15415,15,2026-02-17,138,8
15416,16,2026-02-17,198,11
15417,17,2026-02-17,214,14
15418,18,2026-02-17,162,8
15419,19,2026-02-17,139,7
15420,20,2026-02-17,99,8
15421,21,2026-02-17,124,5
15422,22,2026-02-17,166,11
15423,23,2026-02-17,137,7
15424,24,2026-02-17,196,9
15425,25,2026-02-17,125,8
15426,26,2026-02-17,171,10
15427,27,2026-02-17,146,8
15428,28,2026-02-17,98,2
15429,29,2026-02-17,176,9
15430,30,2026-02-17,155,13
15431,31,2026-02-17,116,5
15432,32,2026-02-17,142,9
15433,33,2026-02-17,142,7
15434,34,2026-02-17,85,4
15435,35,2026-02-17,106,7
15436,36,2026-02-17,205,14
15437,37,2026-02-17,182,11
15438,38,2026-02-17,137,8
15439,39,2026-02-17,143,8
15440,40,2026-02-17,126,9
15441,41,2026-02-17,132,7
15442,42,2026-02-17,156,7
15443,43,2026-02-17,156,7
15444,44,2026-02-17,87,3
15445,45,2026-02-17,169,7
15446,46,2026-02-17,158,12
15447,47,2026-02-17,157,7
15448,48,2026-02-17,142,9
15449,49,2026-02-17,124,5
15450,50,2026-02-17,163,8
15451,51,2026-02-17,195,11
15452,52,2026-02-17,116,8
15453,53,2026-02-17,107,5
15454,54,2026-02-17,117,6
15455,55,2026-02-17,131,7
15456,56,2026-02-17,171,9
15457,57,2026-02-17,111,6
15458,58,2026-02-17,179,10
15459,59,2026-02-17,119,5
15460,60,2026-02-17,137,5
15461,61,2026-02-17,185,9
15462,62,2026-02-17,167,11
15463,63,2026-02-17,261,17
15464,64,2026-02-17,124,6
15465,65,2026-02-17,173,11
15466,66,2026-02-17,121,6
15467,67,2026-02-17,192,14
15468,68,2026-02-17,74,5
15469,69,2026-02-17,181,7
15470,70,2026-02-17,91,4
15471,71,2026-02-17,203,13
15472,72,2026-02-17,222,11
15473,73,2026-02-17,152,7
15474,74,2026-02-17,152,6
15475,75,2026-02-17,183,11
15476,76,2026-02-17,153,12
15477,77,2026-02-17,95,4
15478,78,2026-02-17,139,10
15479,79,2026-02-17,110,5
15480,80,2026-02-17,260,20
15481,81,2026-02-17,121,8
15482,82,2026-02-17,172,7
15483,83,2026-02-17,167,10
15484,84,2026-02-17,156,7
15485,85,2026-02-17,162,5
15486,86,2026-02-17,116,7
15487,87,2026-02-17,130,7
15488,88,2026-02-17,143,10
15489,89,2026-02-17,386,24
15490,90,2026-02-17,159,9
15491,91,2026-02-17,149,8
15492,92,2026-02-17,367,19
15493,93,2026-02-17,189,16
15494,94,2026-02-17,152,7
15495,95,2026-02-17,173,4
15496,96,2026-02-17,120,7
15497,97,2026-02-17,133,10
15498,98,2026-02-17,158,6
15499,99,2026-02-17,154,10
15500,100,2026-02-17,193,11
15501,1,2026-02-18,164,12
15502,2,2026-02-18,139,8
15503,3,2026-02-18,174,11
15504,4,2026-02-18,218,12
15505,5,2026-02-18,215,11
15506,6,2026-02-18,219,14
15507,7,2026-02-18,268,13
15508,8,2026-02-18,231,12
15509,9,2026-02-18,155,12
15510,10,2026-02-18,95,4
15511,11,2026-02-18,187,8
15512,12,2026-02-18,178,12
15513,13,2026-02-18,101,6
15514,14,2026-02-18,156,4
15515,15,2026-02-18,114,3
15516,16,2026-02-18,208,11
15517,17,2026-02-18,186,12
15518,18,2026-02-18,148,7
15519,19,2026-02-18,135,6
15520,20,2026-02-18,105,7
15521,21,2026-02-18,119,5
15522,22,2026-02-18,203,10
15523,23,2026-02-18,122,4
15524,24,2026-02-18,188,9
15525,25,2026-02-18,116,9
15526,26,2026-02-18,178,12
15527,27,2026-02-18,133,9
15528,28,2026-02-18,113,5
15529,29,2026-02-18,185,11
15530,30,2026-02-18,134,8
15531,31,2026-02-18,137,7
15532,32,2026-02-18,150,8
15533,33,2026-02-18,137,8
15534,34,2026-02-18,100,5
15535,35,2026-02-18,103,9
15536,36,2026-02-18,194,8
15537,37,2026-02-18,178,9
15538,38,2026-02-18,128,11
15539,39,2026-02-18,128,3
15540,40,2026-02-18,126,4
15541,41,2026-02-18,115,7
15542,42,2026-02-18,203,9
15543,43,2026-02-18,134,4
15544,44,2026-02-18,81,7
15545,45,2026-02-18,162,9
15546,46,2026-02-18,133,8
15547,47,2026-02-18,167,7
15548,48,2026-02-18,116,10
15549,49,2026-02-18,115,6
15550,50,2026-02-18,128,8
15551,51,2026-02-18,162,10
15552,52,2026-02-18,104,3
15553,53,2026-02-18,109,8
15554,54,2026-02-18,133,6
15555,55,2026-02-18,126,9
15556,56,2026-02-18,218,15
15557,57,2026-02-18,94,3
15558,58,2026-02-18,151,11
15559,59,2026-02-18,142,8
15560,60,2026-02-18,128,9
15561,61,2026-02-18,162,10
15562,62,2026-02-18,131,9
15563,63,2026-02-18,237,13
15564,64,2026-02-18,138,7
15565,65,2026-02-18,176,11
15566,66,2026-02-18,138,7
15567,67,2026-02-18,156,9
15568,68,2026-02-18,81,5
15569,69,2026-02-18,171,10
15570,70,2026-02-18,86,7
15571,71,2026-02-18,169,11
15572,72,2026-02-18,211,13
15573,73,2026-02-18,194,9
15574,74,2026-02-18,154,10
15575,75,2026-02-18,170,8
15576,76,2026-02-18,146,8
15577,77,2026-02-18,85,4
15578,78,2026-02-18,129,9
15579,79,2026-02-18,88,6
15580,80,2026-02-18,240,12
15581,81,2026-02-18,146,11
15582,82,2026-02-18,112,7
15583,83,2026-02-18,181,10
15584,84,2026-02-18,159,12
15585,85,2026-02-18,159,9
15586,86,2026-02-18,115,8
15587,87,2026-02-18,130,6
15588,88,2026-02-18,181,11
15589,89,2026-02-18,371,21
15590,90,2026-02-18,145,9
15591,91,2026-02-18,123,4
15592,92,2026-02-18,250,14
15593,93,2026-02-18,181,9
15594,94,2026-02-18,157,13
15595,95,2026-02-18,158,8
15596,96,2026-02-18,107,5
15597,97,2026-02-18,163,9
15598,98,2026-02-18,154,10
15599,99,2026-02-18,141,6
15600,100,2026-02-18,149,5
15601,1,2026-02-19,133,11
15602,2,2026-02-19,121,6
15603,3,2026-02-19,140,9
15604,4,2026-02-19,228,12
15605,5,2026-02-19,201,14
15606,6,2026-02-19,198,8
15607,7,2026-02-19,230,15
15608,8,2026-02-19,189,9
15609,9,2026-02-19,121,7
15610,10,2026-02-19,106,6
15611,11,2026-02-19,143,6
15612,12,2026-02-19,141,9
15613,13,2026-02-19,104,6
15614,14,2026-02-19,161,13
15615,15,2026-02-19,115,7
15616,16,2026-02-19,185,11
15617,17,2026-02-19,181,10
15618,18,2026-02-19,143,7
15619,19,2026-02-19,144,6
15620,20,2026-02-19,91,6
15621,21,2026-02-19,73,5
15622,22,2026-02-19,171,8
15623,23,2026-02-19,88,4
15624,24,2026-02-19,159,5
15625,25,2026-02-19,130,6
15626,26,2026-02-19,133,8
15627,27,2026-02-19,140,7
15628,28,2026-02-19,92,2
15629,29,2026-02-19,117,5
15630,30,2026-02-19,94,5
15631,31,2026-02-19,113,6
15632,32,2026-02-19,132,7
15633,33,2026-02-19,101,4
15634,34,2026-02-19,83,6
15635,35,2026-02-19,102,4
15636,36,2026-02-19,191,11
15637,37,2026-02-19,162,10
15638,38,2026-02-19,119,8
15639,39,2026-02-19,117,9
15640,40,2026-02-19,102,4
15641,41,2026-02-19,109,8
15642,42,2026-02-19,185,12
15643,43,2026-02-19,121,8
15644,44,2026-02-19,90,1
15645,45,2026-02-19,145,4
15646,46,2026-02-19,128,7
15647,47,2026-02-19,136,9
15648,48,2026-02-19,101,4
15649,49,2026-02-19,113,5
15650,50,2026-02-19,157,8
15651,51,2026-02-19,137,9
15652,52,2026-02-19,126,4
15653,53,2026-02-19,96,5
15654,54,2026-02-19,114,6
15655,55,2026-02-19,137,8
15656,56,2026-02-19,140,8
15657,57,2026-02-19,86,5
15658,58,2026-02-19,140,6
15659,59,2026-02-19,99,6
15660,60,2026-02-19,131,9
15661,61,2026-02-19,124,7
15662,62,2026-02-19,121,7
15663,63,2026-02-19,211,15
15664,64,2026-02-19,134,6
15665,65,2026-02-19,135,9
15666,66,2026-02-19,112,0
15667,67,2026-02-19,150,6
15668,68,2026-02-19,64,7
15669,69,2026-02-19,184,13
15670,70,2026-02-19,74,7
15671,71,2026-02-19,162,11
15672,72,2026-02-19,168,8
15673,73,2026-02-19,165,13
15674,74,2026-02-19,106,2
15675,75,2026-02-19,151,3
15676,76,2026-02-19,131,10
15677,77,2026-02-19,77,3
15678,78,2026-02-19,109,8
15679,79,2026-02-19,103,4
15680,80,2026-02-19,209,14
15681,81,2026-02-19,148,6
15682,82,2026-02-19,134,8
15683,83,2026-02-19,184,8
15684,84,2026-02-19,136,8
15685,85,2026-02-19,122,5
15686,86,2026-02-19,86,3
15687,87,2026-02-19,121,9
15688,88,2026-02-19,139,12
15689,89,2026-02-19,345,22
15690,90,2026-02-19,141,10
15691,91,2026-02-19,129,6
15692,92,2026-02-19,257,16
15693,93,2026-02-19,184,9
15694,94,2026-02-19,136,4
15695,95,2026-02-19,162,11
15696,96,2026-02-19,126,10
15697,97,2026-02-19,122,4
15698,98,2026-02-19,148,13
15699,99,2026-02-19,117,7
15700,100,2026-02-19,121,6
15701,1,2026-02-20,122,6
15702,2,2026-02-20,123,7
15703,3,2026-02-20,157,7
15704,4,2026-02-20,216,12
15705,5,2026-02-20,187,9
15706,6,2026-02-20,150,11
15707,7,2026-02-20,218,15
15708,8,2026-02-20,221,10
15709,9,2026-02-20,152,11
15710,10,2026-02-20,108,7
15711,11,2026-02-20,141,7
15712,12,2026-02-20,143,8
15713,13,2026-02-20,124,5
15714,14,2026-02-20,160,9
15715,15,2026-02-20,132,10
15716,16,2026-02-20,143,9
15717,17,2026-02-20,171,10
15718,18,2026-02-20,148,9
15719,19,2026-02-20,124,6
15720,20,2026-02-20,87,2
15721,21,2026-02-20,81,3
15722,22,2026-02-20,165,11
15723,23,2026-02-20,91,6
15724,24,2026-02-20,172,9
15725,25,2026-02-20,111,5
15726,26,2026-02-20,167,11
15727,27,2026-02-20,94,5
15728,28,2026-02-20,87,3
15729,29,2026-02-20,145,6
15730,30,2026-02-20,133,7
15731,31,2026-02-20,105,6
15732,32,2026-02-20,121,5
15733,33,2026-02-20,96,3
15734,34,2026-02-20,85,9
15735,35,2026-02-20,98,4
15736,36,2026-02-20,194,13
15737,37,2026-02-20,177,9
15738,38,2026-02-20,116,8
15739,39,2026-02-20,143,8
15740,40,2026-02-20,113,5
15741,41,2026-02-20,112,8
15742,42,2026-02-20,161,7
15743,43,2026-02-20,131,4
15744,44,2026-02-20,86,7
15745,45,2026-02-20,164,9
15746,46,2026-02-20,170,10
15747,47,2026-02-20,152,9
15748,48,2026-02-20,87,4
15749,49,2026-02-20,120,8
15750,50,2026-02-20,146,10
15751,51,2026-02-20,160,9
15752,52,2026-02-20,101,0
15753,53,2026-02-20,101,7
15754,54,2026-02-20,116,6
15755,55,2026-02-20,125,7
15756,56,2026-02-20,157,11
15757,57,2026-02-20,100,10
15758,58,2026-02-20,202,11
15759,59,2026-02-20,112,9
15760,60,2026-02-20,120,11
15761,61,2026-02-20,142,7
15762,62,2026-02-20,142,8
15763,63,2026-02-20,161,9
15764,64,2026-02-20,115,7
15765,65,2026-02-20,131,6
15766,66,2026-02-20,126,5
15767,67,2026-02-20,169,11
15768,68,2026-02-20,71,6
15769,69,2026-02-20,153,9
15770,70,2026-02-20,85,8
15771,71,2026-02-20,139,6
15772,72,2026-02-20,168,7
15773,73,2026-02-20,128,9
15774,74,2026-02-20,118,7
15775,75,2026-02-20,109,8
15776,76,2026-02-20,115,8
15777,77,2026-02-20,90,7
15778,78,2026-02-20,95,2
15779,79,2026-02-20,119,8
15780,80,2026-02-20,252,15
15781,81,2026-02-20,123,8
15782,82,2026-02-20,139,9
15783,83,2026-02-20,165,12
15784,84,2026-02-20,123,7
15785,85,2026-02-20,141,11
15786,86,2026-02-20,113,3
15787,87,2026-02-20,115,6
15788,88,2026-02-20,123,14
15789,89,2026-02-20,377,22
15790,90,2026-02-20,124,7
15791,91,2026-02-20,122,7
15792,92,2026-02-20,271,18
15793,93,2026-02-20,149,8
15794,94,2026-02-20,137,9
15795,95,2026-02-20,171,12
15796,96,2026-02-20,94,8
15797,97,2026-02-20,145,9
15798,98,2026-02-20,158,7
15799,99,2026-02-20,127,5
15800,100,2026-02-20,141,5
15801,1,2026-02-21,92,6
15802,2,2026-02-21,136,6
15803,3,2026-02-21,164,9
15804,4,2026-02-21,256,19
15805,5,2026-02-21,221,12
15806,6,2026-02-21,238,13
15807,7,2026-02-21,272,15
15808,8,2026-02-21,218,12
15809,9,2026-02-21,185,14
15810,10,2026-02-21,101,7
15811,11,2026-02-21,150,10
15812,12,2026-02-21,161,9
15813,13,2026-02-21,119,6
15814,14,2026-02-21,130,8
15815,15,2026-02-21,113,5
15816,16,2026-02-21,176,14
15817,17,2026-02-21,201,8
15818,18,2026-02-21,144,4
15819,19,2026-02-21,124,8
15820,20,2026-02-21,74,3
15821,21,2026-02-21,91,6
15822,22,2026-02-21,150,5
15823,23,2026-02-21,86,0
15824,24,2026-02-21,145,8
15825,25,2026-02-21,96,6
15826,26,2026-02-21,190,10
15827,27,2026-02-21,116,12
15828,28,2026-02-21,99,6
15829,29,2026-02-21,145,10
15830,30,2026-02-21,131,8
15831,31,2026-02-21,114,7
15832,32,2026-02-21,145,8
15833,33,2026-02-21,123,5
15834,34,2026-02-21,86,4
15835,35,2026-02-21,92,6
15836,36,2026-02-21,204,10
15837,37,2026-02-21,169,7
15838,38,2026-02-21,119,5
15839,39,2026-02-21,137,8
15840,40,2026-02-21,89,4
15841,41,2026-02-21,92,3
15842,42,2026-02-21,143,8
15843,43,2026-02-21,132,3
15844,44,2026-02-21,74,1
15845,45,2026-02-21,156,6
15846,46,2026-02-21,112,9
15847,47,2026-02-21,148,6
15848,48,2026-02-21,119,8
15849,49,2026-02-21,104,11
15850,50,2026-02-21,121,6
15851,51,2026-02-21,160,7
15852,52,2026-02-21,110,9
15853,53,2026-02-21,109,7
15854,54,2026-02-21,106,7
15855,55,2026-02-21,112,7
15856,56,2026-02-21,172,14
15857,57,2026-02-21,93,6
15858,58,2026-02-21,164,6
15859,59,2026-02-21,123,7
15860,60,2026-02-21,120,8
15861,61,2026-02-21,150,8
15862,62,2026-02-21,122,6
15863,63,2026-02-21,194,9
15864,64,2026-02-21,111,3
15865,65,2026-02-21,179,8
15866,66,2026-02-21,126,9
15867,67,2026-02-21,171,8
15868,68,2026-02-21,76,4
15869,69,2026-02-21,162,11
15870,70,2026-02-21,73,5
15871,71,2026-02-21,144,8
15872,72,2026-02-21,141,9
15873,73,2026-02-21,151,9
15874,74,2026-02-21,95,4
15875,75,2026-02-21,132,7
15876,76,2026-02-21,141,4
15877,77,2026-02-21,67,5
15878,78,2026-02-21,122,8
15879,79,2026-02-21,93,4
15880,80,2026-02-21,134,8
15881,81,2026-02-21,113,7
15882,82,2026-02-21,107,6
15883,83,2026-02-21,160,10
15884,84,2026-02-21,138,10
15885,85,2026-02-21,143,10
15886,86,2026-02-21,106,2
15887,87,2026-02-21,122,9
15888,88,2026-02-21,130,9
15889,89,2026-02-21,359,24
15890,90,2026-02-21,124,4
15891,91,2026-02-21,130,9
15892,92,2026-02-21,282,15
15893,93,2026-02-21,154,7
15894,94,2026-02-21,103,6
15895,95,2026-02-21,175,12
15896,96,2026-02-21,116,5
15897,97,2026-02-21,149,7
15898,98,2026-02-21,129,9
15899,99,2026-02-21,104,8
15900,100,2026-02-21,165,10
15901,1,2026-02-22,89,6
15902,2,2026-02-22,67,1
15903,3,2026-02-22,108,6
15904,4,2026-02-22,154,8
15905,5,2026-02-22,137,6
15906,6,2026-02-22,145,5
15907,7,2026-02-22,93,6
15908,8,2026-02-22,135,7
15909,9,2026-02-22,74,4
15910,10,2026-02-22,73,1
15911,11,2026-02-22,94,4
15912,12,2026-02-22,133,7
15913,13,2026-02-22,66,7
15914,14,2026-02-22,117,10
15915,15,2026-02-22,83,5
15916,16,2026-02-22,87,5
15917,17,2026-02-22,76,5
15918,18,2026-02-22,47,4
15919,19,2026-02-22,74,5
15920,20,2026-02-22,38,1
15921,21,2026-02-22,57,5
15922,22,2026-02-22,80,5
15923,23,2026-02-22,63,1
15924,24,2026-02-22,95,4
15925,25,2026-02-22,54,6
15926,26,2026-02-22,96,7
15927,27,2026-02-22,66,1
15928,28,2026-02-22,56,5
15929,29,2026-02-22,61,4
15930,30,2026-02-22,64,3
15931,31,2026-02-22,67,6
15932,32,2026-02-22,58,0
15933,33,2026-02-22,61,1
15934,34,2026-02-22,57,2
15935,35,2026-02-22,56,2
15936,36,2026-02-22,98,6
15937,37,2026-02-22,87,5
15938,38,2026-02-22,61,6
15939,39,2026-02-22,96,6
15940,40,2026-02-22,65,1
15941,41,2026-02-22,64,4
15942,42,2026-02-22,42,3
15943,43,2026-02-22,71,6
15944,44,2026-02-22,44,1
15945,45,2026-02-22,91,6
15946,46,2026-02-22,98,5
15947,47,2026-02-22,67,4
15948,48,2026-02-22,61,2
15949,49,2026-02-22,43,5
15950,50,2026-02-22,79,3
15951,51,2026-02-22,83,5
15952,52,2026-02-22,77,7
15953,53,2026-02-22,77,4
15954,54,2026-02-22,39,2
15955,55,2026-02-22,65,3
15956,56,2026-02-22,80,1
15957,57,2026-02-22,62,4
15958,58,2026-02-22,64,7
15959,59,2026-02-22,90,3
15960,60,2026-02-22,78,3
15961,61,2026-02-22,92,4
15962,62,2026-02-22,79,3
15963,63,2026-02-22,106,6
15964,64,2026-02-22,60,4
15965,65,2026-02-22,97,6
15966,66,2026-02-22,65,3
15967,67,2026-02-22,122,6
15968,68,2026-02-22,38,3
15969,69,2026-02-22,101,9
15970,70,2026-02-22,48,4
15971,71,2026-02-22,55,8
15972,72,2026-02-22,102,6
15973,73,2026-02-22,88,0
15974,74,2026-02-22,66,4
15975,75,2026-02-22,66,3
15976,76,2026-02-22,58,0
15977,77,2026-02-22,40,5
15978,78,2026-02-22,75,8
15979,79,2026-02-22,40,2
15980,80,2026-02-22,108,6
15981,81,2026-02-22,100,6
15982,82,2026-02-22,95,4
15983,83,2026-02-22,61,2
15984,84,2026-02-22,72,4
15985,85,2026-02-22,105,3
15986,86,2026-02-22,60,3
15987,87,2026-02-22,53,3
15988,88,2026-02-22,88,2
15989,89,2026-02-22,133,6
15990,90,2026-02-22,68,6
15991,91,2026-02-22,70,0
15992,92,2026-02-22,186,13
15993,93,2026-02-22,81,6
15994,94,2026-02-22,55,2
15995,95,2026-02-22,85,4
15996,96,2026-02-22,50,4
15997,97,2026-02-22,53,4
15998,98,2026-02-22,103,7
15999,99,2026-02-22,62,0
16000,100,2026-02-22,93,7
16001,1,2026-02-23,168,11
16002,2,2026-02-23,146,7
16003,3,2026-02-23,222,15
16004,4,2026-02-23,273,14
16005,5,2026-02-23,220,13
16006,6,2026-02-23,267,18
16007,7,2026-02-23,252,21
16008,8,2026-02-23,246,15
16009,9,2026-02-23,220,15
16010,10,2026-02-23,125,10
16011,11,2026-02-23,196,8
16012,12,2026-02-23,326,22
16013,13,2026-02-23,125,9
16014,14,2026-02-23,144,5
16015,15,2026-02-23,170,9
16016,16,2026-02-23,231,12
16017,17,2026-02-23,250,12
16018,18,2026-02-23,205,13
16019,19,2026-02-23,163,6
16020,20,2026-02-23,101,8
16021,21,2026-02-23,129,6
16022,22,2026-02-23,211,14
16023,23,2026-02-23,154,8
16024,24,2026-02-23,234,12
16025,25,2026-02-23,131,7
16026,26,2026-02-23,215,12
16027,27,2026-02-23,182,10
16028,28,2026-02-23,128,8
16029,29,2026-02-23,197,14
16030,30,2026-02-23,186,10
16031,31,2026-02-23,146,11
16032,32,2026-02-23,169,11
16033,33,2026-02-23,130,10
16034,34,2026-02-23,96,9
16035,35,2026-02-23,130,9
16036,36,2026-02-23,297,15
16037,37,2026-02-23,219,11
16038,38,2026-02-23,151,10
16039,39,2026-02-23,173,9
16040,40,2026-02-23,151,6
16041,41,2026-02-23,143,8
16042,42,2026-02-23,204,11
16043,43,2026-02-23,160,10
16044,44,2026-02-23,108,7
16045,45,2026-02-23,220,16
16046,46,2026-02-23,219,12
16047,47,2026-02-23,154,9
16048,48,2026-02-23,124,8
16049,49,2026-02-23,155,6
16050,50,2026-02-23,207,14
16051,51,2026-02-23,215,14
16052,52,2026-02-23,166,9
16053,53,2026-02-23,117,5
16054,54,2026-02-23,149,9
16055,55,2026-02-23,179,10
16056,56,2026-02-23,224,15
16057,57,2026-02-23,123,6
16058,58,2026-02-23,198,12
16059,59,2026-02-23,158,7
16060,60,2026-02-23,185,11
16061,61,2026-02-23,165,12
16062,62,2026-02-23,179,13
16063,63,2026-02-23,241,12
16064,64,2026-02-23,142,8
16065,65,2026-02-23,224,14
16066,66,2026-02-23,133,7
16067,67,2026-02-23,230,15
16068,68,2026-02-23,90,5
16069,69,2026-02-23,205,10
16070,70,2026-02-23,112,5
16071,71,2026-02-23,209,11
16072,72,2026-02-23,228,11
16073,73,2026-02-23,184,10
16074,74,2026-02-23,145,7
16075,75,2026-02-23,165,10
16076,76,2026-02-23,176,10
16077,77,2026-02-23,105,9
16078,78,2026-02-23,147,9
16079,79,2026-02-23,151,10
16080,80,2026-02-23,275,16
16081,81,2026-02-23,178,8
16082,82,2026-02-23,167,12
16083,83,2026-02-23,184,8
16084,84,2026-02-23,202,10
16085,85,2026-02-23,214,14
16086,86,2026-02-23,149,9
16087,87,2026-02-23,167,9
16088,88,2026-02-23,153,7
16089,89,2026-02-23,283,18
16090,90,2026-02-23,178,13
16091,91,2026-02-23,159,8
16092,92,2026-02-23,354,18
16093,93,2026-02-23,215,13
16094,94,2026-02-23,200,10
16095,95,2026-02-23,230,11
16096,96,2026-02-23,141,9
16097,97,2026-02-23,197,12
16098,98,2026-02-23,186,12
16099,99,2026-02-23,173,9
16100,100,2026-02-23,201,9
16101,1,2026-02-24,127,4
16102,2,2026-02-24,135,9
16103,3,2026-02-24,175,11
16104,4,2026-02-24,215,16
16105,5,2026-02-24,206,13
16106,6,2026-02-24,226,15
16107,7,2026-02-24,260,15
16108,8,2026-02-24,202,10
16109,9,2026-02-24,176,10
16110,10,2026-02-24,129,5
16111,11,2026-02-24,149,8
16112,12,2026-02-24,291,18
16113,13,2026-02-24,121,8
16114,14,2026-02-24,173,9
16115,15,2026-02-24,150,6
16116,16,2026-02-24,219,14
16117,17,2026-02-24,204,11
16118,18,2026-02-24,148,9
16119,19,2026-02-24,133,6
16120,20,2026-02-24,99,6
16121,21,2026-02-24,131,8
16122,22,2026-02-24,154,10
16123,23,2026-02-24,114,6
16124,24,2026-02-24,184,11
16125,25,2026-02-24,112,6
16126,26,2026-02-24,173,11
16127,27,2026-02-24,143,8
16128,28,2026-02-24,95,4
16129,29,2026-02-24,181,10
16130,30,2026-02-24,124,6
16131,31,2026-02-24,120,9
16132,32,2026-02-24,142,7
16133,33,2026-02-24,125,1
16134,34,2026-02-24,94,4
16135,35,2026-02-24,100,7
16136,36,2026-02-24,226,11
16137,37,2026-02-24,179,11
16138,38,2026-02-24,134,8
16139,39,2026-02-24,134,10
16140,40,2026-02-24,112,8
16141,41,2026-02-24,131,5
16142,42,2026-02-24,142,9
16143,43,2026-02-24,140,9
16144,44,2026-02-24,92,3
16145,45,2026-02-24,183,9
16146,46,2026-02-24,172,11
16147,47,2026-02-24,165,11
16148,48,2026-02-24,121,4
16149,49,2026-02-24,145,8
16150,50,2026-02-24,156,11
16151,51,2026-02-24,173,11
16152,52,2026-02-24,92,4
16153,53,2026-02-24,88,1
16154,54,2026-02-24,119,8
16155,55,2026-02-24,127,9
16156,56,2026-02-24,196,13
16157,57,2026-02-24,107,4
16158,58,2026-02-24,141,12
16159,59,2026-02-24,120,8
16160,60,2026-02-24,158,9
16161,61,2026-02-24,169,9
16162,62,2026-02-24,110,6
16163,63,2026-02-24,206,14
16164,64,2026-02-24,117,8
16165,65,2026-02-24,192,8
16166,66,2026-02-24,166,9
16167,67,2026-02-24,188,12
16168,68,2026-02-24,81,6
16169,69,2026-02-24,178,9
16170,70,2026-02-24,78,6
16171,71,2026-02-24,169,7
16172,72,2026-02-24,196,9
16173,73,2026-02-24,171,12
16174,74,2026-02-24,142,6
16175,75,2026-02-24,138,8
16176,76,2026-02-24,160,12
16177,77,2026-02-24,92,6
16178,78,2026-02-24,124,8
16179,79,2026-02-24,116,7
16180,80,2026-02-24,236,12
16181,81,2026-02-24,155,8
16182,82,2026-02-24,157,10
16183,83,2026-02-24,146,6
16184,84,2026-02-24,169,8
16185,85,2026-02-24,188,11
16186,86,2026-02-24,121,6
16187,87,2026-02-24,152,10
16188,88,2026-02-24,145,9
16189,89,2026-02-24,240,16
16190,90,2026-02-24,159,14
16191,91,2026-02-24,110,5
16192,92,2026-02-24,372,22
16193,93,2026-02-24,157,9
16194,94,2026-02-24,147,10
16195,95,2026-02-24,187,15
16196,96,2026-02-24,135,7
16197,97,2026-02-24,139,7
16198,98,2026-02-24,159,9
16199,99,2026-02-24,155,9
16200,100,2026-02-24,153,9
16201,1,2026-02-25,110,10
16202,2,2026-02-25,125,7
16203,3,2026-02-25,170,9
16204,4,2026-02-25,236,17
16205,5,2026-02-25,228,12
16206,6,2026-02-25,188,11
16207,7,2026-02-25,288,15
16208,8,2026-02-25,219,12
16209,9,2026-02-25,147,6
16210,10,2026-02-25,115,5
16211,11,2026-02-25,169,11
16212,12,2026-02-25,184,11
16213,13,2026-02-25,116,7
16214,14,2026-02-25,169,10
16215,15,2026-02-25,134,7
16216,16,2026-02-25,191,11
16217,17,2026-02-25,190,10
16218,18,2026-02-25,146,9
16219,19,2026-02-25,127,9
16220,20,2026-02-25,87,2
16221,21,2026-02-25,93,6
16222,22,2026-02-25,188,8
16223,23,2026-02-25,112,6
16224,24,2026-02-25,226,12
16225,25,2026-02-25,125,6
16226,26,2026-02-25,194,12
16227,27,2026-02-25,135,7
16228,28,2026-02-25,107,4
16229,29,2026-02-25,171,7
16230,30,2026-02-25,143,8
16231,31,2026-02-25,139,7
16232,32,2026-02-25,133,8
16233,33,2026-02-25,137,6
16234,34,2026-02-25,90,4
16235,35,2026-02-25,107,6
16236,36,2026-02-25,225,12
16237,37,2026-02-25,184,12
16238,38,2026-02-25,134,7
16239,39,2026-02-25,153,6
16240,40,2026-02-25,122,5
16241,41,2026-02-25,119,8
16242,42,2026-02-25,211,14
16243,43,2026-02-25,153,4
16244,44,2026-02-25,85,3
16245,45,2026-02-25,171,10
16246,46,2026-02-25,159,10
16247,47,2026-02-25,151,6
16248,48,2026-02-25,118,6
16249,49,2026-02-25,126,7
16250,50,2026-02-25,174,13
16251,51,2026-02-25,188,10
16252,52,2026-02-25,135,8
16253,53,2026-02-25,117,4
16254,54,2026-02-25,119,5
16255,55,2026-02-25,145,8
16256,56,2026-02-25,156,8
16257,57,2026-02-25,103,3
16258,58,2026-02-25,158,10
16259,59,2026-02-25,151,8
16260,60,2026-02-25,150,9
16261,61,2026-02-25,164,14
16262,62,2026-02-25,142,4
16263,63,2026-02-25,221,12
16264,64,2026-02-25,137,3
16265,65,2026-02-25,174,14
16266,66,2026-02-25,175,9
16267,67,2026-02-25,152,12
16268,68,2026-02-25,81,4
16269,69,2026-02-25,206,14
16270,70,2026-02-25,86,4
16271,71,2026-02-25,150,6
16272,72,2026-02-25,162,11
16273,73,2026-02-25,166,10
16274,74,2026-02-25,145,9
16275,75,2026-02-25,136,9
16276,76,2026-02-25,133,5
16277,77,2026-02-25,76,5
16278,78,2026-02-25,127,10
16279,79,2026-02-25,106,7
16280,80,2026-02-25,223,16
16281,81,2026-02-25,135,9
16282,82,2026-02-25,143,9
16283,83,2026-02-25,166,10
16284,84,2026-02-25,162,5
16285,85,2026-02-25,170,8
16286,86,2026-02-25,122,8
16287,87,2026-02-25,137,7
16288,88,2026-02-25,164,8
16289,89,2026-02-25,228,15
16290,90,2026-02-25,145,8
16291,91,2026-02-25,125,7
16292,92,2026-02-25,363,21
16293,93,2026-02-25,173,11
16294,94,2026-02-25,170,11
16295,95,2026-02-25,197,13
16296,96,2026-02-25,109,5
16297,97,2026-02-25,165,8
16298,98,2026-02-25,141,9
16299,99,2026-02-25,148,7
16300,100,2026-02-25,187,12
16301,1,2026-02-26,109,8
16302,2,2026-02-26,130,7
16303,3,2026-02-26,135,7
16304,4,2026-02-26,220,12
16305,5,2026-02-26,157,8
16306,6,2026-02-26,221,10
16307,7,2026-02-26,184,10
16308,8,2026-02-26,176,8
16309,9,2026-02-26,117,8
16310,10,2026-02-26,113,6
16311,11,2026-02-26,144,8
16312,12,2026-02-26,162,8
16313,13,2026-02-26,107,7
16314,14,2026-02-26,156,11
16315,15,2026-02-26,103,4
16316,16,2026-02-26,183,15
16317,17,2026-02-26,162,13
16318,18,2026-02-26,148,9
16319,19,2026-02-26,103,7
16320,20,2026-02-26,94,5
16321,21,2026-02-26,95,6
16322,22,2026-02-26,160,7
16323,23,2026-02-26,98,5
16324,24,2026-02-26,179,9
16325,25,2026-02-26,89,2
16326,26,2026-02-26,145,11
16327,27,2026-02-26,134,10
16328,28,2026-02-26,111,2
16329,29,2026-02-26,140,10
16330,30,2026-02-26,113,9
16331,31,2026-02-26,105,6
16332,32,2026-02-26,126,9
16333,33,2026-02-26,110,8
16334,34,2026-02-26,82,11
16335,35,2026-02-26,83,5
16336,36,2026-02-26,225,15
16337,37,2026-02-26,164,10
16338,38,2026-02-26,133,7
16339,39,2026-02-26,126,7
16340,40,2026-02-26,114,5
16341,41,2026-02-26,90,7
16342,42,2026-02-26,165,7
16343,43,2026-02-26,130,10
16344,44,2026-02-26,100,5
16345,45,2026-02-26,128,6
16346,46,2026-02-26,132,8
16347,47,2026-02-26,139,8
16348,48,2026-02-26,75,2
16349,49,2026-02-26,96,4
16350,50,2026-02-26,139,5
16351,51,2026-02-26,137,7
16352,52,2026-02-26,112,7
16353,53,2026-02-26,87,0
16354,54,2026-02-26,102,3
16355,55,2026-02-26,118,5
16356,56,2026-02-26,192,10
16357,57,2026-02-26,89,8
16358,58,2026-02-26,147,9
16359,59,2026-02-26,119,7
16360,60,2026-02-26,132,7
16361,61,2026-02-26,160,8
16362,62,2026-02-26,146,3
16363,63,2026-02-26,175,7
16364,64,2026-02-26,86,0
16365,65,2026-02-26,193,11
16366,66,2026-02-26,129,8
16367,67,2026-02-26,137,8
16368,68,2026-02-26,55,6
16369,69,2026-02-26,140,12
16370,70,2026-02-26,76,2
16371,71,2026-02-26,162,9
16372,72,2026-02-26,168,8
16373,73,2026-02-26,165,11
16374,74,2026-02-26,129,4
16375,75,2026-02-26,110,4
16376,76,2026-02-26,130,8
16377,77,2026-02-26,76,5
16378,78,2026-02-26,125,5
16379,79,2026-02-26,121,6
16380,80,2026-02-26,212,15
16381,81,2026-02-26,129,10
16382,82,2026-02-26,136,11
16383,83,2026-02-26,158,11
16384,84,2026-02-26,184,12
16385,85,2026-02-26,138,4
16386,86,2026-02-26,110,5
16387,87,2026-02-26,113,8
16388,88,2026-02-26,134,7
16389,89,2026-02-26,233,12
16390,90,2026-02-26,142,8
16391,91,2026-02-26,126,8
16392,92,2026-02-26,311,17
16393,93,2026-02-26,165,9
16394,94,2026-02-26,119,5
16395,95,2026-02-26,165,10
16396,96,2026-02-26,105,7
16397,97,2026-02-26,117,5
16398,98,2026-02-26,156,7
16399,99,2026-02-26,136,8
16400,100,2026-02-26,126,8
16401,1,2026-02-27,142,8
16402,2,2026-02-27,161,12
16403,3,2026-02-27,182,10
16404,4,2026-02-27,196,13
16405,5,2026-02-27,163,11
16406,6,2026-02-27,172,11
16407,7,2026-02-27,228,13
16408,8,2026-02-27,226,14
16409,9,2026-02-27,143,6
16410,10,2026-02-27,124,10
16411,11,2026-02-27,159,9
16412,12,2026-02-27,163,12
16413,13,2026-02-27,105,3
16414,14,2026-02-27,119,6
16415,15,2026-02-27,127,8
16416,16,2026-02-27,174,10
16417,17,2026-02-27,157,11
16418,18,2026-02-27,128,6
16419,19,2026-02-27,119,5
16420,20,2026-02-27,87,6
16421,21,2026-02-27,90,7
16422,22,2026-02-27,146,6
16423,23,2026-02-27,83,5
16424,24,2026-02-27,145,8
16425,25,2026-02-27,120,5
16426,26,2026-02-27,187,11
16427,27,2026-02-27,109,9
16428,28,2026-02-27,104,4
16429,29,2026-02-27,166,7
16430,30,2026-02-27,125,5
16431,31,2026-02-27,95,6
16432,32,2026-02-27,152,8
16433,33,2026-02-27,96,2
16434,34,2026-02-27,69,2
16435,35,2026-02-27,85,6
16436,36,2026-02-27,177,9
16437,37,2026-02-27,154,11
16438,38,2026-02-27,119,4
16439,39,2026-02-27,97,4
16440,40,2026-02-27,101,5
16441,41,2026-02-27,138,6
16442,42,2026-02-27,172,10
16443,43,2026-02-27,161,10
16444,44,2026-02-27,89,7
16445,45,2026-02-27,175,6
16446,46,2026-02-27,169,8
16447,47,2026-02-27,118,4
16448,48,2026-02-27,104,8
16449,49,2026-02-27,90,6
16450,50,2026-02-27,133,13
16451,51,2026-02-27,126,4
16452,52,2026-02-27,115,8
16453,53,2026-02-27,111,7
16454,54,2026-02-27,116,2
16455,55,2026-02-27,130,5
16456,56,2026-02-27,162,12
16457,57,2026-02-27,96,6
16458,58,2026-02-27,139,8
16459,59,2026-02-27,121,9
16460,60,2026-02-27,132,8
16461,61,2026-02-27,139,6
16462,62,2026-02-27,128,9
16463,63,2026-02-27,205,13
16464,64,2026-02-27,119,8
16465,65,2026-02-27,166,8
16466,66,2026-02-27,110,4
16467,67,2026-02-27,155,6
16468,68,2026-02-27,57,6
16469,69,2026-02-27,134,13
16470,70,2026-02-27,86,4
16471,71,2026-02-27,154,8
16472,72,2026-02-27,164,12
16473,73,2026-02-27,151,7
16474,74,2026-02-27,109,6
16475,75,2026-02-27,125,6
16476,76,2026-02-27,117,7
16477,77,2026-02-27,76,6
16478,78,2026-02-27,126,11
16479,79,2026-02-27,87,2
16480,80,2026-02-27,219,11
16481,81,2026-02-27,111,7
16482,82,2026-02-27,137,6
16483,83,2026-02-27,142,8
16484,84,2026-02-27,172,9
16485,85,2026-02-27,153,4
16486,86,2026-02-27,102,7
16487,87,2026-02-27,121,8
16488,88,2026-02-27,148,8
16489,89,2026-02-27,139,7
16490,90,2026-02-27,115,9
16491,91,2026-02-27,136,6
16492,92,2026-02-27,312,15
16493,93,2026-02-27,149,8
16494,94,2026-02-27,148,12
16495,95,2026-02-27,174,7
16496,96,2026-02-27,96,10
16497,97,2026-02-27,151,10
16498,98,2026-02-27,157,9
16499,99,2026-02-27,129,7
16500,100,2026-02-27,110,3
16501,1,2026-02-28,107,5
16502,2,2026-02-28,128,11
16503,3,2026-02-28,139,4
16504,4,2026-02-28,242,10
16505,5,2026-02-28,158,10
16506,6,2026-02-28,211,11
16507,7,2026-02-28,273,20
16508,8,2026-02-28,184,8
16509,9,2026-02-28,154,9
16510,10,2026-02-28,86,4
16511,11,2026-02-28,148,11
16512,12,2026-02-28,140,8
16513,13,2026-02-28,120,9
16514,14,2026-02-28,122,6
16515,15,2026-02-28,120,1
16516,16,2026-02-28,189,12
16517,17,2026-02-28,192,12
16518,18,2026-02-28,139,7
16519,19,2026-02-28,129,8
16520,20,2026-02-28,92,5
16521,21,2026-02-28,96,2
16522,22,2026-02-28,118,8
16523,23,2026-02-28,100,7
16524,24,2026-02-28,196,12
16525,25,2026-02-28,98,8
16526,26,2026-02-28,182,8
16527,27,2026-02-28,119,8
16528,28,2026-02-28,99,8
16529,29,2026-02-28,132,7
16530,30,2026-02-28,127,4
16531,31,2026-02-28,102,3
16532,32,2026-02-28,143,7
16533,33,2026-02-28,122,6
16534,34,2026-02-28,89,4
16535,35,2026-02-28,79,3
16536,36,2026-02-28,185,12
16537,37,2026-02-28,170,11
16538,38,2026-02-28,108,5
16539,39,2026-02-28,137,10
16540,40,2026-02-28,96,6
16541,41,2026-02-28,102,2
16542,42,2026-02-28,173,11
16543,43,2026-02-28,129,9
16544,44,2026-02-28,76,2
16545,45,2026-02-28,139,9
16546,46,2026-02-28,153,7
16547,47,2026-02-28,130,8
16548,48,2026-02-28,117,6
16549,49,2026-02-28,102,12
16550,50,2026-02-28,164,13
16551,51,2026-02-28,146,10
16552,52,2026-02-28,111,6
16553,53,2026-02-28,113,7
16554,54,2026-02-28,113,8
16555,55,2026-02-28,117,7
16556,56,2026-02-28,147,7
16557,57,2026-02-28,102,6
16558,58,2026-02-28,137,1
16559,59,2026-02-28,138,8
16560,60,2026-02-28,144,9
16561,61,2026-02-28,125,8
16562,62,2026-02-28,133,8
16563,63,2026-02-28,163,9
16564,64,2026-02-28,113,6
16565,65,2026-02-28,160,7
16566,66,2026-02-28,108,4
16567,67,2026-02-28,162,8
16568,68,2026-02-28,73,5
16569,69,2026-02-28,140,8
16570,70,2026-02-28,82,7
16571,71,2026-02-28,88,8
16572,72,2026-02-28,168,9
16573,73,2026-02-28,160,10
16574,74,2026-02-28,107,5
16575,75,2026-02-28,112,5
16576,76,2026-02-28,132,9
16577,77,2026-02-28,83,7
16578,78,2026-02-28,125,6
16579,79,2026-02-28,91,6
16580,80,2026-02-28,200,8
16581,81,2026-02-28,142,8
16582,82,2026-02-28,119,10
16583,83,2026-02-28,141,9
16584,84,2026-02-28,136,6
16585,85,2026-02-28,155,9
16586,86,2026-02-28,121,8
16587,87,2026-02-28,113,7
16588,88,2026-02-28,135,6
16589,89,2026-02-28,293,16
16590,90,2026-02-28,135,7
16591,91,2026-02-28,121,6
16592,92,2026-02-28,304,15
16593,93,2026-02-28,204,12
16594,94,2026-02-28,111,10
16595,95,2026-02-28,156,11
16596,96,2026-02-28,124,4
16597,97,2026-02-28,134,8
16598,98,2026-02-28,135,7
16599,99,2026-02-28,109,12
16600,100,2026-02-28,133,9
16601,1,2026-03-01,51,5
16602,2,2026-03-01,80,0
16603,3,2026-03-01,73,4
16604,4,2026-03-01,167,10
16605,5,2026-03-01,117,4
16606,6,2026-03-01,114,7
16607,7,2026-03-01,133,6
16608,8,2026-03-01,98,6
16609,9,2026-03-01,71,5
16610,10,2026-03-01,46,0
16611,11,2026-03-01,90,5
16612,12,2026-03-01,100,3
16613,13,2026-03-01,64,0
16614,14,2026-03-01,53,3
16615,15,2026-03-01,67,4
16616,16,2026-03-01,71,4
16617,17,2026-03-01,88,7
16618,18,2026-03-01,89,6
16619,19,2026-03-01,89,6
16620,20,2026-03-01,49,4
16621,21,2026-03-01,45,0
16622,22,2026-03-01,111,6
16623,23,2026-03-01,62,6
16624,24,2026-03-01,89,1
16625,25,2026-03-01,49,0
16626,26,2026-03-01,87,7
16627,27,2026-03-01,63,4
16628,28,2026-03-01,62,5
16629,29,2026-03-01,83,2
16630,30,2026-03-01,76,6
16631,31,2026-03-01,65,5
16632,32,2026-03-01,60,4
16633,33,2026-03-01,69,4
16634,34,2026-03-01,41,3
16635,35,2026-03-01,49,7
16636,36,2026-03-01,157,13
16637,37,2026-03-01,95,7
16638,38,2026-03-01,87,2
16639,39,2026-03-01,61,2
16640,40,2026-03-01,61,1
16641,41,2026-03-01,73,3
16642,42,2026-03-01,96,5
16643,43,2026-03-01,86,9
16644,44,2026-03-01,64,3
16645,45,2026-03-01,104,4
16646,46,2026-03-01,95,4
16647,47,2026-03-01,90,5
16648,48,2026-03-01,65,6
16649,49,2026-03-01,56,2
16650,50,2026-03-01,90,5
16651,51,2026-03-01,95,2
16652,52,2026-03-01,69,7
16653,53,2026-03-01,66,0
16654,54,2026-03-01,77,3
16655,55,2026-03-01,70,5
16656,56,2026-03-01,80,5
16657,57,2026-03-01,55,2
16658,58,2026-03-01,90,4
16659,59,2026-03-01,95,8
16660,60,2026-03-01,82,4
16661,61,2026-03-01,75,4
16662,62,2026-03-01,89,6
16663,63,2026-03-01,92,3
16664,64,2026-03-01,58,2
16665,65,2026-03-01,107,5
16666,66,2026-03-01,64,2
16667,67,2026-03-01,82,4
16668,68,2026-03-01,22,1
16669,69,2026-03-01,94,6
16670,70,2026-03-01,52,0
16671,71,2026-03-01,85,3
16672,72,2026-03-01,73,3
16673,73,2026-03-01,92,1
16674,74,2026-03-01,86,1
16675,75,2026-03-01,91,5
16676,76,2026-03-01,53,4
16677,77,2026-03-01,54,5
16678,78,2026-03-01,69,6
16679,79,2026-03-01,50,3
16680,80,2026-03-01,123,7
16681,81,2026-03-01,93,5
16682,82,2026-03-01,99,5
16683,83,2026-03-01,105,8
16684,84,2026-03-01,69,3
16685,85,2026-03-01,92,5
16686,86,2026-03-01,38,3
16687,87,2026-03-01,82,2
16688,88,2026-03-01,86,0
16689,89,2026-03-01,123,5
16690,90,2026-03-01,68,2
16691,91,2026-03-01,59,0
16692,92,2026-03-01,173,8
16693,93,2026-03-01,84,4
16694,94,2026-03-01,70,4
16695,95,2026-03-01,110,4
16696,96,2026-03-01,48,6
16697,97,2026-03-01,58,1
16698,98,2026-03-01,93,2
16699,99,2026-03-01,82,0
16700,100,2026-03-01,77,4
16701,1,2026-03-02,166,9
16702,2,2026-03-02,182,10
16703,3,2026-03-02,206,10
16704,4,2026-03-02,240,15
16705,5,2026-03-02,241,10
16706,6,2026-03-02,261,13
16707,7,2026-03-02,349,19
16708,8,2026-03-02,264,15
16709,9,2026-03-02,220,11
16710,10,2026-03-02,136,8
16711,11,2026-03-02,182,9
16712,12,2026-03-02,188,13
16713,13,2026-03-02,128,9
16714,14,2026-03-02,202,13
16715,15,2026-03-02,154,9
16716,16,2026-03-02,219,18
16717,17,2026-03-02,234,12
16718,18,2026-03-02,157,10
16719,19,2026-03-02,191,11
16720,20,2026-03-02,116,6
16721,21,2026-03-02,111,4
16722,22,2026-03-02,181,8
16723,23,2026-03-02,138,7
16724,24,2026-03-02,212,17
16725,25,2026-03-02,136,6
16726,26,2026-03-02,190,9
16727,27,2026-03-02,165,7
16728,28,2026-03-02,134,9
16729,29,2026-03-02,210,11
16730,30,2026-03-02,181,13
16731,31,2026-03-02,154,4
16732,32,2026-03-02,188,15
16733,33,2026-03-02,137,6
16734,34,2026-03-02,103,10
16735,35,2026-03-02,113,9
16736,36,2026-03-02,227,15
16737,37,2026-03-02,189,13
16738,38,2026-03-02,178,12
16739,39,2026-03-02,159,10
16740,40,2026-03-02,123,4
16741,41,2026-03-02,151,8
16742,42,2026-03-02,238,14
16743,43,2026-03-02,132,6
16744,44,2026-03-02,108,5
16745,45,2026-03-02,177,12
16746,46,2026-03-02,190,13
16747,47,2026-03-02,165,9
16748,48,2026-03-02,150,8
16749,49,2026-03-02,144,8
16750,50,2026-03-02,200,12
16751,51,2026-03-02,223,12
16752,52,2026-03-02,136,9
16753,53,2026-03-02,100,3
16754,54,2026-03-02,137,5
16755,55,2026-03-02,168,8
16756,56,2026-03-02,177,11
16757,57,2026-03-02,117,5
16758,58,2026-03-02,211,10
16759,59,2026-03-02,160,11
16760,60,2026-03-02,156,11
16761,61,2026-03-02,206,9
16762,62,2026-03-02,156,7
16763,63,2026-03-02,224,15
16764,64,2026-03-02,143,8
16765,65,2026-03-02,226,17
16766,66,2026-03-02,159,6
16767,67,2026-03-02,218,13
16768,68,2026-03-02,78,5
16769,69,2026-03-02,198,12
16770,70,2026-03-02,100,5
16771,71,2026-03-02,206,15
16772,72,2026-03-02,229,14
16773,73,2026-03-02,212,9
16774,74,2026-03-02,145,10
16775,75,2026-03-02,204,18
16776,76,2026-03-02,152,5
16777,77,2026-03-02,115,7
16778,78,2026-03-02,168,10
16779,79,2026-03-02,146,7
16780,80,2026-03-02,280,13
16781,81,2026-03-02,160,7
16782,82,2026-03-02,182,5
16783,83,2026-03-02,178,9
16784,84,2026-03-02,149,8
16785,85,2026-03-02,216,9
16786,86,2026-03-02,114,7
16787,87,2026-03-02,168,10
16788,88,2026-03-02,167,11
16789,89,2026-03-02,294,15
16790,90,2026-03-02,202,11
16791,91,2026-03-02,151,7
16792,92,2026-03-02,439,26
16793,93,2026-03-02,227,12
16794,94,2026-03-02,156,10
16795,95,2026-03-02,234,15
16796,96,2026-03-02,132,3
16797,97,2026-03-02,182,10
16798,98,2026-03-02,169,10
16799,99,2026-03-02,155,8
16800,100,2026-03-02,213,11
16801,1,2026-03-03,136,0
16802,2,2026-03-03,140,10
16803,3,2026-03-03,161,11
16804,4,2026-03-03,224,13
16805,5,2026-03-03,190,13
16806,6,2026-03-03,234,13
16807,7,2026-03-03,231,12
16808,8,2026-03-03,227,14
16809,9,2026-03-03,155,5
16810,10,2026-03-03,136,4
16811,11,2026-03-03,153,9
16812,12,2026-03-03,200,11
16813,13,2026-03-03,101,6
16814,14,2026-03-03,155,9
16815,15,2026-03-03,129,8
16816,16,2026-03-03,187,13
16817,17,2026-03-03,220,18
16818,18,2026-03-03,167,9
16819,19,2026-03-03,163,10
16820,20,2026-03-03,81,1
16821,21,2026-03-03,121,9
16822,22,2026-03-03,190,11
16823,23,2026-03-03,106,5
16824,24,2026-03-03,197,9
16825,25,2026-03-03,116,5
16826,26,2026-03-03,201,11
16827,27,2026-03-03,131,6
16828,28,2026-03-03,102,4
16829,29,2026-03-03,175,7
16830,30,2026-03-03,159,11
16831,31,2026-03-03,137,7
16832,32,2026-03-03,144,10
16833,33,2026-03-03,123,11
16834,34,2026-03-03,95,6
16835,35,2026-03-03,110,8
16836,36,2026-03-03,213,11
16837,37,2026-03-03,152,8
16838,38,2026-03-03,148,9
16839,39,2026-03-03,144,10
16840,40,2026-03-03,114,8
16841,41,2026-03-03,127,4
16842,42,2026-03-03,205,13
16843,43,2026-03-03,156,10
16844,44,2026-03-03,84,3
16845,45,2026-03-03,155,8
16846,46,2026-03-03,165,7
16847,47,2026-03-03,141,7
16848,48,2026-03-03,106,7
16849,49,2026-03-03,151,8
16850,50,2026-03-03,162,7
16851,51,2026-03-03,164,10
16852,52,2026-03-03,127,6
16853,53,2026-03-03,90,7
16854,54,2026-03-03,127,7
16855,55,2026-03-03,155,8
16856,56,2026-03-03,189,9
16857,57,2026-03-03,97,5
16858,58,2026-03-03,158,8
16859,59,2026-03-03,172,9
16860,60,2026-03-03,149,8
16861,61,2026-03-03,153,9
16862,62,2026-03-03,156,6
16863,63,2026-03-03,253,12
16864,64,2026-03-03,129,11
16865,65,2026-03-03,178,7
16866,66,2026-03-03,156,8
16867,67,2026-03-03,163,13
16868,68,2026-03-03,79,4
16869,69,2026-03-03,181,12
16870,70,2026-03-03,83,7
16871,71,2026-03-03,167,6
16872,72,2026-03-03,180,11
16873,73,2026-03-03,164,15
16874,74,2026-03-03,162,6
16875,75,2026-03-03,162,9
16876,76,2026-03-03,125,8
16877,77,2026-03-03,84,4
16878,78,2026-03-03,130,5
16879,79,2026-03-03,108,7
16880,80,2026-03-03,219,11
16881,81,2026-03-03,156,7
16882,82,2026-03-03,135,8
16883,83,2026-03-03,174,9
16884,84,2026-03-03,176,8
16885,85,2026-03-03,189,8
16886,86,2026-03-03,120,7
16887,87,2026-03-03,119,8
16888,88,2026-03-03,156,7
16889,89,2026-03-03,251,18
16890,90,2026-03-03,171,6
16891,91,2026-03-03,110,3
16892,92,2026-03-03,333,17
16893,93,2026-03-03,190,13
16894,94,2026-03-03,179,8
16895,95,2026-03-03,158,10
16896,96,2026-03-03,130,5
16897,97,2026-03-03,158,7
16898,98,2026-03-03,155,10
16899,99,2026-03-03,179,9
16900,100,2026-03-03,176,14
16901,1,2026-03-04,122,5
16902,2,2026-03-04,126,6
16903,3,2026-03-04,188,8
16904,4,2026-03-04,283,16
16905,5,2026-03-04,203,10
16906,6,2026-03-04,233,14
16907,7,2026-03-04,304,22
16908,8,2026-03-04,226,14
16909,9,2026-03-04,163,9
16910,10,2026-03-04,109,9
16911,11,2026-03-04,171,11
16912,12,2026-03-04,178,12
16913,13,2026-03-04,120,4
16914,14,2026-03-04,157,12
16915,15,2026-03-04,131,8
16916,16,2026-03-04,149,9
16917,17,2026-03-04,212,14
16918,18,2026-03-04,164,11
16919,19,2026-03-04,129,5
16920,20,2026-03-04,99,8
16921,21,2026-03-04,131,6
16922,22,2026-03-04,185,13
16923,23,2026-03-04,112,10
16924,24,2026-03-04,191,13
16925,25,2026-03-04,128,7
16926,26,2026-03-04,166,6
16927,27,2026-03-04,137,8
16928,28,2026-03-04,94,8
16929,29,2026-03-04,179,4
16930,30,2026-03-04,152,10
16931,31,2026-03-04,139,6
16932,32,2026-03-04,172,10
16933,33,2026-03-04,144,7
16934,34,2026-03-04,93,6
16935,35,2026-03-04,106,6
16936,36,2026-03-04,212,11
16937,37,2026-03-04,153,9
16938,38,2026-03-04,132,7
16939,39,2026-03-04,131,8
16940,40,2026-03-04,115,7
16941,41,2026-03-04,136,7
16942,42,2026-03-04,157,9
16943,43,2026-03-04,144,12
16944,44,2026-03-04,95,7
16945,45,2026-03-04,172,10
16946,46,2026-03-04,164,4
16947,47,2026-03-04,161,11
16948,48,2026-03-04,142,7
16949,49,2026-03-04,153,11
16950,50,2026-03-04,164,10
16951,51,2026-03-04,162,4
16952,52,2026-03-04,111,2
16953,53,2026-03-04,104,4
16954,54,2026-03-04,115,2
16955,55,2026-03-04,133,10
16956,56,2026-03-04,168,11
16957,57,2026-03-04,86,7
16958,58,2026-03-04,188,14
16959,59,2026-03-04,147,11
16960,60,2026-03-04,137,11
16961,61,2026-03-04,184,9
16962,62,2026-03-04,132,12
16963,63,2026-03-04,195,13
16964,64,2026-03-04,95,4
16965,65,2026-03-04,188,11
16966,66,2026-03-04,124,4
16967,67,2026-03-04,225,12
16968,68,2026-03-04,78,7
16969,69,2026-03-04,176,9
16970,70,2026-03-04,78,5
16971,71,2026-03-04,153,9
16972,72,2026-03-04,198,10
16973,73,2026-03-04,193,10
16974,74,2026-03-04,121,7
16975,75,2026-03-04,139,9
16976,76,2026-03-04,132,8
16977,77,2026-03-04,99,6
16978,78,2026-03-04,161,7
16979,79,2026-03-04,125,9
16980,80,2026-03-04,192,13
16981,81,2026-03-04,137,6
16982,82,2026-03-04,130,7
16983,83,2026-03-04,167,13
16984,84,2026-03-04,169,6
16985,85,2026-03-04,141,8
16986,86,2026-03-04,108,5
16987,87,2026-03-04,126,7
16988,88,2026-03-04,162,14
16989,89,2026-03-04,227,10
16990,90,2026-03-04,163,8
16991,91,2026-03-04,133,6
16992,92,2026-03-04,383,23
16993,93,2026-03-04,174,12
16994,94,2026-03-04,171,9
16995,95,2026-03-04,211,15
16996,96,2026-03-04,117,7
16997,97,2026-03-04,163,9
16998,98,2026-03-04,176,11
16999,99,2026-03-04,134,10
17000,100,2026-03-04,203,15
17001,1,2026-03-05,134,8
17002,2,2026-03-05,112,4
17003,3,2026-03-05,174,5
17004,4,2026-03-05,216,13
17005,5,2026-03-05,176,9
17006,6,2026-03-05,216,14
17007,7,2026-03-05,254,16
17008,8,2026-03-05,193,11
17009,9,2026-03-05,136,11
17010,10,2026-03-05,104,4
17011,11,2026-03-05,106,6
17012,12,2026-03-05,153,10
17013,13,2026-03-05,115,9
17014,14,2026-03-05,161,9
17015,15,2026-03-05,118,11
17016,16,2026-03-05,197,12
17017,17,2026-03-05,191,9
17018,18,2026-03-05,110,6
17019,19,2026-03-05,141,7
17020,20,2026-03-05,102,3
17021,21,2026-03-05,105,4
17022,22,2026-03-05,166,8
17023,23,2026-03-05,88,8
17024,24,2026-03-05,186,13
17025,25,2026-03-05,110,6
17026,26,2026-03-05,170,9
17027,27,2026-03-05,120,6
17028,28,2026-03-05,88,5
17029,29,2026-03-05,159,12
17030,30,2026-03-05,150,6
17031,31,2026-03-05,95,0
17032,32,2026-03-05,141,8
17033,33,2026-03-05,89,3
17034,34,2026-03-05,83,6
17035,35,2026-03-05,100,3
17036,36,2026-03-05,203,13
17037,37,2026-03-05,125,11
17038,38,2026-03-05,122,5
17039,39,2026-03-05,116,10
17040,40,2026-03-05,125,6
17041,41,2026-03-05,135,5
17042,42,2026-03-05,253,14
17043,43,2026-03-05,136,3
17044,44,2026-03-05,92,6
17045,45,2026-03-05,167,10
17046,46,2026-03-05,156,11
17047,47,2026-03-05,153,8
17048,48,2026-03-05,105,4
17049,49,2026-03-05,109,5
17050,50,2026-03-05,158,9
17051,51,2026-03-05,166,10
17052,52,2026-03-05,107,5
17053,53,2026-03-05,97,3
17054,54,2026-03-05,95,2
17055,55,2026-03-05,119,8
17056,56,2026-03-05,171,10
17057,57,2026-03-05,88,3
17058,58,2026-03-05,161,9
17059,59,2026-03-05,113,2
17060,60,2026-03-05,135,8
17061,61,2026-03-05,141,9
17062,62,2026-03-05,122,7
17063,63,2026-03-05,166,8
17064,64,2026-03-05,99,6
17065,65,2026-03-05,159,11
17066,66,2026-03-05,139,11
17067,67,2026-03-05,163,6
17068,68,2026-03-05,62,3
17069,69,2026-03-05,152,5
17070,70,2026-03-05,69,4
17071,71,2026-03-05,152,8
17072,72,2026-03-05,175,9
17073,73,2026-03-05,146,10
17074,74,2026-03-05,102,7
17075,75,2026-03-05,115,8
17076,76,2026-03-05,129,13
17077,77,2026-03-05,85,4
17078,78,2026-03-05,133,6
17079,79,2026-03-05,118,6
17080,80,2026-03-05,199,11
17081,81,2026-03-05,130,6
17082,82,2026-03-05,114,4
17083,83,2026-03-05,152,8
17084,84,2026-03-05,116,8
17085,85,2026-03-05,134,7
17086,86,2026-03-05,118,6
17087,87,2026-03-05,129,7
17088,88,2026-03-05,152,7
17089,89,2026-03-05,236,18
17090,90,2026-03-05,148,7
17091,91,2026-03-05,129,5
17092,92,2026-03-05,325,20
17093,93,2026-03-05,159,8
17094,94,2026-03-05,131,4
17095,95,2026-03-05,154,9
17096,96,2026-03-05,109,4
17097,97,2026-03-05,136,10
17098,98,2026-03-05,156,12
17099,99,2026-03-05,148,8
17100,100,2026-03-05,145,6
17101,1,2026-03-06,126,10
17102,2,2026-03-06,122,8
17103,3,2026-03-06,178,13
17104,4,2026-03-06,198,12
17105,5,2026-03-06,193,8
17106,6,2026-03-06,187,8
17107,7,2026-03-06,238,15
17108,8,2026-03-06,209,9
17109,9,2026-03-06,147,11
17110,10,2026-03-06,116,6
17111,11,2026-03-06,162,5
17112,12,2026-03-06,159,10
17113,13,2026-03-06,120,10
17114,14,2026-03-06,139,9
17115,15,2026-03-06,126,5
17116,16,2026-03-06,201,11
17117,17,2026-03-06,210,12
17118,18,2026-03-06,118,5
17119,19,2026-03-06,114,7
17120,20,2026-03-06,89,8
17121,21,2026-03-06,106,3
17122,22,2026-03-06,178,11
17123,23,2026-03-06,93,5
17124,24,2026-03-06,154,9
17125,25,2026-03-06,98,7
17126,26,2026-03-06,186,11
17127,27,2026-03-06,130,8
17128,28,2026-03-06,104,7
17129,29,2026-03-06,149,7
17130,30,2026-03-06,135,9
17131,31,2026-03-06,109,4
17132,32,2026-03-06,132,9
17133,33,2026-03-06,117,7
17134,34,2026-03-06,83,7
17135,35,2026-03-06,79,4
17136,36,2026-03-06,217,12
17137,37,2026-03-06,183,13
17138,38,2026-03-06,122,5
17139,39,2026-03-06,122,6
17140,40,2026-03-06,95,3
17141,41,2026-03-06,116,5
17142,42,2026-03-06,271,14
17143,43,2026-03-06,123,7
17144,44,2026-03-06,73,4
17145,45,2026-03-06,160,8
17146,46,2026-03-06,149,4
17147,47,2026-03-06,135,7
17148,48,2026-03-06,100,8
17149,49,2026-03-06,106,6
17150,50,2026-03-06,146,8
17151,51,2026-03-06,147,9
17152,52,2026-03-06,112,8
17153,53,2026-03-06,91,3
17154,54,2026-03-06,105,6
17155,55,2026-03-06,127,9
17156,56,2026-03-06,161,12
17157,57,2026-03-06,98,6
17158,58,2026-03-06,174,9
17159,59,2026-03-06,140,5
17160,60,2026-03-06,112,7
17161,61,2026-03-06,165,7
17162,62,2026-03-06,129,6
17163,63,2026-03-06,188,10
17164,64,2026-03-06,109,6
17165,65,2026-03-06,169,8
17166,66,2026-03-06,134,8
17167,67,2026-03-06,177,10
17168,68,2026-03-06,77,0
17169,69,2026-03-06,138,8
17170,70,2026-03-06,84,5
17171,71,2026-03-06,137,9
17172,72,2026-03-06,223,15
17173,73,2026-03-06,165,8
17174,74,2026-03-06,103,7
17175,75,2026-03-06,138,6
17176,76,2026-03-06,150,6
17177,77,2026-03-06,80,3
17178,78,2026-03-06,126,9
17179,79,2026-03-06,91,5
17180,80,2026-03-06,271,15
17181,81,2026-03-06,123,7
17182,82,2026-03-06,139,8
17183,83,2026-03-06,168,9
17184,84,2026-03-06,147,10
17185,85,2026-03-06,129,9
17186,86,2026-03-06,108,7
17187,87,2026-03-06,143,10
17188,88,2026-03-06,145,5
17189,89,2026-03-06,240,12
17190,90,2026-03-06,137,7
17191,91,2026-03-06,132,9
17192,92,2026-03-06,275,13
17193,93,2026-03-06,146,9
17194,94,2026-03-06,143,6
17195,95,2026-03-06,184,7
17196,96,2026-03-06,92,5
17197,97,2026-03-06,125,10
17198,98,2026-03-06,143,11
17199,99,2026-03-06,130,10
17200,100,2026-03-06,134,10
17201,1,2026-03-07,147,9
17202,2,2026-03-07,143,13
17203,3,2026-03-07,149,7
17204,4,2026-03-07,247,21
17205,5,2026-03-07,184,11
17206,6,2026-03-07,188,11
17207,7,2026-03-07,238,16
17208,8,2026-03-07,184,11
17209,9,2026-03-07,149,9
17210,10,2026-03-07,101,8
17211,11,2026-03-07,183,14
17212,12,2026-03-07,155,8
17213,13,2026-03-07,96,3
17214,14,2026-03-07,141,6
17215,15,2026-03-07,121,7
17216,16,2026-03-07,183,9
17217,17,2026-03-07,200,12
17218,18,2026-03-07,140,9
17219,19,2026-03-07,127,6
17220,20,2026-03-07,83,5
17221,21,2026-03-07,105,3
17222,22,2026-03-07,160,9
17223,23,2026-03-07,116,6
17224,24,2026-03-07,208,8
17225,25,2026-03-07,117,3
17226,26,2026-03-07,188,10
17227,27,2026-03-07,103,5
17228,28,2026-03-07,98,6
17229,29,2026-03-07,175,12
17230,30,2026-03-07,142,6
17231,31,2026-03-07,118,3
17232,32,2026-03-07,135,8
17233,33,2026-03-07,119,7
17234,34,2026-03-07,74,1
17235,35,2026-03-07,98,6
17236,36,2026-03-07,208,12
17237,37,2026-03-07,163,10
17238,38,2026-03-07,122,6
17239,39,2026-03-07,123,3
17240,40,2026-03-07,83,5
17241,41,2026-03-07,93,6
17242,42,2026-03-07,254,14
17243,43,2026-03-07,148,10
17244,44,2026-03-07,80,7
17245,45,2026-03-07,160,8
17246,46,2026-03-07,158,8
17247,47,2026-03-07,166,9
17248,48,2026-03-07,96,3
17249,49,2026-03-07,112,3
17250,50,2026-03-07,132,9
17251,51,2026-03-07,144,10
17252,52,2026-03-07,122,5
17253,53,2026-03-07,105,7
17254,54,2026-03-07,104,8
17255,55,2026-03-07,120,4
17256,56,2026-03-07,170,11
17257,57,2026-03-07,100,2
17258,58,2026-03-07,140,10
17259,59,2026-03-07,124,7
17260,60,2026-03-07,108,3
17261,61,2026-03-07,175,10
17262,62,2026-03-07,127,3
17263,63,2026-03-07,181,13
17264,64,2026-03-07,116,5
17265,65,2026-03-07,163,8
17266,66,2026-03-07,130,7
17267,67,2026-03-07,136,7
17268,68,2026-03-07,67,1
17269,69,2026-03-07,153,6
17270,70,2026-03-07,81,4
17271,71,2026-03-07,129,9
17272,72,2026-03-07,174,11
17273,73,2026-03-07,171,6
17274,74,2026-03-07,143,9
17275,75,2026-03-07,129,6
17276,76,2026-03-07,137,10
17277,77,2026-03-07,103,9
17278,78,2026-03-07,124,7
17279,79,2026-03-07,80,3
17280,80,2026-03-07,232,11
17281,81,2026-03-07,123,3
17282,82,2026-03-07,135,6
17283,83,2026-03-07,141,12
17284,84,2026-03-07,157,12
17285,85,2026-03-07,156,8
17286,86,2026-03-07,103,4
17287,87,2026-03-07,114,8
17288,88,2026-03-07,132,5
17289,89,2026-03-07,221,14
17290,90,2026-03-07,165,9
17291,91,2026-03-07,121,7
17292,92,2026-03-07,315,18
17293,93,2026-03-07,150,7
17294,94,2026-03-07,132,6
17295,95,2026-03-07,152,7
17296,96,2026-03-07,111,6
17297,97,2026-03-07,113,7
17298,98,2026-03-07,152,8
17299,99,2026-03-07,133,8
17300,100,2026-03-07,130,8
17301,1,2026-03-08,70,5
17302,2,2026-03-08,42,2
17303,3,2026-03-08,77,7
17304,4,2026-03-08,139,8
17305,5,2026-03-08,122,9
17306,6,2026-03-08,125,5
17307,7,2026-03-08,97,6
17308,8,2026-03-08,98,6
17309,9,2026-03-08,87,4
17310,10,2026-03-08,62,0
17311,11,2026-03-08,80,8
17312,12,2026-03-08,95,2
17313,13,2026-03-08,64,0
17314,14,2026-03-08,84,6
17315,15,2026-03-08,55,6
17316,16,2026-03-08,87,3
17317,17,2026-03-08,94,5
17318,18,2026-03-08,92,5
17319,19,2026-03-08,50,3
17320,20,2026-03-08,48,2
17321,21,2026-03-08,50,1
17322,22,2026-03-08,104,4
17323,23,2026-03-08,43,0
17324,24,2026-03-08,84,5
17325,25,2026-03-08,49,1
17326,26,2026-03-08,94,5
17327,27,2026-03-08,62,3
17328,28,2026-03-08,43,0
17329,29,2026-03-08,99,4
17330,30,2026-03-08,85,8
17331,31,2026-03-08,58,1
17332,32,2026-03-08,67,2
17333,33,2026-03-08,73,0
17334,34,2026-03-08,49,3
17335,35,2026-03-08,45,0
17336,36,2026-03-08,103,7
17337,37,2026-03-08,86,0
17338,38,2026-03-08,47,2
17339,39,2026-03-08,69,1
17340,40,2026-03-08,62,4
17341,41,2026-03-08,49,5
17342,42,2026-03-08,111,7
17343,43,2026-03-08,75,5
17344,44,2026-03-08,31,1
17345,45,2026-03-08,67,2
17346,46,2026-03-08,64,0
17347,47,2026-03-08,89,6
17348,48,2026-03-08,49,5
17349,49,2026-03-08,84,6
17350,50,2026-03-08,60,3
17351,51,2026-03-08,122,5
17352,52,2026-03-08,82,0
17353,53,2026-03-08,69,0
17354,54,2026-03-08,51,2
17355,55,2026-03-08,53,3
17356,56,2026-03-08,86,5
17357,57,2026-03-08,44,5
17358,58,2026-03-08,98,6
17359,59,2026-03-08,81,3
17360,60,2026-03-08,30,3
17361,61,2026-03-08,84,5
17362,62,2026-03-08,91,6
17363,63,2026-03-08,120,7
17364,64,2026-03-08,61,1
17365,65,2026-03-08,91,3
17366,66,2026-03-08,60,2
17367,67,2026-03-08,93,9
17368,68,2026-03-08,33,5
17369,69,2026-03-08,82,4
17370,70,2026-03-08,54,4
17371,71,2026-03-08,42,3
17372,72,2026-03-08,80,6
17373,73,2026-03-08,100,2
17374,74,2026-03-08,61,4
17375,75,2026-03-08,62,3
17376,76,2026-03-08,71,6
17377,77,2026-03-08,37,3
17378,78,2026-03-08,67,6
17379,79,2026-03-08,50,4
17380,80,2026-03-08,140,7
17381,81,2026-03-08,64,5
17382,82,2026-03-08,67,5
17383,83,2026-03-08,91,1
17384,84,2026-03-08,85,5
17385,85,2026-03-08,107,2
17386,86,2026-03-08,61,6
17387,87,2026-03-08,75,3
17388,88,2026-03-08,75,4
17389,89,2026-03-08,95,5
17390,90,2026-03-08,78,4
17391,91,2026-03-08,67,4
17392,92,2026-03-08,131,6
17393,93,2026-03-08,104,4
17394,94,2026-03-08,83,8
17395,95,2026-03-08,100,4
17396,96,2026-03-08,59,3
17397,97,2026-03-08,65,3
17398,98,2026-03-08,74,4
17399,99,2026-03-08,68,4
17400,100,2026-03-08,92,5
17401,1,2026-03-09,146,8
17402,2,2026-03-09,178,9
17403,3,2026-03-09,220,13
17404,4,2026-03-09,270,17
17405,5,2026-03-09,248,13
17406,6,2026-03-09,244,14
17407,7,2026-03-09,349,21
17408,8,2026-03-09,304,19
17409,9,2026-03-09,174,12
17410,10,2026-03-09,145,7
17411,11,2026-03-09,222,13
17412,12,2026-03-09,202,15
17413,13,2026-03-09,123,5
17414,14,2026-03-09,225,13
17415,15,2026-03-09,142,7
17416,16,2026-03-09,227,13
17417,17,2026-03-09,213,10
17418,18,2026-03-09,184,10
17419,19,2026-03-09,161,8
17420,20,2026-03-09,119,7
17421,21,2026-03-09,139,7
17422,22,2026-03-09,214,13
17423,23,2026-03-09,113,6
17424,24,2026-03-09,180,11
17425,25,2026-03-09,123,10
17426,26,2026-03-09,237,14
17427,27,2026-03-09,163,7
17428,28,2026-03-09,134,6
17429,29,2026-03-09,189,9
17430,30,2026-03-09,168,8
17431,31,2026-03-09,154,9
17432,32,2026-03-09,162,7
17433,33,2026-03-09,138,9
17434,34,2026-03-09,112,7
17435,35,2026-03-09,126,7
17436,36,2026-03-09,273,18
17437,37,2026-03-09,215,9
17438,38,2026-03-09,143,9
17439,39,2026-03-09,159,6
17440,40,2026-03-09,145,11
17441,41,2026-03-09,123,6
17442,42,2026-03-09,184,8
17443,43,2026-03-09,161,8
17444,44,2026-03-09,112,9
17445,45,2026-03-09,218,15
17446,46,2026-03-09,183,8
17447,47,2026-03-09,178,8
17448,48,2026-03-09,158,5
17449,49,2026-03-09,166,8
17450,50,2026-03-09,197,10
17451,51,2026-03-09,221,12
17452,52,2026-03-09,147,11
17453,53,2026-03-09,145,5
17454,54,2026-03-09,152,8
17455,55,2026-03-09,173,8
17456,56,2026-03-09,207,13
17457,57,2026-03-09,145,8
17458,58,2026-03-09,204,14
17459,59,2026-03-09,166,10
17460,60,2026-03-09,149,9
17461,61,2026-03-09,162,15
17462,62,2026-03-09,172,12
17463,63,2026-03-09,236,12
17464,64,2026-03-09,145,8
17465,65,2026-03-09,243,15
17466,66,2026-03-09,155,14
17467,67,2026-03-09,200,10
17468,68,2026-03-09,104,3
17469,69,2026-03-09,192,8
17470,70,2026-03-09,87,6
17471,71,2026-03-09,207,12
17472,72,2026-03-09,247,13
17473,73,2026-03-09,205,9
17474,74,2026-03-09,160,11
17475,75,2026-03-09,203,12
17476,76,2026-03-09,163,9
17477,77,2026-03-09,90,5
17478,78,2026-03-09,156,9
17479,79,2026-03-09,136,3
17480,80,2026-03-09,298,18
17481,81,2026-03-09,160,12
17482,82,2026-03-09,167,10
17483,83,2026-03-09,188,9
17484,84,2026-03-09,219,10
17485,85,2026-03-09,178,6
17486,86,2026-03-09,143,8
17487,87,2026-03-09,154,11
17488,88,2026-03-09,177,13
17489,89,2026-03-09,278,15
17490,90,2026-03-09,174,8
17491,91,2026-03-09,177,11
17492,92,2026-03-09,458,25
17493,93,2026-03-09,216,13
17494,94,2026-03-09,173,6
17495,95,2026-03-09,240,17
17496,96,2026-03-09,126,8
17497,97,2026-03-09,195,10
17498,98,2026-03-09,186,14
17499,99,2026-03-09,170,11
17500,100,2026-03-09,195,12
17501,1,2026-03-10,135,7
17502,2,2026-03-10,160,10
17503,3,2026-03-10,151,6
17504,4,2026-03-10,257,13
17505,5,2026-03-10,206,13
17506,6,2026-03-10,233,15
17507,7,2026-03-10,304,19
17508,8,2026-03-10,213,15
17509,9,2026-03-10,146,12
17510,10,2026-03-10,129,7
17511,11,2026-03-10,152,9
17512,12,2026-03-10,199,13
17513,13,2026-03-10,119,3
17514,14,2026-03-10,188,9
17515,15,2026-03-10,159,10
17516,16,2026-03-10,206,13
17517,17,2026-03-10,232,13
17518,18,2026-03-10,150,10
17519,19,2026-03-10,121,8
17520,20,2026-03-10,90,7
17521,21,2026-03-10,110,9
17522,22,2026-03-10,164,11
17523,23,2026-03-10,91,4
17524,24,2026-03-10,190,10
17525,25,2026-03-10,104,3
17526,26,2026-03-10,175,13
17527,27,2026-03-10,161,10
17528,28,2026-03-10,104,6
17529,29,2026-03-10,166,12
17530,30,2026-03-10,141,9
17531,31,2026-03-10,114,7
17532,32,2026-03-10,132,8
17533,33,2026-03-10,111,6
17534,34,2026-03-10,98,3
17535,35,2026-03-10,94,7
17536,36,2026-03-10,292,19
17537,37,2026-03-10,198,10
17538,38,2026-03-10,131,11
17539,39,2026-03-10,112,8
17540,40,2026-03-10,142,9
17541,41,2026-03-10,140,9
17542,42,2026-03-10,190,11
17543,43,2026-03-10,155,7
17544,44,2026-03-10,100,4
17545,45,2026-03-10,170,13
17546,46,2026-03-10,174,10
17547,47,2026-03-10,129,10
17548,48,2026-03-10,129,7
17549,49,2026-03-10,141,12
17550,50,2026-03-10,166,11
17551,51,2026-03-10,181,11
17552,52,2026-03-10,126,5
17553,53,2026-03-10,127,1
17554,54,2026-03-10,126,5
17555,55,2026-03-10,136,7
17556,56,2026-03-10,157,8
17557,57,2026-03-10,99,5
17558,58,2026-03-10,169,10
17559,59,2026-03-10,161,10
17560,60,2026-03-10,119,4
17561,61,2026-03-10,133,6
17562,62,2026-03-10,158,8
17563,63,2026-03-10,213,11
17564,64,2026-03-10,118,6
17565,65,2026-03-10,164,7
17566,66,2026-03-10,155,12
17567,67,2026-03-10,202,13
17568,68,2026-03-10,85,4
17569,69,2026-03-10,178,8
17570,70,2026-03-10,88,3
17571,71,2026-03-10,174,8
17572,72,2026-03-10,194,11
17573,73,2026-03-10,195,10
17574,74,2026-03-10,133,8
17575,75,2026-03-10,156,10
17576,76,2026-03-10,143,6
17577,77,2026-03-10,92,6
17578,78,2026-03-10,128,6
17579,79,2026-03-10,116,7
17580,80,2026-03-10,243,14
17581,81,2026-03-10,135,9
17582,82,2026-03-10,162,9
17583,83,2026-03-10,169,10
17584,84,2026-03-10,179,9
17585,85,2026-03-10,172,10
17586,86,2026-03-10,114,8
17587,87,2026-03-10,121,9
17588,88,2026-03-10,143,9
17589,89,2026-03-10,246,14
17590,90,2026-03-10,131,7
17591,91,2026-03-10,173,6
17592,92,2026-03-10,316,23
17593,93,2026-03-10,188,11
17594,94,2026-03-10,179,13
17595,95,2026-03-10,180,10
17596,96,2026-03-10,113,8
17597,97,2026-03-10,164,10
17598,98,2026-03-10,149,13
17599,99,2026-03-10,150,9
17600,100,2026-03-10,158,9
17601,1,2026-03-11,146,7
17602,2,2026-03-11,180,12
17603,3,2026-03-11,166,9
17604,4,2026-03-11,262,16
17605,5,2026-03-11,195,10
17606,6,2026-03-11,234,12
17607,7,2026-03-11,265,17
17608,8,2026-03-11,232,12
17609,9,2026-03-11,180,11
17610,10,2026-03-11,126,7
17611,11,2026-03-11,155,7
17612,12,2026-03-11,153,11
17613,13,2026-03-11,117,6
17614,14,2026-03-11,175,11
17615,15,2026-03-11,130,6
17616,16,2026-03-11,228,16
17617,17,2026-03-11,229,13
17618,18,2026-03-11,151,6
17619,19,2026-03-11,156,9
17620,20,2026-03-11,98,3
17621,21,2026-03-11,116,9
17622,22,2026-03-11,201,12
17623,23,2026-03-11,104,3
17624,24,2026-03-11,212,12
17625,25,2026-03-11,127,7
17626,26,2026-03-11,163,5
17627,27,2026-03-11,136,8
17628,28,2026-03-11,106,5
17629,29,2026-03-11,180,11
17630,30,2026-03-11,156,10
17631,31,2026-03-11,115,9
17632,32,2026-03-11,133,9
17633,33,2026-03-11,151,9
17634,34,2026-03-11,94,5
17635,35,2026-03-11,114,7
17636,36,2026-03-11,232,13
17637,37,2026-03-11,171,7
17638,38,2026-03-11,141,9
17639,39,2026-03-11,147,7
17640,40,2026-03-11,136,9
17641,41,2026-03-11,116,7
17642,42,2026-03-11,194,12
17643,43,2026-03-11,140,5
17644,44,2026-03-11,97,7
17645,45,2026-03-11,208,13
17646,46,2026-03-11,175,8
17647,47,2026-03-11,150,8
17648,48,2026-03-11,105,8
17649,49,2026-03-11,120,12
17650,50,2026-03-11,185,12
17651,51,2026-03-11,191,9
17652,52,2026-03-11,121,9
17653,53,2026-03-11,111,9
17654,54,2026-03-11,110,10
17655,55,2026-03-11,132,10
17656,56,2026-03-11,179,10
17657,57,2026-03-11,99,7
17658,58,2026-03-11,165,6
17659,59,2026-03-11,143,7
17660,60,2026-03-11,117,6
17661,61,2026-03-11,171,10
17662,62,2026-03-11,148,10
17663,63,2026-03-11,167,11
17664,64,2026-03-11,122,8
17665,65,2026-03-11,171,12
17666,66,2026-03-11,153,4
17667,67,2026-03-11,191,11
17668,68,2026-03-11,72,4
17669,69,2026-03-11,165,12
17670,70,2026-03-11,92,4
17671,71,2026-03-11,147,9
17672,72,2026-03-11,202,8
17673,73,2026-03-11,168,9
17674,74,2026-03-11,147,6
17675,75,2026-03-11,137,11
17676,76,2026-03-11,146,9
17677,77,2026-03-11,82,4
17678,78,2026-03-11,131,10
17679,79,2026-03-11,123,11
17680,80,2026-03-11,236,15
17681,81,2026-03-11,177,8
17682,82,2026-03-11,147,11
17683,83,2026-03-11,157,10
17684,84,2026-03-11,158,13
17685,85,2026-03-11,183,12
17686,86,2026-03-11,134,7
17687,87,2026-03-11,138,8
17688,88,2026-03-11,147,8
17689,89,2026-03-11,250,16
17690,90,2026-03-11,165,10
17691,91,2026-03-11,133,7
17692,92,2026-03-11,344,21
17693,93,2026-03-11,177,11
17694,94,2026-03-11,139,7
17695,95,2026-03-11,200,8
17696,96,2026-03-11,129,6
17697,97,2026-03-11,131,6
17698,98,2026-03-11,166,12
17699,99,2026-03-11,145,6
17700,100,2026-03-11,175,10
17701,1,2026-03-12,115,6
17702,2,2026-03-12,138,6
17703,3,2026-03-12,140,7
17704,4,2026-03-12,220,13
17705,5,2026-03-12,172,8
17706,6,2026-03-12,162,9
17707,7,2026-03-12,252,13
17708,8,2026-03-12,196,12
17709,9,2026-03-12,130,9
17710,10,2026-03-12,105,5
17711,11,2026-03-12,127,8
17712,12,2026-03-12,165,11
17713,13,2026-03-12,131,8
17714,14,2026-03-12,139,9
17715,15,2026-03-12,122,6
17716,16,2026-03-12,187,14
17717,17,2026-03-12,180,13
17718,18,2026-03-12,143,6
17719,19,2026-03-12,131,7
17720,20,2026-03-12,94,4
17721,21,2026-03-12,100,7
17722,22,2026-03-12,137,6
17723,23,2026-03-12,93,3
17724,24,2026-03-12,172,7
17725,25,2026-03-12,105,6
17726,26,2026-03-12,150,6
17727,27,2026-03-12,108,5
17728,28,2026-03-12,90,6
17729,29,2026-03-12,144,6
17730,30,2026-03-12,144,9
17731,31,2026-03-12,124,8
17732,32,2026-03-12,127,6
17733,33,2026-03-12,101,4
17734,34,2026-03-12,67,0
17735,35,2026-03-12,82,2
17736,36,2026-03-12,216,13
17737,37,2026-03-12,145,8
17738,38,2026-03-12,100,7
17739,39,2026-03-12,122,8
17740,40,2026-03-12,115,7
17741,41,2026-03-12,120,4
17742,42,2026-03-12,184,15
17743,43,2026-03-12,138,8
17744,44,2026-03-12,70,6
17745,45,2026-03-12,131,8
17746,46,2026-03-12,147,10
17747,47,2026-03-12,148,7
17748,48,2026-03-12,115,6
17749,49,2026-03-12,109,5
17750,50,2026-03-12,128,5
17751,51,2026-03-12,152,11
17752,52,2026-03-12,92,7
17753,53,2026-03-12,110,8
17754,54,2026-03-12,112,6
17755,55,2026-03-12,122,9
17756,56,2026-03-12,149,8
17757,57,2026-03-12,91,4
17758,58,2026-03-12,156,9
17759,59,2026-03-12,140,5
17760,60,2026-03-12,109,6
17761,61,2026-03-12,144,8
17762,62,2026-03-12,119,9
17763,63,2026-03-12,208,12
17764,64,2026-03-12,125,8
17765,65,2026-03-12,179,8
17766,66,2026-03-12,132,12
17767,67,2026-03-12,179,8
17768,68,2026-03-12,77,7
17769,69,2026-03-12,126,7
17770,70,2026-03-12,72,5
17771,71,2026-03-12,148,7
17772,72,2026-03-12,162,5
17773,73,2026-03-12,144,7
17774,74,2026-03-12,109,6
17775,75,2026-03-12,129,4
17776,76,2026-03-12,132,7
17777,77,2026-03-12,60,3
17778,78,2026-03-12,117,10
17779,79,2026-03-12,114,5
17780,80,2026-03-12,236,13
17781,81,2026-03-12,124,8
17782,82,2026-03-12,131,3
17783,83,2026-03-12,170,9
17784,84,2026-03-12,167,10
17785,85,2026-03-12,159,8
17786,86,2026-03-12,86,0
17787,87,2026-03-12,143,5
17788,88,2026-03-12,124,8
17789,89,2026-03-12,254,16
17790,90,2026-03-12,151,8
17791,91,2026-03-12,123,6
17792,92,2026-03-12,304,17
17793,93,2026-03-12,149,9
17794,94,2026-03-12,136,7
17795,95,2026-03-12,207,15
17796,96,2026-03-12,103,5
17797,97,2026-03-12,151,8
17798,98,2026-03-12,113,8
17799,99,2026-03-12,118,7
17800,100,2026-03-12,172,12
17801,1,2026-03-13,109,4
17802,2,2026-03-13,130,8
17803,3,2026-03-13,183,10
17804,4,2026-03-13,185,11
17805,5,2026-03-13,160,12
17806,6,2026-03-13,167,9
17807,7,2026-03-13,217,13
17808,8,2026-03-13,200,11
17809,9,2026-03-13,140,7
17810,10,2026-03-13,113,7
17811,11,2026-03-13,148,6
17812,12,2026-03-13,164,12
17813,13,2026-03-13,94,5
17814,14,2026-03-13,138,9
17815,15,2026-03-13,130,7
17816,16,2026-03-13,163,5
17817,17,2026-03-13,206,15
17818,18,2026-03-13,152,9
17819,19,2026-03-13,142,4
17820,20,2026-03-13,80,9
17821,21,2026-03-13,108,4
17822,22,2026-03-13,163,8
17823,23,2026-03-13,102,5
17824,24,2026-03-13,159,7
17825,25,2026-03-13,102,6
17826,26,2026-03-13,175,9
17827,27,2026-03-13,132,9
17828,28,2026-03-13,81,3
17829,29,2026-03-13,155,8
17830,30,2026-03-13,150,9
17831,31,2026-03-13,98,5
17832,32,2026-03-13,119,8
17833,33,2026-03-13,127,4
17834,34,2026-03-13,71,1
17835,35,2026-03-13,72,5
17836,36,2026-03-13,208,17
17837,37,2026-03-13,189,12
17838,38,2026-03-13,132,7
17839,39,2026-03-13,114,10
17840,40,2026-03-13,111,6
17841,41,2026-03-13,91,2
17842,42,2026-03-13,186,12
17843,43,2026-03-13,126,7
17844,44,2026-03-13,85,3
17845,45,2026-03-13,130,6
17846,46,2026-03-13,157,11
17847,47,2026-03-13,127,10
17848,48,2026-03-13,97,5
17849,49,2026-03-13,113,4
17850,50,2026-03-13,158,12
17851,51,2026-03-13,151,10
17852,52,2026-03-13,127,8
17853,53,2026-03-13,88,6
17854,54,2026-03-13,112,2
17855,55,2026-03-13,136,9
17856,56,2026-03-13,166,9
17857,57,2026-03-13,88,4
17858,58,2026-03-13,136,10
17859,59,2026-03-13,133,8
17860,60,2026-03-13,131,4
17861,61,2026-03-13,130,6
17862,62,2026-03-13,162,8
17863,63,2026-03-13,188,11
17864,64,2026-03-13,127,8
17865,65,2026-03-13,165,9
17866,66,2026-03-13,120,8
17867,67,2026-03-13,142,8
17868,68,2026-03-13,68,7
17869,69,2026-03-13,167,8
17870,70,2026-03-13,64,3
17871,71,2026-03-13,170,12
17872,72,2026-03-13,143,9
17873,73,2026-03-13,174,9
17874,74,2026-03-13,121,6
17875,75,2026-03-13,147,8
17876,76,2026-03-13,116,6
17877,77,2026-03-13,83,5
17878,78,2026-03-13,126,7
17879,79,2026-03-13,116,6
17880,80,2026-03-13,245,16
17881,81,2026-03-13,137,6
17882,82,2026-03-13,122,7
17883,83,2026-03-13,146,10
17884,84,2026-03-13,139,9
17885,85,2026-03-13,147,6
17886,86,2026-03-13,108,6
17887,87,2026-03-13,134,7
17888,88,2026-03-13,112,7
17889,89,2026-03-13,183,6
17890,90,2026-03-13,154,11
17891,91,2026-03-13,135,8
17892,92,2026-03-13,333,20
17893,93,2026-03-13,179,8
17894,94,2026-03-13,122,11
17895,95,2026-03-13,120,3
17896,96,2026-03-13,117,6
17897,97,2026-03-13,132,5
17898,98,2026-03-13,167,9
17899,99,2026-03-13,129,9
17900,100,2026-03-13,156,10
17901,1,2026-03-14,126,9
17902,2,2026-03-14,133,7
17903,3,2026-03-14,154,10
17904,4,2026-03-14,202,11
17905,5,2026-03-14,188,12
17906,6,2026-03-14,211,11
17907,7,2026-03-14,235,14
17908,8,2026-03-14,184,11
17909,9,2026-03-14,142,6
17910,10,2026-03-14,105,6
17911,11,2026-03-14,132,8
17912,12,2026-03-14,173,8
17913,13,2026-03-14,90,4
17914,14,2026-03-14,143,8
17915,15,2026-03-14,120,10
17916,16,2026-03-14,174,13
17917,17,2026-03-14,177,10
17918,18,2026-03-14,119,6
17919,19,2026-03-14,112,8
17920,20,2026-03-14,80,3
17921,21,2026-03-14,99,5
17922,22,2026-03-14,182,10
17923,23,2026-03-14,91,4
17924,24,2026-03-14,160,8
17925,25,2026-03-14,98,8
17926,26,2026-03-14,169,10
17927,27,2026-03-14,103,4
17928,28,2026-03-14,90,4
17929,29,2026-03-14,141,10
17930,30,2026-03-14,135,8
17931,31,2026-03-14,91,7
17932,32,2026-03-14,114,7
17933,33,2026-03-14,122,9
17934,34,2026-03-14,72,6
17935,35,2026-03-14,92,5
17936,36,2026-03-14,164,10
17937,37,2026-03-14,173,11
17938,38,2026-03-14,119,6
17939,39,2026-03-14,132,9
17940,40,2026-03-14,102,4
17941,41,2026-03-14,87,4
17942,42,2026-03-14,156,9
17943,43,2026-03-14,124,8
17944,44,2026-03-14,82,2
17945,45,2026-03-14,100,8
17946,46,2026-03-14,158,6
17947,47,2026-03-14,146,11
17948,48,2026-03-14,104,6
17949,49,2026-03-14,108,3
17950,50,2026-03-14,165,9
17951,51,2026-03-14,175,10
17952,52,2026-03-14,116,8
17953,53,2026-03-14,95,1
17954,54,2026-03-14,106,5
17955,55,2026-03-14,119,5
17956,56,2026-03-14,173,9
17957,57,2026-03-14,84,6
17958,58,2026-03-14,143,6
17959,59,2026-03-14,160,10
17960,60,2026-03-14,140,9
17961,61,2026-03-14,162,11
17962,62,2026-03-14,146,10
17963,63,2026-03-14,217,13
17964,64,2026-03-14,121,7
17965,65,2026-03-14,169,9
17966,66,2026-03-14,103,4
17967,67,2026-03-14,170,10
17968,68,2026-03-14,84,5
17969,69,2026-03-14,126,4
17970,70,2026-03-14,94,7
17971,71,2026-03-14,173,12
17972,72,2026-03-14,187,10
17973,73,2026-03-14,149,14
17974,74,2026-03-14,110,6
17975,75,2026-03-14,133,7
17976,76,2026-03-14,140,11
17977,77,2026-03-14,65,4
17978,78,2026-03-14,126,7
17979,79,2026-03-14,110,8
17980,80,2026-03-14,210,14
17981,81,2026-03-14,146,7
17982,82,2026-03-14,122,8
17983,83,2026-03-14,144,8
17984,84,2026-03-14,157,11
17985,85,2026-03-14,147,10
17986,86,2026-03-14,108,3
17987,87,2026-03-14,109,4
17988,88,2026-03-14,145,10
17989,89,2026-03-14,229,13
17990,90,2026-03-14,144,9
17991,91,2026-03-14,150,8
17992,92,2026-03-14,301,19
17993,93,2026-03-14,187,13
17994,94,2026-03-14,120,6
17995,95,2026-03-14,189,12
17996,96,2026-03-14,100,6
17997,97,2026-03-14,132,7
17998,98,2026-03-14,147,8
17999,99,2026-03-14,135,10
18000,100,2026-03-14,153,11
18001,1,2026-03-15,68,3
18002,2,2026-03-15,68,1
18003,3,2026-03-15,98,4
18004,4,2026-03-15,77,5
18005,5,2026-03-15,99,4
18006,6,2026-03-15,106,4
18007,7,2026-03-15,138,10
18008,8,2026-03-15,104,7
18009,9,2026-03-15,93,7
18010,10,2026-03-15,53,1
18011,11,2026-03-15,83,4
18012,12,2026-03-15,103,5
18013,13,2026-03-15,63,1
18014,14,2026-03-15,79,5
18015,15,2026-03-15,71,3
18016,16,2026-03-15,98,4
18017,17,2026-03-15,98,5
18018,18,2026-03-15,50,2
18019,19,2026-03-15,70,3
18020,20,2026-03-15,29,3
18021,21,2026-03-15,61,1
18022,22,2026-03-15,106,6
18023,23,2026-03-15,50,2
18024,24,2026-03-15,80,4
18025,25,2026-03-15,77,3
18026,26,2026-03-15,135,7
18027,27,2026-03-15,70,2
18028,28,2026-03-15,61,4
18029,29,2026-03-15,100,5
18030,30,2026-03-15,82,4
18031,31,2026-03-15,73,2
18032,32,2026-03-15,64,6
18033,33,2026-03-15,78,3
18034,34,2026-03-15,47,5
18035,35,2026-03-15,64,0
18036,36,2026-03-15,109,8
18037,37,2026-03-15,107,7
18038,38,2026-03-15,85,8
18039,39,2026-03-15,79,4
18040,40,2026-03-15,51,4
18041,41,2026-03-15,42,2
18042,42,2026-03-15,97,1
18043,43,2026-03-15,71,4
18044,44,2026-03-15,40,1
18045,45,2026-03-15,93,7
18046,46,2026-03-15,81,6
18047,47,2026-03-15,74,6
18048,48,2026-03-15,54,3
18049,49,2026-03-15,66,5
18050,50,2026-03-15,85,4
18051,51,2026-03-15,71,6
18052,52,2026-03-15,53,1
18053,53,2026-03-15,47,0
18054,54,2026-03-15,80,3
18055,55,2026-03-15,67,5
18056,56,2026-03-15,128,6
18057,57,2026-03-15,44,2
18058,58,2026-03-15,103,4
18059,59,2026-03-15,81,0
18060,60,2026-03-15,102,5
18061,61,2026-03-15,73,5
18062,62,2026-03-15,76,5
18063,63,2026-03-15,76,5
18064,64,2026-03-15,59,2
18065,65,2026-03-15,75,8
18066,66,2026-03-15,88,3
18067,67,2026-03-15,86,5
18068,68,2026-03-15,50,4
18069,69,2026-03-15,87,6
18070,70,2026-03-15,50,1
18071,71,2026-03-15,67,3
18072,72,2026-03-15,56,4
18073,73,2026-03-15,97,4
18074,74,2026-03-15,58,3
18075,75,2026-03-15,81,5
18076,76,2026-03-15,85,5
18077,77,2026-03-15,39,2
18078,78,2026-03-15,91,7
18079,79,2026-03-15,54,1
18080,80,2026-03-15,123,9
18081,81,2026-03-15,66,3
18082,82,2026-03-15,82,2
18083,83,2026-03-15,89,9
18084,84,2026-03-15,83,5
18085,85,2026-03-15,73,3
18086,86,2026-03-15,62,3
18087,87,2026-03-15,71,4
18088,88,2026-03-15,96,5
18089,89,2026-03-15,146,9
18090,90,2026-03-15,64,6
18091,91,2026-03-15,63,2
18092,92,2026-03-15,193,12
18093,93,2026-03-15,78,4
18094,94,2026-03-15,98,8
18095,95,2026-03-15,103,5
18096,96,2026-03-15,40,3
18097,97,2026-03-15,77,4
18098,98,2026-03-15,83,2
18099,99,2026-03-15,75,6
18100,100,2026-03-15,111,5
18101,1,2026-03-16,150,11
18102,2,2026-03-16,184,11
18103,3,2026-03-16,235,14
18104,4,2026-03-16,221,12
18105,5,2026-03-16,248,18
18106,6,2026-03-16,245,13
18107,7,2026-03-16,312,16
18108,8,2026-03-16,250,16
18109,9,2026-03-16,177,8
18110,10,2026-03-16,126,5
18111,11,2026-03-16,197,10
18112,12,2026-03-16,253,13
18113,13,2026-03-16,125,8
18114,14,2026-03-16,209,12
18115,15,2026-03-16,162,10
18116,16,2026-03-16,191,11
18117,17,2026-03-16,224,17
18118,18,2026-03-16,196,12
18119,19,2026-03-16,175,8
18120,20,2026-03-16,103,3
18121,21,2026-03-16,109,9
18122,22,2026-03-16,225,13
18123,23,2026-03-16,139,8
18124,24,2026-03-16,224,16
18125,25,2026-03-16,136,5
18126,26,2026-03-16,220,11
18127,27,2026-03-16,178,9
18128,28,2026-03-16,138,7
18129,29,2026-03-16,190,8
18130,30,2026-03-16,176,13
18131,31,2026-03-16,140,5
18132,32,2026-03-16,156,10
18133,33,2026-03-16,145,9
18134,34,2026-03-16,104,5
18135,35,2026-03-16,111,5
18136,36,2026-03-16,273,13
18137,37,2026-03-16,221,17
18138,38,2026-03-16,171,10
18139,39,2026-03-16,154,11
18140,40,2026-03-16,135,9
18141,41,2026-03-16,142,8
18142,42,2026-03-16,230,12
18143,43,2026-03-16,165,10
18144,44,2026-03-16,100,5
18145,45,2026-03-16,201,10
18146,46,2026-03-16,189,9
18147,47,2026-03-16,169,13
18148,48,2026-03-16,141,9
18149,49,2026-03-16,143,11
18150,50,2026-03-16,200,14
18151,51,2026-03-16,206,10
18152,52,2026-03-16,131,6
18153,53,2026-03-16,115,6
18154,54,2026-03-16,141,4
18155,55,2026-03-16,169,9
18156,56,2026-03-16,184,8
18157,57,2026-03-16,121,6
18158,58,2026-03-16,191,12
18159,59,2026-03-16,141,9
18160,60,2026-03-16,174,8
18161,61,2026-03-16,188,11
18162,62,2026-03-16,176,12
18163,63,2026-03-16,259,17
18164,64,2026-03-16,149,8
18165,65,2026-03-16,229,17
18166,66,2026-03-16,167,9
18167,67,2026-03-16,203,8
18168,68,2026-03-16,90,5
18169,69,2026-03-16,222,15
18170,70,2026-03-16,96,3
18171,71,2026-03-16,204,11
18172,72,2026-03-16,236,11
18173,73,2026-03-16,214,15
18174,74,2026-03-16,151,4
18175,75,2026-03-16,178,13
18176,76,2026-03-16,171,11
18177,77,2026-03-16,104,5
18178,78,2026-03-16,138,8
18179,79,2026-03-16,123,6
18180,80,2026-03-16,303,16
18181,81,2026-03-16,152,10
18182,82,2026-03-16,194,13
18183,83,2026-03-16,202,9
18184,84,2026-03-16,184,10
18185,85,2026-03-16,171,12
18186,86,2026-03-16,165,9
18187,87,2026-03-16,172,12
18188,88,2026-03-16,171,9
18189,89,2026-03-16,258,18
18190,90,2026-03-16,162,10
18191,91,2026-03-16,160,6
18192,92,2026-03-16,349,18
18193,93,2026-03-16,230,14
18194,94,2026-03-16,207,15
18195,95,2026-03-16,239,13
18196,96,2026-03-16,135,8
18197,97,2026-03-16,195,15
18198,98,2026-03-16,180,13
18199,99,2026-03-16,193,8
18200,100,2026-03-16,203,13
18201,1,2026-03-17,148,12
18202,2,2026-03-17,139,6
18203,3,2026-03-17,157,11
18204,4,2026-03-17,187,10
18205,5,2026-03-17,204,13
18206,6,2026-03-17,236,13
18207,7,2026-03-17,339,19
18208,8,2026-03-17,206,18
18209,9,2026-03-17,189,11
18210,10,2026-03-17,111,8
18211,11,2026-03-17,173,15
18212,12,2026-03-17,167,12
18213,13,2026-03-17,126,4
18214,14,2026-03-17,176,13
18215,15,2026-03-17,126,7
18216,16,2026-03-17,166,11
18217,17,2026-03-17,211,10
18218,18,2026-03-17,143,9
18219,19,2026-03-17,142,4
18220,20,2026-03-17,96,7
18221,21,2026-03-17,106,6
18222,22,2026-03-17,175,8
18223,23,2026-03-17,119,6
18224,24,2026-03-17,151,8
18225,25,2026-03-17,142,7
18226,26,2026-03-17,222,11
18227,27,2026-03-17,151,9
18228,28,2026-03-17,110,8
18229,29,2026-03-17,168,10
18230,30,2026-03-17,122,7
18231,31,2026-03-17,119,6
18232,32,2026-03-17,164,8
18233,33,2026-03-17,130,7
18234,34,2026-03-17,90,0
18235,35,2026-03-17,97,4
18236,36,2026-03-17,247,18
18237,37,2026-03-17,182,9
18238,38,2026-03-17,145,9
18239,39,2026-03-17,123,7
18240,40,2026-03-17,100,5
18241,41,2026-03-17,128,9
18242,42,2026-03-17,160,9
18243,43,2026-03-17,139,8
18244,44,2026-03-17,87,3
18245,45,2026-03-17,162,8
18246,46,2026-03-17,172,12
18247,47,2026-03-17,138,7
18248,48,2026-03-17,123,3
18249,49,2026-03-17,147,10
18250,50,2026-03-17,178,10
18251,51,2026-03-17,173,6
18252,52,2026-03-17,122,7
18253,53,2026-03-17,110,5
18254,54,2026-03-17,85,4
18255,55,2026-03-17,161,11
18256,56,2026-03-17,186,13
18257,57,2026-03-17,107,5
18258,58,2026-03-17,171,12
18259,59,2026-03-17,141,10
18260,60,2026-03-17,137,4
18261,61,2026-03-17,162,6
18262,62,2026-03-17,145,7
18263,63,2026-03-17,229,11
18264,64,2026-03-17,120,8
18265,65,2026-03-17,178,9
18266,66,2026-03-17,129,12
18267,67,2026-03-17,195,11
18268,68,2026-03-17,75,1
18269,69,2026-03-17,171,10
18270,70,2026-03-17,98,6
18271,71,2026-03-17,178,12
18272,72,2026-03-17,180,14
18273,73,2026-03-17,159,8
18274,74,2026-03-17,143,7
18275,75,2026-03-17,147,8
18276,76,2026-03-17,123,6
18277,77,2026-03-17,86,2
18278,78,2026-03-17,159,5
18279,79,2026-03-17,117,1
18280,80,2026-03-17,247,13
18281,81,2026-03-17,119,8
18282,82,2026-03-17,160,11
18283,83,2026-03-17,162,11
18284,84,2026-03-17,149,6
18285,85,2026-03-17,184,11
18286,86,2026-03-17,221,13
18287,87,2026-03-17,145,7
18288,88,2026-03-17,178,6
18289,89,2026-03-17,226,12
18290,90,2026-03-17,162,9
18291,91,2026-03-17,142,10
18292,92,2026-03-17,334,17
18293,93,2026-03-17,191,10
18294,94,2026-03-17,124,6
18295,95,2026-03-17,182,8
18296,96,2026-03-17,108,4
18297,97,2026-03-17,146,7
18298,98,2026-03-17,182,9
18299,99,2026-03-17,124,8
18300,100,2026-03-17,162,7
18301,1,2026-03-18,148,11
18302,2,2026-03-18,135,8
18303,3,2026-03-18,180,7
18304,4,2026-03-18,244,13
18305,5,2026-03-18,185,8
18306,6,2026-03-18,284,13
18307,7,2026-03-18,301,16
18308,8,2026-03-18,245,15
18309,9,2026-03-18,187,9
18310,10,2026-03-18,103,7
18311,11,2026-03-18,162,8
18312,12,2026-03-18,168,11
18313,13,2026-03-18,94,4
18314,14,2026-03-18,195,14
18315,15,2026-03-18,165,8
18316,16,2026-03-18,205,14
18317,17,2026-03-18,226,16
18318,18,2026-03-18,141,5
18319,19,2026-03-18,154,12
18320,20,2026-03-18,116,8
18321,21,2026-03-18,121,5
18322,22,2026-03-18,189,12
18323,23,2026-03-18,107,10
18324,24,2026-03-18,217,15
18325,25,2026-03-18,108,8
18326,26,2026-03-18,204,13
18327,27,2026-03-18,127,8
18328,28,2026-03-18,93,4
18329,29,2026-03-18,189,9
18330,30,2026-03-18,145,6
18331,31,2026-03-18,150,8
18332,32,2026-03-18,154,8
18333,33,2026-03-18,120,6
18334,34,2026-03-18,88,7
18335,35,2026-03-18,107,5
18336,36,2026-03-18,216,11
18337,37,2026-03-18,153,8
18338,38,2026-03-18,156,11
18339,39,2026-03-18,136,7
18340,40,2026-03-18,126,7
18341,41,2026-03-18,126,8
18342,42,2026-03-18,159,10
18343,43,2026-03-18,157,9
18344,44,2026-03-18,87,2
18345,45,2026-03-18,164,12
18346,46,2026-03-18,159,11
18347,47,2026-03-18,161,9
18348,48,2026-03-18,124,6
18349,49,2026-03-18,129,0
18350,50,2026-03-18,149,6
18351,51,2026-03-18,168,12
18352,52,2026-03-18,111,5
18353,53,2026-03-18,109,6
18354,54,2026-03-18,113,8
18355,55,2026-03-18,123,7
18356,56,2026-03-18,203,9
18357,57,2026-03-18,93,6
18358,58,2026-03-18,178,13
18359,59,2026-03-18,137,7
18360,60,2026-03-18,117,4
18361,61,2026-03-18,166,11
18362,62,2026-03-18,123,8
18363,63,2026-03-18,190,8
18364,64,2026-03-18,124,8
18365,65,2026-03-18,174,10
18366,66,2026-03-18,148,8
18367,67,2026-03-18,194,11
18368,68,2026-03-18,70,5
18369,69,2026-03-18,186,12
18370,70,2026-03-18,90,4
18371,71,2026-03-18,139,8
18372,72,2026-03-18,230,13
18373,73,2026-03-18,165,9
18374,74,2026-03-18,118,6
18375,75,2026-03-18,176,12
18376,76,2026-03-18,120,7
18377,77,2026-03-18,93,6
18378,78,2026-03-18,134,6
18379,79,2026-03-18,117,6
18380,80,2026-03-18,231,15
18381,81,2026-03-18,140,7
18382,82,2026-03-18,168,10
18383,83,2026-03-18,148,13
18384,84,2026-03-18,153,10
18385,85,2026-03-18,162,11
18386,86,2026-03-18,195,11
18387,87,2026-03-18,129,8
18388,88,2026-03-18,165,13
18389,89,2026-03-18,195,12
18390,90,2026-03-18,136,16
18391,91,2026-03-18,130,7
18392,92,2026-03-18,371,22
18393,93,2026-03-18,172,9
18394,94,2026-03-18,145,6
18395,95,2026-03-18,171,7
18396,96,2026-03-18,108,9
18397,97,2026-03-18,150,6
18398,98,2026-03-18,168,8
18399,99,2026-03-18,136,9
18400,100,2026-03-18,147,9
18401,1,2026-03-19,113,9
18402,2,2026-03-19,119,4
18403,3,2026-03-19,130,11
18404,4,2026-03-19,205,11
18405,5,2026-03-19,198,9
18406,6,2026-03-19,200,12
18407,7,2026-03-19,267,14
18408,8,2026-03-19,190,12
18409,9,2026-03-19,141,8
18410,10,2026-03-19,100,7
18411,11,2026-03-19,142,10
18412,12,2026-03-19,168,11
18413,13,2026-03-19,109,6
18414,14,2026-03-19,173,13
18415,15,2026-03-19,121,6
18416,16,2026-03-19,139,9
18417,17,2026-03-19,190,11
18418,18,2026-03-19,140,6
18419,19,2026-03-19,123,5
18420,20,2026-03-19,78,3
18421,21,2026-03-19,99,1
18422,22,2026-03-19,154,10
18423,23,2026-03-19,97,5
18424,24,2026-03-19,195,9
18425,25,2026-03-19,99,4
18426,26,2026-03-19,195,12
18427,27,2026-03-19,128,7
18428,28,2026-03-19,94,6
18429,29,2026-03-19,146,9
18430,30,2026-03-19,135,7
18431,31,2026-03-19,89,6
18432,32,2026-03-19,115,1
18433,33,2026-03-19,95,2
18434,34,2026-03-19,81,2
18435,35,2026-03-19,97,4
18436,36,2026-03-19,192,11
18437,37,2026-03-19,145,6
18438,38,2026-03-19,133,3
18439,39,2026-03-19,134,6
18440,40,2026-03-19,111,6
18441,41,2026-03-19,102,7
18442,42,2026-03-19,162,10
18443,43,2026-03-19,124,6
18444,44,2026-03-19,106,8
18445,45,2026-03-19,138,5
18446,46,2026-03-19,134,10
18447,47,2026-03-19,137,7
18448,48,2026-03-19,91,1
18449,49,2026-03-19,123,6
18450,50,2026-03-19,129,10
18451,51,2026-03-19,183,12
18452,52,2026-03-19,125,3
18453,53,2026-03-19,86,8
18454,54,2026-03-19,116,8
18455,55,2026-03-19,111,4
18456,56,2026-03-19,141,10
18457,57,2026-03-19,88,6
18458,58,2026-03-19,169,7
18459,59,2026-03-19,129,7
18460,60,2026-03-19,134,6
18461,61,2026-03-19,141,6
18462,62,2026-03-19,134,7
18463,63,2026-03-19,201,12
18464,64,2026-03-19,102,9
18465,65,2026-03-19,140,11
18466,66,2026-03-19,142,8
18467,67,2026-03-19,152,8
18468,68,2026-03-19,69,4
18469,69,2026-03-19,132,8
18470,70,2026-03-19,81,3
18471,71,2026-03-19,160,11
18472,72,2026-03-19,189,17
18473,73,2026-03-19,140,4
18474,74,2026-03-19,122,6
18475,75,2026-03-19,166,7
18476,76,2026-03-19,110,3
18477,77,2026-03-19,62,4
18478,78,2026-03-19,113,7
18479,79,2026-03-19,107,6
18480,80,2026-03-19,194,10
18481,81,2026-03-19,127,9
18482,82,2026-03-19,130,6
18483,83,2026-03-19,145,8
18484,84,2026-03-19,159,6
18485,85,2026-03-19,146,8
18486,86,2026-03-19,172,9
18487,87,2026-03-19,130,8
18488,88,2026-03-19,119,4
18489,89,2026-03-19,199,13
18490,90,2026-03-19,138,9
18491,91,2026-03-19,147,4
18492,92,2026-03-19,292,21
18493,93,2026-03-19,161,9
18494,94,2026-03-19,144,7
18495,95,2026-03-19,185,5
18496,96,2026-03-19,107,9
18497,97,2026-03-19,132,8
18498,98,2026-03-19,153,8
18499,99,2026-03-19,126,8
18500,100,2026-03-19,160,9
18501,1,2026-03-20,108,7
18502,2,2026-03-20,157,11
18503,3,2026-03-20,140,7
18504,4,2026-03-20,152,12
18505,5,2026-03-20,206,13
18506,6,2026-03-20,205,16
18507,7,2026-03-20,220,13
18508,8,2026-03-20,186,13
18509,9,2026-03-20,138,8
18510,10,2026-03-20,110,6
18511,11,2026-03-20,114,2
18512,12,2026-03-20,128,6
18513,13,2026-03-20,96,4
18514,14,2026-03-20,158,9
18515,15,2026-03-20,111,6
18516,16,2026-03-20,164,9
18517,17,2026-03-20,197,12
18518,18,2026-03-20,164,9
18519,19,2026-03-20,127,4
18520,20,2026-03-20,97,5
18521,21,2026-03-20,95,7
18522,22,2026-03-20,158,8
18523,23,2026-03-20,102,6
18524,24,2026-03-20,165,9
18525,25,2026-03-20,107,5
18526,26,2026-03-20,152,9
18527,27,2026-03-20,97,2
18528,28,2026-03-20,101,4
18529,29,2026-03-20,166,9
18530,30,2026-03-20,106,6
18531,31,2026-03-20,118,5
18532,32,2026-03-20,134,7
18533,33,2026-03-20,113,6
18534,34,2026-03-20,81,3
18535,35,2026-03-20,106,7
18536,36,2026-03-20,197,11
18537,37,2026-03-20,110,5
18538,38,2026-03-20,122,10
18539,39,2026-03-20,130,5
18540,40,2026-03-20,101,6
18541,41,2026-03-20,113,5
18542,42,2026-03-20,167,9
18543,43,2026-03-20,102,6
18544,44,2026-03-20,78,5
18545,45,2026-03-20,132,8
18546,46,2026-03-20,143,12
18547,47,2026-03-20,136,6
18548,48,2026-03-20,107,9
18549,49,2026-03-20,94,4
18550,50,2026-03-20,135,8
18551,51,2026-03-20,135,6
18552,52,2026-03-20,118,9
18553,53,2026-03-20,116,8
18554,54,2026-03-20,89,3
18555,55,2026-03-20,130,9
18556,56,2026-03-20,160,9
18557,57,2026-03-20,92,3
18558,58,2026-03-20,140,5
18559,59,2026-03-20,126,8
18560,60,2026-03-20,130,6
18561,61,2026-03-20,172,10
18562,62,2026-03-20,136,12
18563,63,2026-03-20,324,20
18564,64,2026-03-20,104,9
18565,65,2026-03-20,172,9
18566,66,2026-03-20,136,9
18567,67,2026-03-20,162,12
18568,68,2026-03-20,60,5
18569,69,2026-03-20,160,7
18570,70,2026-03-20,61,4
18571,71,2026-03-20,122,5
18572,72,2026-03-20,201,14
18573,73,2026-03-20,133,5
18574,74,2026-03-20,122,6
18575,75,2026-03-20,113,9
18576,76,2026-03-20,144,8
18577,77,2026-03-20,75,5
18578,78,2026-03-20,129,5
18579,79,2026-03-20,108,6
18580,80,2026-03-20,201,7
18581,81,2026-03-20,99,5
18582,82,2026-03-20,143,11
18583,83,2026-03-20,175,11
18584,84,2026-03-20,134,8
18585,85,2026-03-20,168,11
18586,86,2026-03-20,172,11
18587,87,2026-03-20,114,6
18588,88,2026-03-20,134,13
18589,89,2026-03-20,235,17
18590,90,2026-03-20,132,7
18591,91,2026-03-20,89,1
18592,92,2026-03-20,238,15
18593,93,2026-03-20,140,9
18594,94,2026-03-20,137,10
18595,95,2026-03-20,149,6
18596,96,2026-03-20,115,6
18597,97,2026-03-20,131,9
18598,98,2026-03-20,148,8
18599,99,2026-03-20,135,7
18600,100,2026-03-20,155,9
18601,1,2026-03-21,121,9
18602,2,2026-03-21,125,7
18603,3,2026-03-21,156,7
18604,4,2026-03-21,239,11
18605,5,2026-03-21,175,9
18606,6,2026-03-21,201,11
18607,7,2026-03-21,259,16
18608,8,2026-03-21,211,11
18609,9,2026-03-21,134,6
18610,10,2026-03-21,123,10
18611,11,2026-03-21,130,10
18612,12,2026-03-21,148,6
18613,13,2026-03-21,102,10
18614,14,2026-03-21,163,10
18615,15,2026-03-21,118,5
18616,16,2026-03-21,188,7
18617,17,2026-03-21,172,12
18618,18,2026-03-21,142,8
18619,19,2026-03-21,112,7
18620,20,2026-03-21,73,6
18621,21,2026-03-21,98,7
18622,22,2026-03-21,169,10
18623,23,2026-03-21,99,6
18624,24,2026-03-21,164,9
18625,25,2026-03-21,113,6
18626,26,2026-03-21,175,9
18627,27,2026-03-21,106,9
18628,28,2026-03-21,109,3
18629,29,2026-03-21,145,11
18630,30,2026-03-21,129,13
18631,31,2026-03-21,112,6
18632,32,2026-03-21,123,8
18633,33,2026-03-21,86,6
18634,34,2026-03-21,92,3
18635,35,2026-03-21,77,4
18636,36,2026-03-21,195,9
18637,37,2026-03-21,147,5
18638,38,2026-03-21,152,8
18639,39,2026-03-21,105,4
18640,40,2026-03-21,93,5
18641,41,2026-03-21,80,3
18642,42,2026-03-21,175,17
18643,43,2026-03-21,117,7
18644,44,2026-03-21,91,6
18645,45,2026-03-21,172,9
18646,46,2026-03-21,154,8
18647,47,2026-03-21,139,6
18648,48,2026-03-21,140,10
18649,49,2026-03-21,108,5
18650,50,2026-03-21,156,9
18651,51,2026-03-21,170,9
18652,52,2026-03-21,120,5
18653,53,2026-03-21,102,5
18654,54,2026-03-21,115,6
18655,55,2026-03-21,132,10
18656,56,2026-03-21,171,9
18657,57,2026-03-21,91,7
18658,58,2026-03-21,168,11
18659,59,2026-03-21,105,9
18660,60,2026-03-21,116,8
18661,61,2026-03-21,170,11
18662,62,2026-03-21,132,7
18663,63,2026-03-21,310,21
18664,64,2026-03-21,89,7
18665,65,2026-03-21,163,6
18666,66,2026-03-21,128,8
18667,67,2026-03-21,154,9
18668,68,2026-03-21,71,4
18669,69,2026-03-21,161,10
18670,70,2026-03-21,81,7
18671,71,2026-03-21,161,12
18672,72,2026-03-21,147,6
18673,73,2026-03-21,152,11
18674,74,2026-03-21,98,2
18675,75,2026-03-21,123,7
18676,76,2026-03-21,134,8
18677,77,2026-03-21,71,2
18678,78,2026-03-21,93,5
18679,79,2026-03-21,95,1
18680,80,2026-03-21,216,12
18681,81,2026-03-21,139,5
18682,82,2026-03-21,125,7
18683,83,2026-03-21,185,8
18684,84,2026-03-21,162,9
18685,85,2026-03-21,128,4
18686,86,2026-03-21,181,10
18687,87,2026-03-21,131,6
18688,88,2026-03-21,138,8
18689,89,2026-03-21,225,15
18690,90,2026-03-21,155,9
18691,91,2026-03-21,116,6
18692,92,2026-03-21,301,15
18693,93,2026-03-21,189,11
18694,94,2026-03-21,133,9
18695,95,2026-03-21,151,10
18696,96,2026-03-21,99,1
18697,97,2026-03-21,147,10
18698,98,2026-03-21,140,7
18699,99,2026-03-21,139,8
18700,100,2026-03-21,165,9
18701,1,2026-03-22,59,1
18702,2,2026-03-22,65,6
18703,3,2026-03-22,101,8
18704,4,2026-03-22,116,7
18705,5,2026-03-22,78,8
18706,6,2026-03-22,118,6
18707,7,2026-03-22,63,4
18708,8,2026-03-22,139,10
18709,9,2026-03-22,73,4
18710,10,2026-03-22,50,5
18711,11,2026-03-22,82,4
18712,12,2026-03-22,84,3
18713,13,2026-03-22,56,5
18714,14,2026-03-22,87,8
18715,15,2026-03-22,81,4
18716,16,2026-03-22,110,5
18717,17,2026-03-22,126,9
18718,18,2026-03-22,55,3
18719,19,2026-03-22,79,4
18720,20,2026-03-22,50,3
18721,21,2026-03-22,60,3
18722,22,2026-03-22,106,6
18723,23,2026-03-22,49,4
18724,24,2026-03-22,119,6
18725,25,2026-03-22,54,3
18726,26,2026-03-22,102,6
18727,27,2026-03-22,72,5
18728,28,2026-03-22,62,4
18729,29,2026-03-22,81,4
18730,30,2026-03-22,72,3
18731,31,2026-03-22,63,5
18732,32,2026-03-22,78,6
18733,33,2026-03-22,52,5
18734,34,2026-03-22,45,2
18735,35,2026-03-22,64,1
18736,36,2026-03-22,168,10
18737,37,2026-03-22,83,6
18738,38,2026-03-22,68,1
18739,39,2026-03-22,87,7
18740,40,2026-03-22,56,9
18741,41,2026-03-22,72,6
18742,42,2026-03-22,68,3
18743,43,2026-03-22,80,5
18744,44,2026-03-22,50,6
18745,45,2026-03-22,103,6
18746,46,2026-03-22,96,6
18747,47,2026-03-22,84,7
18748,48,2026-03-22,68,4
18749,49,2026-03-22,60,5
18750,50,2026-03-22,76,8
18751,51,2026-03-22,60,2
18752,52,2026-03-22,58,4
18753,53,2026-03-22,45,0
18754,54,2026-03-22,69,0
18755,55,2026-03-22,87,3
18756,56,2026-03-22,130,7
18757,57,2026-03-22,42,3
18758,58,2026-03-22,77,8
18759,59,2026-03-22,70,6
18760,60,2026-03-22,121,9
18761,61,2026-03-22,116,8
18762,62,2026-03-22,66,4
18763,63,2026-03-22,189,11
18764,64,2026-03-22,81,3
18765,65,2026-03-22,94,2
18766,66,2026-03-22,63,4
18767,67,2026-03-22,88,5
18768,68,2026-03-22,49,0
18769,69,2026-03-22,98,5
18770,70,2026-03-22,39,0
18771,71,2026-03-22,78,2
18772,72,2026-03-22,78,7
18773,73,2026-03-22,66,5
18774,74,2026-03-22,53,6
18775,75,2026-03-22,93,3
18776,76,2026-03-22,63,6
18777,77,2026-03-22,44,5
18778,78,2026-03-22,67,3
18779,79,2026-03-22,41,0
18780,80,2026-03-22,76,4
18781,81,2026-03-22,97,4
18782,82,2026-03-22,70,5
18783,83,2026-03-22,122,10
18784,84,2026-03-22,69,5
18785,85,2026-03-22,93,7
18786,86,2026-03-22,102,5
18787,87,2026-03-22,83,7
18788,88,2026-03-22,75,1
18789,89,2026-03-22,96,6
18790,90,2026-03-22,97,4
18791,91,2026-03-22,70,5
18792,92,2026-03-22,178,9
18793,93,2026-03-22,72,7
18794,94,2026-03-22,88,4
18795,95,2026-03-22,93,7
18796,96,2026-03-22,66,5
18797,97,2026-03-22,73,6
18798,98,2026-03-22,92,5
18799,99,2026-03-22,82,6
18800,100,2026-03-22,95,5
18801,1,2026-03-23,174,8
18802,2,2026-03-23,167,7
18803,3,2026-03-23,181,8
18804,4,2026-03-23,276,19
18805,5,2026-03-23,235,12
18806,6,2026-03-23,291,15
18807,7,2026-03-23,305,19
18808,8,2026-03-23,315,21
18809,9,2026-03-23,213,15
18810,10,2026-03-23,154,10
18811,11,2026-03-23,165,13
18812,12,2026-03-23,184,12
18813,13,2026-03-23,152,6
18814,14,2026-03-23,190,8
18815,15,2026-03-23,152,9
18816,16,2026-03-23,224,11
18817,17,2026-03-23,229,12
18818,18,2026-03-23,166,14
18819,19,2026-03-23,177,9
18820,20,2026-03-23,117,4
18821,21,2026-03-23,132,5
18822,22,2026-03-23,205,17
18823,23,2026-03-23,125,6
18824,24,2026-03-23,216,13
18825,25,2026-03-23,117,6
18826,26,2026-03-23,214,9
18827,27,2026-03-23,138,7
18828,28,2026-03-23,123,5
18829,29,2026-03-23,183,10
18830,30,2026-03-23,171,11
18831,31,2026-03-23,148,7
18832,32,2026-03-23,159,7
18833,33,2026-03-23,165,10
18834,34,2026-03-23,118,7
18835,35,2026-03-23,113,6
18836,36,2026-03-23,291,19
18837,37,2026-03-23,252,13
18838,38,2026-03-23,168,12
18839,39,2026-03-23,157,9
18840,40,2026-03-23,160,10
18841,41,2026-03-23,143,8
18842,42,2026-03-23,169,9
18843,43,2026-03-23,174,10
18844,44,2026-03-23,123,8
18845,45,2026-03-23,178,8
18846,46,2026-03-23,181,12
18847,47,2026-03-23,192,11
18848,48,2026-03-23,126,6
18849,49,2026-03-23,136,5
18850,50,2026-03-23,189,9
18851,51,2026-03-23,212,10
18852,52,2026-03-23,139,10
18853,53,2026-03-23,137,5
18854,54,2026-03-23,127,6
18855,55,2026-03-23,155,10
18856,56,2026-03-23,195,11
18857,57,2026-03-23,109,5
18858,58,2026-03-23,187,13
18859,59,2026-03-23,142,7
18860,60,2026-03-23,265,19
18861,61,2026-03-23,207,12
18862,62,2026-03-23,166,7
18863,63,2026-03-23,446,27
18864,64,2026-03-23,166,10
18865,65,2026-03-23,209,11
18866,66,2026-03-23,169,7
18867,67,2026-03-23,200,11
18868,68,2026-03-23,89,3
18869,69,2026-03-23,197,9
18870,70,2026-03-23,94,7
18871,71,2026-03-23,184,10
18872,72,2026-03-23,262,15
18873,73,2026-03-23,185,9
18874,74,2026-03-23,181,11
18875,75,2026-03-23,160,8
18876,76,2026-03-23,160,6
18877,77,2026-03-23,94,6
18878,78,2026-03-23,141,4
18879,79,2026-03-23,139,6
18880,80,2026-03-23,289,15
18881,81,2026-03-23,156,7
18882,82,2026-03-23,155,7
18883,83,2026-03-23,195,10
18884,84,2026-03-23,186,11
18885,85,2026-03-23,188,9
18886,86,2026-03-23,244,13
18887,87,2026-03-23,156,7
18888,88,2026-03-23,159,6
18889,89,2026-03-23,258,15
18890,90,2026-03-23,205,11
18891,91,2026-03-23,157,7
18892,92,2026-03-23,454,31
18893,93,2026-03-23,201,8
18894,94,2026-03-23,168,11
18895,95,2026-03-23,209,9
18896,96,2026-03-23,136,8
18897,97,2026-03-23,169,7
18898,98,2026-03-23,186,11
18899,99,2026-03-23,165,5
18900,100,2026-03-23,215,10
18901,1,2026-03-24,133,7
18902,2,2026-03-24,155,10
18903,3,2026-03-24,164,11
18904,4,2026-03-24,227,15
18905,5,2026-03-24,207,11
18906,6,2026-03-24,240,14
18907,7,2026-03-24,266,15
18908,8,2026-03-24,187,11
18909,9,2026-03-24,160,9
18910,10,2026-03-24,127,8
18911,11,2026-03-24,181,7
18912,12,2026-03-24,168,10
18913,13,2026-03-24,116,7
18914,14,2026-03-24,164,12
18915,15,2026-03-24,143,10
18916,16,2026-03-24,211,13
18917,17,2026-03-24,235,11
18918,18,2026-03-24,156,6
18919,19,2026-03-24,134,7
18920,20,2026-03-24,94,5
18921,21,2026-03-24,118,1
18922,22,2026-03-24,180,12
18923,23,2026-03-24,143,10
18924,24,2026-03-24,209,12
18925,25,2026-03-24,129,5
18926,26,2026-03-24,208,11
18927,27,2026-03-24,151,10
18928,28,2026-03-24,102,5
18929,29,2026-03-24,177,6
18930,30,2026-03-24,118,9
18931,31,2026-03-24,135,10
18932,32,2026-03-24,165,10
18933,33,2026-03-24,112,6
18934,34,2026-03-24,75,4
18935,35,2026-03-24,84,5
18936,36,2026-03-24,233,16
18937,37,2026-03-24,208,9
18938,38,2026-03-24,134,8
18939,39,2026-03-24,143,8
18940,40,2026-03-24,117,5
18941,41,2026-03-24,145,6
18942,42,2026-03-24,166,11
18943,43,2026-03-24,146,9
18944,44,2026-03-24,106,7
18945,45,2026-03-24,162,12
18946,46,2026-03-24,193,10
18947,47,2026-03-24,152,11
18948,48,2026-03-24,133,7
18949,49,2026-03-24,145,5
18950,50,2026-03-24,125,10
18951,51,2026-03-24,189,12
18952,52,2026-03-24,133,7
18953,53,2026-03-24,110,6
18954,54,2026-03-24,116,7
18955,55,2026-03-24,137,7
18956,56,2026-03-24,189,11
18957,57,2026-03-24,116,5
18958,58,2026-03-24,158,10
18959,59,2026-03-24,118,8
18960,60,2026-03-24,236,14
18961,61,2026-03-24,175,9
18962,62,2026-03-24,160,6
18963,63,2026-03-24,381,20
18964,64,2026-03-24,115,4
18965,65,2026-03-24,174,11
18966,66,2026-03-24,160,8
18967,67,2026-03-24,213,12
18968,68,2026-03-24,85,6
18969,69,2026-03-24,167,11
18970,70,2026-03-24,76,5
18971,71,2026-03-24,131,9
18972,72,2026-03-24,214,13
18973,73,2026-03-24,185,10
18974,74,2026-03-24,131,5
18975,75,2026-03-24,159,11
18976,76,2026-03-24,162,11
18977,77,2026-03-24,98,6
18978,78,2026-03-24,103,6
18979,79,2026-03-24,120,7
18980,80,2026-03-24,193,12
18981,81,2026-03-24,123,6
18982,82,2026-03-24,125,6
18983,83,2026-03-24,127,6
18984,84,2026-03-24,176,12
18985,85,2026-03-24,152,8
18986,86,2026-03-24,134,5
18987,87,2026-03-24,107,6
18988,88,2026-03-24,124,6
18989,89,2026-03-24,220,11
18990,90,2026-03-24,153,10
18991,91,2026-03-24,129,6
18992,92,2026-03-24,295,18
18993,93,2026-03-24,176,14
18994,94,2026-03-24,143,5
18995,95,2026-03-24,225,14
18996,96,2026-03-24,115,6
18997,97,2026-03-24,129,7
18998,98,2026-03-24,146,11
18999,99,2026-03-24,140,10
19000,100,2026-03-24,175,10
19001,1,2026-03-25,134,8
19002,2,2026-03-25,159,7
19003,3,2026-03-25,215,13
19004,4,2026-03-25,227,14
19005,5,2026-03-25,188,12
19006,6,2026-03-25,240,14
19007,7,2026-03-25,280,15
19008,8,2026-03-25,226,12
19009,9,2026-03-25,130,5
19010,10,2026-03-25,139,6
19011,11,2026-03-25,165,9
19012,12,2026-03-25,172,12
19013,13,2026-03-25,127,10
19014,14,2026-03-25,150,9
19015,15,2026-03-25,138,12
19016,16,2026-03-25,163,8
19017,17,2026-03-25,219,12
19018,18,2026-03-25,167,12
19019,19,2026-03-25,159,10
19020,20,2026-03-25,97,3
19021,21,2026-03-25,119,6
19022,22,2026-03-25,187,9
19023,23,2026-03-25,109,5
19024,24,2026-03-25,184,12
19025,25,2026-03-25,113,8
19026,26,2026-03-25,210,11
19027,27,2026-03-25,141,9
19028,28,2026-03-25,94,4
19029,29,2026-03-25,191,13
19030,30,2026-03-25,139,8
19031,31,2026-03-25,114,7
19032,32,2026-03-25,192,12
19033,33,2026-03-25,126,10
19034,34,2026-03-25,98,2
19035,35,2026-03-25,114,5
19036,36,2026-03-25,211,14
19037,37,2026-03-25,189,15
19038,38,2026-03-25,141,7
19039,39,2026-03-25,145,8
19040,40,2026-03-25,140,6
19041,41,2026-03-25,126,5
19042,42,2026-03-25,176,10
19043,43,2026-03-25,136,11
19044,44,2026-03-25,93,8
19045,45,2026-03-25,180,10
19046,46,2026-03-25,155,12
19047,47,2026-03-25,168,12
19048,48,2026-03-25,119,3
19049,49,2026-03-25,138,8
19050,50,2026-03-25,171,9
19051,51,2026-03-25,175,7
19052,52,2026-03-25,138,4
19053,53,2026-03-25,110,6
19054,54,2026-03-25,116,6
19055,55,2026-03-25,136,6
19056,56,2026-03-25,172,11
19057,57,2026-03-25,105,4
19058,58,2026-03-25,140,8
19059,59,2026-03-25,131,8
19060,60,2026-03-25,220,8
19061,61,2026-03-25,152,6
19062,62,2026-03-25,160,7
19063,63,2026-03-25,372,23
19064,64,2026-03-25,126,7
19065,65,2026-03-25,205,9
19066,66,2026-03-25,135,5
19067,67,2026-03-25,203,14
19068,68,2026-03-25,85,7
19069,69,2026-03-25,167,14
19070,70,2026-03-25,101,11
19071,71,2026-03-25,162,10
19072,72,2026-03-25,187,8
19073,73,2026-03-25,173,10
19074,74,2026-03-25,167,10
19075,75,2026-03-25,151,6
19076,76,2026-03-25,146,12
19077,77,2026-03-25,87,6
19078,78,2026-03-25,128,4
19079,79,2026-03-25,100,8
19080,80,2026-03-25,242,13
19081,81,2026-03-25,136,4
19082,82,2026-03-25,141,8
19083,83,2026-03-25,174,15
19084,84,2026-03-25,126,9
19085,85,2026-03-25,198,15
19086,86,2026-03-25,105,4
19087,87,2026-03-25,124,10
19088,88,2026-03-25,177,11
19089,89,2026-03-25,253,11
19090,90,2026-03-25,145,9
19091,91,2026-03-25,131,11
19092,92,2026-03-25,313,18
19093,93,2026-03-25,185,13
19094,94,2026-03-25,148,10
19095,95,2026-03-25,175,9
19096,96,2026-03-25,111,5
19097,97,2026-03-25,153,7
19098,98,2026-03-25,183,7
19099,99,2026-03-25,147,11
19100,100,2026-03-25,189,14
19101,1,2026-03-26,129,8
19102,2,2026-03-26,137,7
19103,3,2026-03-26,178,7
19104,4,2026-03-26,207,9
19105,5,2026-03-26,209,13
19106,6,2026-03-26,184,11
19107,7,2026-03-26,264,10
19108,8,2026-03-26,208,13
19109,9,2026-03-26,140,6
19110,10,2026-03-26,105,6
19111,11,2026-03-26,126,11
19112,12,2026-03-26,151,10
19113,13,2026-03-26,83,3
19114,14,2026-03-26,123,7
19115,15,2026-03-26,115,8
19116,16,2026-03-26,185,12
19117,17,2026-03-26,195,10
19118,18,2026-03-26,144,8
19119,19,2026-03-26,119,5
19120,20,2026-03-26,86,3
19121,21,2026-03-26,80,3
19122,22,2026-03-26,164,11
19123,23,2026-03-26,95,2
19124,24,2026-03-26,179,13
19125,25,2026-03-26,125,6
19126,26,2026-03-26,181,8
19127,27,2026-03-26,129,8
19128,28,2026-03-26,100,4
19129,29,2026-03-26,175,12
19130,30,2026-03-26,109,8
19131,31,2026-03-26,106,6
19132,32,2026-03-26,126,4
19133,33,2026-03-26,128,9
19134,34,2026-03-26,65,3
19135,35,2026-03-26,90,5
19136,36,2026-03-26,206,13
19137,37,2026-03-26,153,7
19138,38,2026-03-26,124,7
19139,39,2026-03-26,115,10
19140,40,2026-03-26,107,3
19141,41,2026-03-26,109,5
19142,42,2026-03-26,164,10
19143,43,2026-03-26,111,9
19144,44,2026-03-26,83,5
19145,45,2026-03-26,163,13
19146,46,2026-03-26,116,6
19147,47,2026-03-26,151,9
19148,48,2026-03-26,113,7
19149,49,2026-03-26,130,6
19150,50,2026-03-26,162,5
19151,51,2026-03-26,145,12
19152,52,2026-03-26,108,5
19153,53,2026-03-26,118,8
19154,54,2026-03-26,104,6
19155,55,2026-03-26,123,8
19156,56,2026-03-26,161,8
19157,57,2026-03-26,84,2
19158,58,2026-03-26,161,8
19159,59,2026-03-26,145,7
19160,60,2026-03-26,212,11
19161,61,2026-03-26,129,10
19162,62,2026-03-26,135,5
19163,63,2026-03-26,184,13
19164,64,2026-03-26,105,6
19165,65,2026-03-26,143,8
19166,66,2026-03-26,97,6
19167,67,2026-03-26,186,13
19168,68,2026-03-26,58,2
19169,69,2026-03-26,127,5
19170,70,2026-03-26,76,6
19171,71,2026-03-26,189,9
19172,72,2026-03-26,155,9
19173,73,2026-03-26,152,7
19174,74,2026-03-26,111,6
19175,75,2026-03-26,133,8
19176,76,2026-03-26,127,6
19177,77,2026-03-26,77,4
19178,78,2026-03-26,127,8
19179,79,2026-03-26,94,7
19180,80,2026-03-26,206,10
19181,81,2026-03-26,134,5
19182,82,2026-03-26,139,10
19183,83,2026-03-26,161,8
19184,84,2026-03-26,154,10
19185,85,2026-03-26,129,5
19186,86,2026-03-26,122,6
19187,87,2026-03-26,121,10
19188,88,2026-03-26,122,8
19189,89,2026-03-26,204,11
19190,90,2026-03-26,131,9
19191,91,2026-03-26,136,10
19192,92,2026-03-26,329,20
19193,93,2026-03-26,148,13
19194,94,2026-03-26,132,9
19195,95,2026-03-26,151,11
19196,96,2026-03-26,105,7
19197,97,2026-03-26,140,8
19198,98,2026-03-26,166,7
19199,99,2026-03-26,137,8
19200,100,2026-03-26,158,6
19201,1,2026-03-27,133,4
19202,2,2026-03-27,121,9
19203,3,2026-03-27,113,9
19204,4,2026-03-27,199,10
19205,5,2026-03-27,171,10
19206,6,2026-03-27,196,11
19207,7,2026-03-27,215,13
19208,8,2026-03-27,214,16
19209,9,2026-03-27,155,9
19210,10,2026-03-27,83,6
19211,11,2026-03-27,149,11
19212,12,2026-03-27,136,8
19213,13,2026-03-27,112,7
19214,14,2026-03-27,154,6
19215,15,2026-03-27,120,6
19216,16,2026-03-27,171,9
19217,17,2026-03-27,175,9
19218,18,2026-03-27,131,6
19219,19,2026-03-27,120,8
19220,20,2026-03-27,93,5
19221,21,2026-03-27,108,3
19222,22,2026-03-27,195,9
19223,23,2026-03-27,120,6
19224,24,2026-03-27,169,8
19225,25,2026-03-27,103,4
19226,26,2026-03-27,148,6
19227,27,2026-03-27,101,7
19228,28,2026-03-27,69,5
19229,29,2026-03-27,169,10
19230,30,2026-03-27,130,6
19231,31,2026-03-27,108,7
19232,32,2026-03-27,128,7
19233,33,2026-03-27,111,5
19234,34,2026-03-27,76,6
19235,35,2026-03-27,107,6
19236,36,2026-03-27,226,14
19237,37,2026-03-27,171,11
19238,38,2026-03-27,111,8
19239,39,2026-03-27,138,5
19240,40,2026-03-27,130,8
19241,41,2026-03-27,110,4
19242,42,2026-03-27,133,12
19243,43,2026-03-27,123,7
19244,44,2026-03-27,82,2
19245,45,2026-03-27,167,11
19246,46,2026-03-27,115,9
19247,47,2026-03-27,125,6
19248,48,2026-03-27,125,6
19249,49,2026-03-27,122,7
19250,50,2026-03-27,135,7
19251,51,2026-03-27,166,11
19252,52,2026-03-27,94,7
19253,53,2026-03-27,103,5
19254,54,2026-03-27,108,7
19255,55,2026-03-27,145,4
19256,56,2026-03-27,168,10
19257,57,2026-03-27,71,0
19258,58,2026-03-27,124,7
19259,59,2026-03-27,112,1
19260,60,2026-03-27,240,10
19261,61,2026-03-27,158,10
19262,62,2026-03-27,129,11
19263,63,2026-03-27,160,10
19264,64,2026-03-27,101,8
19265,65,2026-03-27,189,11
19266,66,2026-03-27,88,6
19267,67,2026-03-27,119,5
19268,68,2026-03-27,74,4
19269,69,2026-03-27,161,13
19270,70,2026-03-27,79,5
19271,71,2026-03-27,159,9
19272,72,2026-03-27,170,8
19273,73,2026-03-27,138,10
19274,74,2026-03-27,117,6
19275,75,2026-03-27,141,14
19276,76,2026-03-27,111,4
19277,77,2026-03-27,81,6
19278,78,2026-03-27,122,8
19279,79,2026-03-27,102,5
19280,80,2026-03-27,222,15
19281,81,2026-03-27,127,7
19282,82,2026-03-27,135,7
19283,83,2026-03-27,182,10
19284,84,2026-03-27,121,11
19285,85,2026-03-27,153,10
19286,86,2026-03-27,107,7
19287,87,2026-03-27,108,7
19288,88,2026-03-27,136,10
19289,89,2026-03-27,230,12
19290,90,2026-03-27,133,6
19291,91,2026-03-27,105,5
19292,92,2026-03-27,285,15
19293,93,2026-03-27,179,9
19294,94,2026-03-27,125,9
19295,95,2026-03-27,171,13
19296,96,2026-03-27,136,6
19297,97,2026-03-27,148,6
19298,98,2026-03-27,140,9
19299,99,2026-03-27,131,8
19300,100,2026-03-27,130,7
19301,1,2026-03-28,119,11
19302,2,2026-03-28,118,5
19303,3,2026-03-28,161,5
19304,4,2026-03-28,203,11
19305,5,2026-03-28,147,9
19306,6,2026-03-28,241,13
19307,7,2026-03-28,222,14
19308,8,2026-03-28,202,11
19309,9,2026-03-28,141,8
19310,10,2026-03-28,107,6
19311,11,2026-03-28,144,8
19312,12,2026-03-28,145,7
19313,13,2026-03-28,113,9
19314,14,2026-03-28,146,10
19315,15,2026-03-28,127,6
19316,16,2026-03-28,153,9
19317,17,2026-03-28,181,14
19318,18,2026-03-28,143,4
19319,19,2026-03-28,127,6
19320,20,2026-03-28,90,4
19321,21,2026-03-28,92,4
19322,22,2026-03-28,169,10
19323,23,2026-03-28,102,6
19324,24,2026-03-28,166,11
19325,25,2026-03-28,106,7
19326,26,2026-03-28,205,15
19327,27,2026-03-28,125,7
19328,28,2026-03-28,94,8
19329,29,2026-03-28,122,5
19330,30,2026-03-28,130,7
19331,31,2026-03-28,101,5
19332,32,2026-03-28,108,5
19333,33,2026-03-28,129,6
19334,34,2026-03-28,77,2
19335,35,2026-03-28,88,5
19336,36,2026-03-28,204,10
19337,37,2026-03-28,144,11
19338,38,2026-03-28,121,5
19339,39,2026-03-28,103,6
19340,40,2026-03-28,110,6
19341,41,2026-03-28,121,6
19342,42,2026-03-28,141,6
19343,43,2026-03-28,138,7
19344,44,2026-03-28,86,5
19345,45,2026-03-28,131,7
19346,46,2026-03-28,153,10
19347,47,2026-03-28,146,8
19348,48,2026-03-28,104,6
19349,49,2026-03-28,122,10
19350,50,2026-03-28,153,7
19351,51,2026-03-28,168,9
19352,52,2026-03-28,117,6
19353,53,2026-03-28,110,6
19354,54,2026-03-28,97,4
19355,55,2026-03-28,115,5
19356,56,2026-03-28,155,6
19357,57,2026-03-28,84,2
19358,58,2026-03-28,161,11
19359,59,2026-03-28,149,7
19360,60,2026-03-28,185,8
19361,61,2026-03-28,145,7
19362,62,2026-03-28,145,8
19363,63,2026-03-28,233,16
19364,64,2026-03-28,114,4
19365,65,2026-03-28,143,10
19366,66,2026-03-28,112,2
19367,67,2026-03-28,161,8
19368,68,2026-03-28,55,1
19369,69,2026-03-28,145,9
19370,70,2026-03-28,72,5
19371,71,2026-03-28,136,4
19372,72,2026-03-28,166,6
19373,73,2026-03-28,140,11
19374,74,2026-03-28,108,7
19375,75,2026-03-28,132,11
19376,76,2026-03-28,130,5
19377,77,2026-03-28,64,2
19378,78,2026-03-28,140,6
19379,79,2026-03-28,100,5
19380,80,2026-03-28,214,16
19381,81,2026-03-28,147,9
19382,82,2026-03-28,115,8
19383,83,2026-03-28,144,7
19384,84,2026-03-28,145,9
19385,85,2026-03-28,184,13
19386,86,2026-03-28,116,9
19387,87,2026-03-28,121,10
19388,88,2026-03-28,118,7
19389,89,2026-03-28,203,11
19390,90,2026-03-28,155,7
19391,91,2026-03-28,114,8
19392,92,2026-03-28,295,17
19393,93,2026-03-28,165,8
19394,94,2026-03-28,155,6
19395,95,2026-03-28,160,6
19396,96,2026-03-28,86,5
19397,97,2026-03-28,144,6
19398,98,2026-03-28,143,4
19399,99,2026-03-28,118,6
19400,100,2026-03-28,161,9
19401,1,2026-03-29,63,5
19402,2,2026-03-29,64,2
19403,3,2026-03-29,42,1
19404,4,2026-03-29,119,8
19405,5,2026-03-29,100,7
19406,6,2026-03-29,148,7
19407,7,2026-03-29,122,6
19408,8,2026-03-29,139,8
19409,9,2026-03-29,104,4
19410,10,2026-03-29,68,3
19411,11,2026-03-29,106,7
19412,12,2026-03-29,102,4
19413,13,2026-03-29,78,6
19414,14,2026-03-29,68,6
19415,15,2026-03-29,73,4
19416,16,2026-03-29,131,10
19417,17,2026-03-29,95,3
19418,18,2026-03-29,83,4
19419,19,2026-03-29,66,1
19420,20,2026-03-29,57,0
19421,21,2026-03-29,62,5
19422,22,2026-03-29,109,4
19423,23,2026-03-29,69,5
19424,24,2026-03-29,72,3
19425,25,2026-03-29,71,0
19426,26,2026-03-29,86,5
19427,27,2026-03-29,71,3
19428,28,2026-03-29,51,0
19429,29,2026-03-29,79,7
19430,30,2026-03-29,61,3
19431,31,2026-03-29,68,1
19432,32,2026-03-29,86,4
19433,33,2026-03-29,45,1
19434,34,2026-03-29,49,2
19435,35,2026-03-29,42,3
19436,36,2026-03-29,112,8
19437,37,2026-03-29,111,8
19438,38,2026-03-29,103,6
19439,39,2026-03-29,83,5
19440,40,2026-03-29,55,3
19441,41,2026-03-29,75,5
19442,42,2026-03-29,139,7
19443,43,2026-03-29,70,2
19444,44,2026-03-29,57,1
19445,45,2026-03-29,74,2
19446,46,2026-03-29,78,4
19447,47,2026-03-29,70,1
19448,48,2026-03-29,67,4
19449,49,2026-03-29,61,4
19450,50,2026-03-29,104,7
19451,51,2026-03-29,105,7
19452,52,2026-03-29,58,4
19453,53,2026-03-29,52,4
19454,54,2026-03-29,70,5
19455,55,2026-03-29,80,3
19456,56,2026-03-29,101,7
19457,57,2026-03-29,63,3
19458,58,2026-03-29,71,7
19459,59,2026-03-29,84,7
19460,60,2026-03-29,91,4
19461,61,2026-03-29,75,5
19462,62,2026-03-29,105,8
19463,63,2026-03-29,96,4
19464,64,2026-03-29,83,2
19465,65,2026-03-29,102,9
19466,66,2026-03-29,67,3
19467,67,2026-03-29,89,5
19468,68,2026-03-29,38,0
19469,69,2026-03-29,89,3
19470,70,2026-03-29,42,3
19471,71,2026-03-29,104,4
19472,72,2026-03-29,102,7
19473,73,2026-03-29,94,7
19474,74,2026-03-29,63,7
19475,75,2026-03-29,96,2
19476,76,2026-03-29,66,0
19477,77,2026-03-29,39,0
19478,78,2026-03-29,70,6
19479,79,2026-03-29,54,4
19480,80,2026-03-29,120,9
19481,81,2026-03-29,65,6
19482,82,2026-03-29,72,2
19483,83,2026-03-29,95,4
19484,84,2026-03-29,80,3
19485,85,2026-03-29,106,8
19486,86,2026-03-29,56,2
19487,87,2026-03-29,52,0
19488,88,2026-03-29,48,2
19489,89,2026-03-29,133,8
19490,90,2026-03-29,70,1
19491,91,2026-03-29,73,5
19492,92,2026-03-29,159,6
19493,93,2026-03-29,89,8
19494,94,2026-03-29,66,4
19495,95,2026-03-29,107,4
19496,96,2026-03-29,74,2
19497,97,2026-03-29,49,3
19498,98,2026-03-29,81,6
19499,99,2026-03-29,64,5
19500,100,2026-03-29,66,3
19501,1,2026-03-30,177,10
19502,2,2026-03-30,161,9
19503,3,2026-03-30,192,11
19504,4,2026-03-30,270,12
19505,5,2026-03-30,228,13
19506,6,2026-03-30,278,13
19507,7,2026-03-30,270,16
19508,8,2026-03-30,226,13
19509,9,2026-03-30,202,14
19510,10,2026-03-30,135,8
19511,11,2026-03-30,198,11
19512,12,2026-03-30,198,12
19513,13,2026-03-30,118,9
19514,14,2026-03-30,187,8
19515,15,2026-03-30,162,8
19516,16,2026-03-30,241,14
19517,17,2026-03-30,257,16
19518,18,2026-03-30,196,11
19519,19,2026-03-30,169,9
19520,20,2026-03-30,106,8
19521,21,2026-03-30,129,6
19522,22,2026-03-30,177,10
19523,23,2026-03-30,158,9
19524,24,2026-03-30,218,10
19525,25,2026-03-30,151,7
19526,26,2026-03-30,230,13
19527,27,2026-03-30,144,9
19528,28,2026-03-30,111,4
19529,29,2026-03-30,220,15
19530,30,2026-03-30,170,13
19531,31,2026-03-30,151,6
19532,32,2026-03-30,145,11
19533,33,2026-03-30,152,7
19534,34,2026-03-30,107,4
19535,35,2026-03-30,128,9
19536,36,2026-03-30,246,14
19537,37,2026-03-30,236,13
19538,38,2026-03-30,155,11
19539,39,2026-03-30,187,6
19540,40,2026-03-30,146,10
19541,41,2026-03-30,153,6
19542,42,2026-03-30,231,12
19543,43,2026-03-30,157,7
19544,44,2026-03-30,109,5
19545,45,2026-03-30,187,10
19546,46,2026-03-30,202,13
19547,47,2026-03-30,181,12
19548,48,2026-03-30,126,7
19549,49,2026-03-30,159,10
19550,50,2026-03-30,166,9
19551,51,2026-03-30,205,12
19552,52,2026-03-30,141,8
19553,53,2026-03-30,141,7
19554,54,2026-03-30,124,6
19555,55,2026-03-30,180,8
19556,56,2026-03-30,219,12
19557,57,2026-03-30,115,4
19558,58,2026-03-30,166,12
19559,59,2026-03-30,172,11
19560,60,2026-03-30,166,6
19561,61,2026-03-30,192,9
19562,62,2026-03-30,150,7
19563,63,2026-03-30,237,12
19564,64,2026-03-30,174,11
19565,65,2026-03-30,205,11
19566,66,2026-03-30,137,9
19567,67,2026-03-30,234,14
19568,68,2026-03-30,97,4
19569,69,2026-03-30,191,8
19570,70,2026-03-30,108,4
19571,71,2026-03-30,191,8
19572,72,2026-03-30,227,15
19573,73,2026-03-30,214,13
19574,74,2026-03-30,149,12
19575,75,2026-03-30,184,14
19576,76,2026-03-30,153,13
19577,77,2026-03-30,113,8
19578,78,2026-03-30,152,10
19579,79,2026-03-30,144,6
19580,80,2026-03-30,276,17
19581,81,2026-03-30,143,10
19582,82,2026-03-30,169,9
19583,83,2026-03-30,203,15
19584,84,2026-03-30,206,12
19585,85,2026-03-30,192,14
19586,86,2026-03-30,148,7
19587,87,2026-03-30,134,7
19588,88,2026-03-30,165,9
19589,89,2026-03-30,277,15
19590,90,2026-03-30,168,11
19591,91,2026-03-30,179,10
19592,92,2026-03-30,364,22
19593,93,2026-03-30,216,12
19594,94,2026-03-30,159,10
19595,95,2026-03-30,209,11
19596,96,2026-03-30,127,9
19597,97,2026-03-30,182,9
19598,98,2026-03-30,202,15
19599,99,2026-03-30,151,12
19600,100,2026-03-30,189,12
19601,1,2026-03-31,101,3
19602,2,2026-03-31,150,8
19603,3,2026-03-31,172,11
19604,4,2026-03-31,263,17
19605,5,2026-03-31,194,13
19606,6,2026-03-31,217,14
19607,7,2026-03-31,262,12
19608,8,2026-03-31,227,13
19609,9,2026-03-31,162,10
19610,10,2026-03-31,118,6
19611,11,2026-03-31,146,10
19612,12,2026-03-31,169,5
19613,13,2026-03-31,108,8
19614,14,2026-03-31,168,8
19615,15,2026-03-31,139,7
19616,16,2026-03-31,204,10
19617,17,2026-03-31,212,10
19618,18,2026-03-31,155,5
19619,19,2026-03-31,138,8
19620,20,2026-03-31,98,8
19621,21,2026-03-31,97,7
19622,22,2026-03-31,185,10
19623,23,2026-03-31,101,3
19624,24,2026-03-31,177,16
19625,25,2026-03-31,132,4
19626,26,2026-03-31,167,10
19627,27,2026-03-31,137,8
19628,28,2026-03-31,102,5
19629,29,2026-03-31,172,8
19630,30,2026-03-31,145,8
19631,31,2026-03-31,137,10
19632,32,2026-03-31,113,9
19633,33,2026-03-31,141,12
19634,34,2026-03-31,67,3
19635,35,2026-03-31,118,6
19636,36,2026-03-31,220,9
19637,37,2026-03-31,190,10
19638,38,2026-03-31,154,9
19639,39,2026-03-31,134,6
19640,40,2026-03-31,105,9
19641,41,2026-03-31,122,7
19642,42,2026-03-31,168,6
19643,43,2026-03-31,129,8
19644,44,2026-03-31,100,3
19645,45,2026-03-31,147,8
19646,46,2026-03-31,167,11
19647,47,2026-03-31,145,5
19648,48,2026-03-31,134,10
19649,49,2026-03-31,150,7
19650,50,2026-03-31,162,5
19651,51,2026-03-31,186,10
19652,52,2026-03-31,116,10
19653,53,2026-03-31,119,9
19654,54,2026-03-31,114,6
19655,55,2026-03-31,148,8
19656,56,2026-03-31,202,14
19657,57,2026-03-31,106,6
19658,58,2026-03-31,154,11
19659,59,2026-03-31,151,9
19660,60,2026-03-31,144,13
19661,61,2026-03-31,168,12
19662,62,2026-03-31,163,8
19663,63,2026-03-31,247,15
19664,64,2026-03-31,146,7
19665,65,2026-03-31,202,10
19666,66,2026-03-31,140,4
19667,67,2026-03-31,172,10
19668,68,2026-03-31,78,5
19669,69,2026-03-31,193,7
19670,70,2026-03-31,100,7
19671,71,2026-03-31,155,8
19672,72,2026-03-31,186,12
19673,73,2026-03-31,166,9
19674,74,2026-03-31,123,5
19675,75,2026-03-31,163,9
19676,76,2026-03-31,139,5
19677,77,2026-03-31,95,6
19678,78,2026-03-31,127,8
19679,79,2026-03-31,107,6
19680,80,2026-03-31,266,17
19681,81,2026-03-31,149,9
19682,82,2026-03-31,124,4
19683,83,2026-03-31,176,8
19684,84,2026-03-31,176,11
19685,85,2026-03-31,174,9
19686,86,2026-03-31,125,6
19687,87,2026-03-31,140,8
19688,88,2026-03-31,133,10
19689,89,2026-03-31,235,9
19690,90,2026-03-31,133,5
19691,91,2026-03-31,116,7
19692,92,2026-03-31,394,22
19693,93,2026-03-31,171,13
19694,94,2026-03-31,138,6
19695,95,2026-03-31,191,12
19696,96,2026-03-31,129,6
19697,97,2026-03-31,153,7
19698,98,2026-03-31,166,9
19699,99,2026-03-31,156,10
19700,100,2026-03-31,175,11
19701,1,2026-04-01,110,9
19702,2,2026-04-01,146,8
19703,3,2026-04-01,170,10
19704,4,2026-04-01,263,18
19705,5,2026-04-01,184,12
19706,6,2026-04-01,197,14
19707,7,2026-04-01,257,14
19708,8,2026-04-01,216,12
19709,9,2026-04-01,150,8
19710,10,2026-04-01,98,5
19711,11,2026-04-01,183,10
19712,12,2026-04-01,137,10
19713,13,2026-04-01,125,3
19714,14,2026-04-01,189,13
19715,15,2026-04-01,131,8
19716,16,2026-04-01,221,16
19717,17,2026-04-01,201,9
19718,18,2026-04-01,118,5
19719,19,2026-04-01,137,6
19720,20,2026-04-01,88,4
19721,21,2026-04-01,115,5
19722,22,2026-04-01,161,12
19723,23,2026-04-01,113,7
19724,24,2026-04-01,169,13
19725,25,2026-04-01,124,5
19726,26,2026-04-01,165,13
19727,27,2026-04-01,144,5
19728,28,2026-04-01,99,1
19729,29,2026-04-01,170,12
19730,30,2026-04-01,148,8
19731,31,2026-04-01,130,7
19732,32,2026-04-01,147,6
19733,33,2026-04-01,136,9
19734,34,2026-04-01,87,8
19735,35,2026-04-01,102,7
19736,36,2026-04-01,226,16
19737,37,2026-04-01,166,9
19738,38,2026-04-01,143,5
19739,39,2026-04-01,147,3
19740,40,2026-04-01,125,5
19741,41,2026-04-01,160,8
19742,42,2026-04-01,198,9
19743,43,2026-04-01,159,8
19744,44,2026-04-01,93,5
19745,45,2026-04-01,133,10
19746,46,2026-04-01,166,12
19747,47,2026-04-01,162,13
19748,48,2026-04-01,105,6
19749,49,2026-04-01,107,7
19750,50,2026-04-01,162,12
19751,51,2026-04-01,144,8
19752,52,2026-04-01,112,6
19753,53,2026-04-01,136,11
19754,54,2026-04-01,102,4
19755,55,2026-04-01,140,9
19756,56,2026-04-01,192,13
19757,57,2026-04-01,92,4
19758,58,2026-04-01,165,10
19759,59,2026-04-01,144,11
19760,60,2026-04-01,140,6
19761,61,2026-04-01,168,7
19762,62,2026-04-01,134,11
19763,63,2026-04-01,227,12
19764,64,2026-04-01,129,7
19765,65,2026-04-01,223,13
19766,66,2026-04-01,117,6
19767,67,2026-04-01,176,14
19768,68,2026-04-01,84,6
19769,69,2026-04-01,172,8
19770,70,2026-04-01,87,3
19771,71,2026-04-01,160,8
19772,72,2026-04-01,206,13
19773,73,2026-04-01,191,10
19774,74,2026-04-01,131,7
19775,75,2026-04-01,154,12
19776,76,2026-04-01,148,9
19777,77,2026-04-01,94,5
19778,78,2026-04-01,120,6
19779,79,2026-04-01,107,12
19780,80,2026-04-01,212,12
19781,81,2026-04-01,139,6
19782,82,2026-04-01,163,12
19783,83,2026-04-01,193,10
19784,84,2026-04-01,180,10
19785,85,2026-04-01,179,10
19786,86,2026-04-01,118,9
19787,87,2026-04-01,126,7
19788,88,2026-04-01,171,7
19789,89,2026-04-01,241,16
19790,90,2026-04-01,144,10
19791,91,2026-04-01,138,3
19792,92,2026-04-01,301,16
19793,93,2026-04-01,182,10
19794,94,2026-04-01,172,10
19795,95,2026-04-01,226,10
19796,96,2026-04-01,110,4
19797,97,2026-04-01,183,11
19798,98,2026-04-01,156,6
19799,99,2026-04-01,162,11
19800,100,2026-04-01,136,8
19801,1,2026-04-02,138,5
19802,2,2026-04-02,133,7
19803,3,2026-04-02,162,11
19804,4,2026-04-02,215,13
19805,5,2026-04-02,196,12
19806,6,2026-04-02,189,6
19807,7,2026-04-02,247,20
19808,8,2026-04-02,194,14
19809,9,2026-04-02,152,9
19810,10,2026-04-02,116,9
19811,11,2026-04-02,141,10
19812,12,2026-04-02,144,10
19813,13,2026-04-02,116,8
19814,14,2026-04-02,146,4
19815,15,2026-04-02,127,4
19816,16,2026-04-02,146,9
19817,17,2026-04-02,199,12
19818,18,2026-04-02,152,10
19819,19,2026-04-02,123,6
19820,20,2026-04-02,83,9
19821,21,2026-04-02,86,4
19822,22,2026-04-02,161,9
19823,23,2026-04-02,97,3
19824,24,2026-04-02,178,13
19825,25,2026-04-02,104,8
19826,26,2026-04-02,167,6
19827,27,2026-04-02,111,7
19828,28,2026-04-02,93,5
19829,29,2026-04-02,172,10
19830,30,2026-04-02,124,8
19831,31,2026-04-02,113,6
19832,32,2026-04-02,140,8
19833,33,2026-04-02,106,6
19834,34,2026-04-02,72,3
19835,35,2026-04-02,101,7
19836,36,2026-04-02,207,12
19837,37,2026-04-02,164,5
19838,38,2026-04-02,112,9
19839,39,2026-04-02,145,8
19840,40,2026-04-02,129,6
19841,41,2026-04-02,123,8
19842,42,2026-04-02,170,9
19843,43,2026-04-02,144,7
19844,44,2026-04-02,81,4
19845,45,2026-04-02,162,11
19846,46,2026-04-02,139,6
19847,47,2026-04-02,135,6
19848,48,2026-04-02,107,6
19849,49,2026-04-02,124,6
19850,50,2026-04-02,147,7
19851,51,2026-04-02,175,11
19852,52,2026-04-02,97,6
19853,53,2026-04-02,90,5
19854,54,2026-04-02,90,6
19855,55,2026-04-02,118,9
19856,56,2026-04-02,174,11
19857,57,2026-04-02,102,5
19858,58,2026-04-02,158,10
19859,59,2026-04-02,147,6
19860,60,2026-04-02,114,7
19861,61,2026-04-02,145,7
19862,62,2026-04-02,139,6
19863,63,2026-04-02,214,11
19864,64,2026-04-02,116,7
19865,65,2026-04-02,160,8
19866,66,2026-04-02,123,7
19867,67,2026-04-02,161,8
19868,68,2026-04-02,67,3
19869,69,2026-04-02,142,7
19870,70,2026-04-02,70,3
19871,71,2026-04-02,152,7
19872,72,2026-04-02,177,10
19873,73,2026-04-02,110,6
19874,74,2026-04-02,109,5
19875,75,2026-04-02,149,10
19876,76,2026-04-02,138,5
19877,77,2026-04-02,57,4
19878,78,2026-04-02,147,9
19879,79,2026-04-02,109,11
19880,80,2026-04-02,219,12
19881,81,2026-04-02,111,6
19882,82,2026-04-02,143,10
19883,83,2026-04-02,159,11
19884,84,2026-04-02,143,8
19885,85,2026-04-02,130,9
19886,86,2026-04-02,107,7
19887,87,2026-04-02,99,6
19888,88,2026-04-02,120,6
19889,89,2026-04-02,236,17
19890,90,2026-04-02,135,10
19891,91,2026-04-02,121,7
19892,92,2026-04-02,314,17
19893,93,2026-04-02,131,8
19894,94,2026-04-02,138,8
19895,95,2026-04-02,164,8
19896,96,2026-04-02,104,2
19897,97,2026-04-02,153,11
19898,98,2026-04-02,154,9
19899,99,2026-04-02,133,8
19900,100,2026-04-02,163,11
19901,1,2026-04-03,122,5
19902,2,2026-04-03,125,6
19903,3,2026-04-03,164,8
19904,4,2026-04-03,191,10
19905,5,2026-04-03,161,6
19906,6,2026-04-03,169,14
19907,7,2026-04-03,299,16
19908,8,2026-04-03,166,8
19909,9,2026-04-03,149,8
19910,10,2026-04-03,120,3
19911,11,2026-04-03,158,10
19912,12,2026-04-03,164,10
19913,13,2026-04-03,124,7
19914,14,2026-04-03,183,13
19915,15,2026-04-03,115,5
19916,16,2026-04-03,177,10
19917,17,2026-04-03,192,15
19918,18,2026-04-03,133,6
19919,19,2026-04-03,135,7
19920,20,2026-04-03,92,7
19921,21,2026-04-03,102,6
19922,22,2026-04-03,178,15
19923,23,2026-04-03,97,5
19924,24,2026-04-03,144,9
19925,25,2026-04-03,114,7
19926,26,2026-04-03,195,10
19927,27,2026-04-03,120,10
19928,28,2026-04-03,106,10
19929,29,2026-04-03,153,9
19930,30,2026-04-03,102,8
19931,31,2026-04-03,90,8
19932,32,2026-04-03,141,9
19933,33,2026-04-03,119,8
19934,34,2026-04-03,85,7
19935,35,2026-04-03,108,7
19936,36,2026-04-03,185,8
19937,37,2026-04-03,163,9
19938,38,2026-04-03,119,4
19939,39,2026-04-03,94,5
19940,40,2026-04-03,123,8
19941,41,2026-04-03,112,7
19942,42,2026-04-03,186,9
19943,43,2026-04-03,106,5
19944,44,2026-04-03,82,5
19945,45,2026-04-03,145,6
19946,46,2026-04-03,156,10
19947,47,2026-04-03,148,9
19948,48,2026-04-03,101,2
19949,49,2026-04-03,100,2
19950,50,2026-04-03,156,10
19951,51,2026-04-03,110,5
19952,52,2026-04-03,118,6
19953,53,2026-04-03,104,6
19954,54,2026-04-03,104,5
19955,55,2026-04-03,142,7
19956,56,2026-04-03,166,10
19957,57,2026-04-03,79,1
19958,58,2026-04-03,158,12
19959,59,2026-04-03,134,8
19960,60,2026-04-03,118,4
19961,61,2026-04-03,135,10
19962,62,2026-04-03,134,6
19963,63,2026-04-03,239,13
19964,64,2026-04-03,105,4
19965,65,2026-04-03,211,8
19966,66,2026-04-03,143,6
19967,67,2026-04-03,170,9
19968,68,2026-04-03,74,3
19969,69,2026-04-03,140,12
19970,70,2026-04-03,61,5
19971,71,2026-04-03,146,9
19972,72,2026-04-03,170,13
19973,73,2026-04-03,173,9
19974,74,2026-04-03,111,7
19975,75,2026-04-03,118,7
19976,76,2026-04-03,130,7
19977,77,2026-04-03,76,6
19978,78,2026-04-03,121,5
19979,79,2026-04-03,113,4
19980,80,2026-04-03,205,12
19981,81,2026-04-03,118,4
19982,82,2026-04-03,134,10
19983,83,2026-04-03,144,10
19984,84,2026-04-03,119,8
19985,85,2026-04-03,177,12
19986,86,2026-04-03,114,6
19987,87,2026-04-03,124,5
19988,88,2026-04-03,130,4
19989,89,2026-04-03,194,12
19990,90,2026-04-03,115,4
19991,91,2026-04-03,150,9
19992,92,2026-04-03,283,20
19993,93,2026-04-03,165,11
19994,94,2026-04-03,125,5
19995,95,2026-04-03,195,10
19996,96,2026-04-03,107,11
19997,97,2026-04-03,127,6
19998,98,2026-04-03,159,7
19999,99,2026-04-03,109,7
20000,100,2026-04-03,146,9
20001,1,2026-04-04,125,8
20002,2,2026-04-04,137,6
20003,3,2026-04-04,154,7
20004,4,2026-04-04,208,12
20005,5,2026-04-04,183,11
20006,6,2026-04-04,168,9
20007,7,2026-04-04,243,13
20008,8,2026-04-04,205,11
20009,9,2026-04-04,122,8
20010,10,2026-04-04,104,6
20011,11,2026-04-04,173,9
20012,12,2026-04-04,132,11
20013,13,2026-04-04,77,3
20014,14,2026-04-04,142,9
20015,15,2026-04-04,118,6
20016,16,2026-04-04,186,8
20017,17,2026-04-04,180,11
20018,18,2026-04-04,137,10
20019,19,2026-04-04,133,8
20020,20,2026-04-04,77,4
20021,21,2026-04-04,102,4
20022,22,2026-04-04,139,8
20023,23,2026-04-04,115,8
20024,24,2026-04-04,166,11
20025,25,2026-04-04,129,9
20026,26,2026-04-04,202,13
20027,27,2026-04-04,105,2
20028,28,2026-04-04,96,4
20029,29,2026-04-04,145,4
20030,30,2026-04-04,152,8
20031,31,2026-04-04,117,6
20032,32,2026-04-04,130,7
20033,33,2026-04-04,108,7
20034,34,2026-04-04,94,5
20035,35,2026-04-04,107,11
20036,36,2026-04-04,188,12
20037,37,2026-04-04,169,9
20038,38,2026-04-04,127,4
20039,39,2026-04-04,129,11
20040,40,2026-04-04,98,7
20041,41,2026-04-04,113,8
20042,42,2026-04-04,177,12
20043,43,2026-04-04,142,9
20044,44,2026-04-04,76,4
20045,45,2026-04-04,148,6
20046,46,2026-04-04,153,9
20047,47,2026-04-04,159,8
20048,48,2026-04-04,97,9
20049,49,2026-04-04,107,4
20050,50,2026-04-04,152,8
20051,51,2026-04-04,171,13
20052,52,2026-04-04,121,9
20053,53,2026-04-04,81,3
20054,54,2026-04-04,101,10
20055,55,2026-04-04,125,9
20056,56,2026-04-04,182,9
20057,57,2026-04-04,86,5
20058,58,2026-04-04,141,9
20059,59,2026-04-04,94,7
20060,60,2026-04-04,112,6
20061,61,2026-04-04,121,7
20062,62,2026-04-04,144,9
20063,63,2026-04-04,179,7
20064,64,2026-04-04,139,5
20065,65,2026-04-04,162,8
20066,66,2026-04-04,119,11
20067,67,2026-04-04,157,6
20068,68,2026-04-04,79,3
20069,69,2026-04-04,144,7
20070,70,2026-04-04,75,5
20071,71,2026-04-04,147,12
20072,72,2026-04-04,224,13
20073,73,2026-04-04,157,11
20074,74,2026-04-04,138,6
20075,75,2026-04-04,122,6
20076,76,2026-04-04,127,5
20077,77,2026-04-04,80,0
20078,78,2026-04-04,104,4
20079,79,2026-04-04,130,7
20080,80,2026-04-04,250,17
20081,81,2026-04-04,119,6
20082,82,2026-04-04,151,8
20083,83,2026-04-04,174,9
20084,84,2026-04-04,166,9
20085,85,2026-04-04,160,10
20086,86,2026-04-04,109,6
20087,87,2026-04-04,108,9
20088,88,2026-04-04,140,8
20089,89,2026-04-04,254,12
20090,90,2026-04-04,143,8
20091,91,2026-04-04,132,10
20092,92,2026-04-04,317,18
20093,93,2026-04-04,152,8
20094,94,2026-04-04,126,8
20095,95,2026-04-04,160,11
20096,96,2026-04-04,112,5
20097,97,2026-04-04,137,7
20098,98,2026-04-04,144,9
20099,99,2026-04-04,122,10
20100,100,2026-04-04,152,11
20101,1,2026-04-05,58,4
20102,2,2026-04-05,74,6
20103,3,2026-04-05,98,5
20104,4,2026-04-05,111,4
20105,5,2026-04-05,112,6
20106,6,2026-04-05,140,5
20107,7,2026-04-05,117,8
20108,8,2026-04-05,98,7
20109,9,2026-04-05,75,4
20110,10,2026-04-05,45,0
20111,11,2026-04-05,72,4
20112,12,2026-04-05,67,7
20113,13,2026-04-05,43,3
20114,14,2026-04-05,115,6
20115,15,2026-04-05,67,5
20116,16,2026-04-05,96,5
20117,17,2026-04-05,126,8
20118,18,2026-04-05,84,5
20119,19,2026-04-05,83,4
20120,20,2026-04-05,52,4
20121,21,2026-04-05,49,1
20122,22,2026-04-05,89,6
20123,23,2026-04-05,61,5
20124,24,2026-04-05,105,8
20125,25,2026-04-05,70,6
20126,26,2026-04-05,89,5
20127,27,2026-04-05,63,0
20128,28,2026-04-05,56,3
20129,29,2026-04-05,79,5
20130,30,2026-04-05,72,5
20131,31,2026-04-05,54,4
20132,32,2026-04-05,82,4
20133,33,2026-04-05,85,4
20134,34,2026-04-05,47,3
20135,35,2026-04-05,56,6
20136,36,2026-04-05,110,9
20137,37,2026-04-05,100,5
20138,38,2026-04-05,83,4
20139,39,2026-04-05,73,3
20140,40,2026-04-05,66,7
20141,41,2026-04-05,73,0
20142,42,2026-04-05,95,6
20143,43,2026-04-05,73,4
20144,44,2026-04-05,53,3
20145,45,2026-04-05,92,7
20146,46,2026-04-05,101,5
20147,47,2026-04-05,75,2
20148,48,2026-04-05,73,3
20149,49,2026-04-05,77,6
20150,50,2026-04-05,83,0
20151,51,2026-04-05,109,7
20152,52,2026-04-05,67,6
20153,53,2026-04-05,61,1
20154,54,2026-04-05,60,2
20155,55,2026-04-05,61,1
20156,56,2026-04-05,102,9
20157,57,2026-04-05,45,0
20158,58,2026-04-05,83,4
20159,59,2026-04-05,81,3
20160,60,2026-04-05,66,8
20161,61,2026-04-05,94,8
20162,62,2026-04-05,72,0
20163,63,2026-04-05,90,4
20164,64,2026-04-05,83,1
20165,65,2026-04-05,100,8
20166,66,2026-04-05,57,6
20167,67,2026-04-05,76,7
20168,68,2026-04-05,51,3
20169,69,2026-04-05,91,4
20170,70,2026-04-05,49,4
20171,71,2026-04-05,80,3
20172,72,2026-04-05,72,3
20173,73,2026-04-05,87,6
20174,74,2026-04-05,87,3
20175,75,2026-04-05,85,6
20176,76,2026-04-05,76,7
20177,77,2026-04-05,49,2
20178,78,2026-04-05,80,5
20179,79,2026-04-05,53,3
20180,80,2026-04-05,113,6
20181,81,2026-04-05,69,7
20182,82,2026-04-05,41,3
20183,83,2026-04-05,82,4
20184,84,2026-04-05,75,5
20185,85,2026-04-05,83,3
20186,86,2026-04-05,65,2
20187,87,2026-04-05,87,5
20188,88,2026-04-05,89,3
20189,89,2026-04-05,123,4
20190,90,2026-04-05,78,3
20191,91,2026-04-05,75,4
20192,92,2026-04-05,227,15
20193,93,2026-04-05,89,2
20194,94,2026-04-05,64,3
20195,95,2026-04-05,82,3
20196,96,2026-04-05,59,2
20197,97,2026-04-05,52,4
20198,98,2026-04-05,86,4
20199,99,2026-04-05,63,4
20200,100,2026-04-05,98,6
20201,1,2026-04-06,171,9
20202,2,2026-04-06,159,10
20203,3,2026-04-06,206,11
20204,4,2026-04-06,258,14
20205,5,2026-04-06,248,16
20206,6,2026-04-06,241,11
20207,7,2026-04-06,302,21
20208,8,2026-04-06,231,13
20209,9,2026-04-06,206,15
20210,10,2026-04-06,148,2
20211,11,2026-04-06,203,13
20212,12,2026-04-06,232,16
20213,13,2026-04-06,145,9
20214,14,2026-04-06,194,11
20215,15,2026-04-06,169,9
20216,16,2026-04-06,209,11
20217,17,2026-04-06,230,13
20218,18,2026-04-06,179,11
20219,19,2026-04-06,154,9
20220,20,2026-04-06,120,7
20221,21,2026-04-06,136,6
20222,22,2026-04-06,204,11
20223,23,2026-04-06,147,10
20224,24,2026-04-06,230,14
20225,25,2026-04-06,154,7
20226,26,2026-04-06,235,15
20227,27,2026-04-06,128,5
20228,28,2026-04-06,124,7
20229,29,2026-04-06,194,10
20230,30,2026-04-06,186,11
20231,31,2026-04-06,175,9
20232,32,2026-04-06,181,11
20233,33,2026-04-06,158,12
20234,34,2026-04-06,108,4
20235,35,2026-04-06,116,5
20236,36,2026-04-06,268,17
20237,37,2026-04-06,234,14
20238,38,2026-04-06,166,10
20239,39,2026-04-06,147,8
20240,40,2026-04-06,142,10
20241,41,2026-04-06,135,5
20242,42,2026-04-06,214,15
20243,43,2026-04-06,176,12
20244,44,2026-04-06,98,9
20245,45,2026-04-06,166,11
20246,46,2026-04-06,222,13
20247,47,2026-04-06,195,13
20248,48,2026-04-06,148,8
20249,49,2026-04-06,163,6
20250,50,2026-04-06,224,14
20251,51,2026-04-06,197,9
20252,52,2026-04-06,155,10
20253,53,2026-04-06,114,6
20254,54,2026-04-06,132,6
20255,55,2026-04-06,175,5
20256,56,2026-04-06,204,14
20257,57,2026-04-06,124,10
20258,58,2026-04-06,180,12
20259,59,2026-04-06,151,8
20260,60,2026-04-06,143,13
20261,61,2026-04-06,175,8
20262,62,2026-04-06,144,11
20263,63,2026-04-06,267,14
20264,64,2026-04-06,142,9
20265,65,2026-04-06,204,14
20266,66,2026-04-06,142,10
20267,67,2026-04-06,210,10
20268,68,2026-04-06,88,4
20269,69,2026-04-06,170,10
20270,70,2026-04-06,114,10
20271,71,2026-04-06,185,9
20272,72,2026-04-06,225,15
20273,73,2026-04-06,233,12
20274,74,2026-04-06,164,10
20275,75,2026-04-06,174,10
20276,76,2026-04-06,162,13
20277,77,2026-04-06,90,2
20278,78,2026-04-06,166,8
20279,79,2026-04-06,127,9
20280,80,2026-04-06,267,20
20281,81,2026-04-06,172,12
20282,82,2026-04-06,167,11
20283,83,2026-04-06,194,13
20284,84,2026-04-06,164,12
20285,85,2026-04-06,187,11
20286,86,2026-04-06,147,13
20287,87,2026-04-06,166,9
20288,88,2026-04-06,173,8
20289,89,2026-04-06,309,19
20290,90,2026-04-06,185,10
20291,91,2026-04-06,172,11
20292,92,2026-04-06,346,19
20293,93,2026-04-06,213,14
20294,94,2026-04-06,169,11
20295,95,2026-04-06,243,14
20296,96,2026-04-06,129,10
20297,97,2026-04-06,178,12
20298,98,2026-04-06,203,11
20299,99,2026-04-06,182,10
20300,100,2026-04-06,190,12
20301,1,2026-04-07,122,6
20302,2,2026-04-07,137,7
20303,3,2026-04-07,172,10
20304,4,2026-04-07,260,15
20305,5,2026-04-07,208,12
20306,6,2026-04-07,214,14
20307,7,2026-04-07,277,15
20308,8,2026-04-07,209,11
20309,9,2026-04-07,168,8
20310,10,2026-04-07,126,6
20311,11,2026-04-07,145,6
20312,12,2026-04-07,204,14
20313,13,2026-04-07,123,5
20314,14,2026-04-07,178,6
20315,15,2026-04-07,142,7
20316,16,2026-04-07,213,9
20317,17,2026-04-07,182,7
20318,18,2026-04-07,157,7
20319,19,2026-04-07,135,7
20320,20,2026-04-07,100,4
20321,21,2026-04-07,106,4
20322,22,2026-04-07,206,12
20323,23,2026-04-07,108,7
20324,24,2026-04-07,205,15
20325,25,2026-04-07,139,9
20326,26,2026-04-07,207,11
20327,27,2026-04-07,135,11
20328,28,2026-04-07,103,7
20329,29,2026-04-07,192,10
20330,30,2026-04-07,129,10
20331,31,2026-04-07,146,9
20332,32,2026-04-07,169,7
20333,33,2026-04-07,141,9
20334,34,2026-04-07,81,2
20335,35,2026-04-07,121,9
20336,36,2026-04-07,234,11
20337,37,2026-04-07,186,11
20338,38,2026-04-07,136,4
20339,39,2026-04-07,154,10
20340,40,2026-04-07,96,11
20341,41,2026-04-07,125,8
20342,42,2026-04-07,187,12
20343,43,2026-04-07,138,7
20344,44,2026-04-07,89,5
20345,45,2026-04-07,148,7
20346,46,2026-04-07,150,7
20347,47,2026-04-07,182,10
20348,48,2026-04-07,145,4
20349,49,2026-04-07,137,8
20350,50,2026-04-07,169,10
20351,51,2026-04-07,167,9
20352,52,2026-04-07,116,2
20353,53,2026-04-07,115,6
20354,54,2026-04-07,110,3
20355,55,2026-04-07,146,9
20356,56,2026-04-07,167,9
20357,57,2026-04-07,105,7
20358,58,2026-04-07,149,6
20359,59,2026-04-07,149,7
20360,60,2026-04-07,141,6
20361,61,2026-04-07,190,8
20362,62,2026-04-07,148,7
20363,63,2026-04-07,176,10
20364,64,2026-04-07,122,7
20365,65,2026-04-07,190,7
20366,66,2026-04-07,128,3
20367,67,2026-04-07,196,12
20368,68,2026-04-07,67,6
20369,69,2026-04-07,184,10
20370,70,2026-04-07,91,4
20371,71,2026-04-07,187,8
20372,72,2026-04-07,208,14
20373,73,2026-04-07,184,10
20374,74,2026-04-07,127,6
20375,75,2026-04-07,164,11
20376,76,2026-04-07,108,8
20377,77,2026-04-07,101,4
20378,78,2026-04-07,132,8
20379,79,2026-04-07,122,7
20380,80,2026-04-07,252,13
20381,81,2026-04-07,158,11
20382,82,2026-04-07,159,8
20383,83,2026-04-07,177,10
20384,84,2026-04-07,169,9
20385,85,2026-04-07,173,10
20386,86,2026-04-07,130,9
20387,87,2026-04-07,136,8
20388,88,2026-04-07,152,6
20389,89,2026-04-07,243,17
20390,90,2026-04-07,136,6
20391,91,2026-04-07,159,11
20392,92,2026-04-07,317,17
20393,93,2026-04-07,182,12
20394,94,2026-04-07,161,9
20395,95,2026-04-07,167,7
20396,96,2026-04-07,121,6
20397,97,2026-04-07,146,7
20398,98,2026-04-07,273,14
20399,99,2026-04-07,122,8
20400,100,2026-04-07,154,9
20401,1,2026-04-08,131,9
20402,2,2026-04-08,147,3
20403,3,2026-04-08,170,9
20404,4,2026-04-08,269,15
20405,5,2026-04-08,161,8
20406,6,2026-04-08,198,10
20407,7,2026-04-08,249,14
20408,8,2026-04-08,209,14
20409,9,2026-04-08,158,9
20410,10,2026-04-08,121,8
20411,11,2026-04-08,157,9
20412,12,2026-04-08,208,13
20413,13,2026-04-08,119,6
20414,14,2026-04-08,190,14
20415,15,2026-04-08,105,5
20416,16,2026-04-08,194,14
20417,17,2026-04-08,233,12
20418,18,2026-04-08,131,8
20419,19,2026-04-08,145,8
20420,20,2026-04-08,91,6
20421,21,2026-04-08,116,7
20422,22,2026-04-08,196,12
20423,23,2026-04-08,115,7
20424,24,2026-04-08,205,12
20425,25,2026-04-08,123,4
20426,26,2026-04-08,166,8
20427,27,2026-04-08,159,9
20428,28,2026-04-08,126,7
20429,29,2026-04-08,175,6
20430,30,2026-04-08,148,5
20431,31,2026-04-08,124,5
20432,32,2026-04-08,132,6
20433,33,2026-04-08,115,4
20434,34,2026-04-08,99,7
20435,35,2026-04-08,105,4
20436,36,2026-04-08,233,15
20437,37,2026-04-08,184,12
20438,38,2026-04-08,140,10
20439,39,2026-04-08,164,11
20440,40,2026-04-08,100,5
20441,41,2026-04-08,136,8
20442,42,2026-04-08,180,13
20443,43,2026-04-08,129,9
20444,44,2026-04-08,90,8
20445,45,2026-04-08,142,8
20446,46,2026-04-08,172,8
20447,47,2026-04-08,144,10
20448,48,2026-04-08,109,4
20449,49,2026-04-08,108,9
20450,50,2026-04-08,198,12
20451,51,2026-04-08,197,14
20452,52,2026-04-08,119,7
20453,53,2026-04-08,114,8
20454,54,2026-04-08,126,9
20455,55,2026-04-08,156,8
20456,56,2026-04-08,185,10
20457,57,2026-04-08,116,6
20458,58,2026-04-08,165,10
20459,59,2026-04-08,136,11
20460,60,2026-04-08,127,7
20461,61,2026-04-08,158,10
20462,62,2026-04-08,119,5
20463,63,2026-04-08,206,13
20464,64,2026-04-08,95,2
20465,65,2026-04-08,178,6
20466,66,2026-04-08,124,8
20467,67,2026-04-08,189,12
20468,68,2026-04-08,86,1
20469,69,2026-04-08,182,7
20470,70,2026-04-08,98,5
20471,71,2026-04-08,169,6
20472,72,2026-04-08,199,13
20473,73,2026-04-08,182,12
20474,74,2026-04-08,142,7
20475,75,2026-04-08,179,13
20476,76,2026-04-08,177,8
20477,77,2026-04-08,84,7
20478,78,2026-04-08,138,7
20479,79,2026-04-08,115,11
20480,80,2026-04-08,283,13
20481,81,2026-04-08,136,10
20482,82,2026-04-08,137,9
20483,83,2026-04-08,164,10
20484,84,2026-04-08,160,10
20485,85,2026-04-08,166,10
20486,86,2026-04-08,133,4
20487,87,2026-04-08,125,8
20488,88,2026-04-08,143,8
20489,89,2026-04-08,262,18
20490,90,2026-04-08,163,5
20491,91,2026-04-08,110,6
20492,92,2026-04-08,341,19
20493,93,2026-04-08,188,8
20494,94,2026-04-08,131,7
20495,95,2026-04-08,195,9
20496,96,2026-04-08,120,8
20497,97,2026-04-08,154,8
20498,98,2026-04-08,279,15
20499,99,2026-04-08,124,6
20500,100,2026-04-08,193,14
20501,1,2026-04-09,127,6
20502,2,2026-04-09,131,10
20503,3,2026-04-09,186,17
20504,4,2026-04-09,196,10
20505,5,2026-04-09,190,9
20506,6,2026-04-09,172,10
20507,7,2026-04-09,251,14
20508,8,2026-04-09,187,12
20509,9,2026-04-09,143,10
20510,10,2026-04-09,106,6
20511,11,2026-04-09,146,9
20512,12,2026-04-09,153,10
20513,13,2026-04-09,110,9
20514,14,2026-04-09,129,6
20515,15,2026-04-09,120,9
20516,16,2026-04-09,118,5
20517,17,2026-04-09,189,8
20518,18,2026-04-09,146,10
20519,19,2026-04-09,131,8
20520,20,2026-04-09,99,5
20521,21,2026-04-09,117,10
20522,22,2026-04-09,127,6
20523,23,2026-04-09,92,7
20524,24,2026-04-09,175,10
20525,25,2026-04-09,114,8
20526,26,2026-04-09,196,9
20527,27,2026-04-09,120,5
20528,28,2026-04-09,101,4
20529,29,2026-04-09,157,11
20530,30,2026-04-09,135,5
20531,31,2026-04-09,96,8
20532,32,2026-04-09,140,8
20533,33,2026-04-09,114,7
20534,34,2026-04-09,84,6
20535,35,2026-04-09,99,2
20536,36,2026-04-09,163,9
20537,37,2026-04-09,152,8
20538,38,2026-04-09,118,6
20539,39,2026-04-09,109,5
20540,40,2026-04-09,87,4
20541,41,2026-04-09,98,8
20542,42,2026-04-09,156,5
20543,43,2026-04-09,124,6
20544,44,2026-04-09,96,4
20545,45,2026-04-09,138,8
20546,46,2026-04-09,113,8
20547,47,2026-04-09,148,7
20548,48,2026-04-09,125,6
20549,49,2026-04-09,110,9
20550,50,2026-04-09,152,11
20551,51,2026-04-09,197,13
20552,52,2026-04-09,99,3
20553,53,2026-04-09,95,7
20554,54,2026-04-09,106,4
20555,55,2026-04-09,134,11
20556,56,2026-04-09,154,13
20557,57,2026-04-09,82,3
20558,58,2026-04-09,164,10
20559,59,2026-04-09,111,6
20560,60,2026-04-09,131,8
20561,61,2026-04-09,138,8
20562,62,2026-04-09,147,8
20563,63,2026-04-09,194,11
20564,64,2026-04-09,110,6
20565,65,2026-04-09,146,4
20566,66,2026-04-09,104,8
20567,67,2026-04-09,167,9
20568,68,2026-04-09,72,6
20569,69,2026-04-09,136,6
20570,70,2026-04-09,76,4
20571,71,2026-04-09,166,8
20572,72,2026-04-09,156,10
20573,73,2026-04-09,143,9
20574,74,2026-04-09,126,9
20575,75,2026-04-09,119,6
20576,76,2026-04-09,134,7
20577,77,2026-04-09,66,5
20578,78,2026-04-09,113,5
20579,79,2026-04-09,92,5
20580,80,2026-04-09,190,11
20581,81,2026-04-09,124,6
20582,82,2026-04-09,132,10
20583,83,2026-04-09,160,11
20584,84,2026-04-09,178,13
20585,85,2026-04-09,157,9
20586,86,2026-04-09,125,4
20587,87,2026-04-09,102,5
20588,88,2026-04-09,138,6
20589,89,2026-04-09,203,10
20590,90,2026-04-09,131,8
20591,91,2026-04-09,139,6
20592,92,2026-04-09,271,17
20593,93,2026-04-09,158,10
20594,94,2026-04-09,136,7
20595,95,2026-04-09,190,12
20596,96,2026-04-09,85,4
20597,97,2026-04-09,118,9
20598,98,2026-04-09,236,13
20599,99,2026-04-09,115,8
20600,100,2026-04-09,151,8
20601,1,2026-04-10,102,8
20602,2,2026-04-10,139,7
20603,3,2026-04-10,171,11
20604,4,2026-04-10,221,14
20605,5,2026-04-10,200,11
20606,6,2026-04-10,190,9
20607,7,2026-04-10,232,11
20608,8,2026-04-10,192,13
20609,9,2026-04-10,148,11
20610,10,2026-04-10,104,6
20611,11,2026-04-10,132,7
20612,12,2026-04-10,149,4
20613,13,2026-04-10,96,6
20614,14,2026-04-10,160,9
20615,15,2026-04-10,116,9
20616,16,2026-04-10,125,8
20617,17,2026-04-10,149,10
20618,18,2026-04-10,121,6
20619,19,2026-04-10,115,7
20620,20,2026-04-10,86,7
20621,21,2026-04-10,116,10
20622,22,2026-04-10,159,10
20623,23,2026-04-10,106,4
20624,24,2026-04-10,147,9
20625,25,2026-04-10,96,2
20626,26,2026-04-10,165,7
20627,27,2026-04-10,139,10
20628,28,2026-04-10,86,3
20629,29,2026-04-10,131,6
20630,30,2026-04-10,114,7
20631,31,2026-04-10,117,7
20632,32,2026-04-10,129,4
20633,33,2026-04-10,105,6
20634,34,2026-04-10,81,4
20635,35,2026-04-10,96,6
20636,36,2026-04-10,194,8
20637,37,2026-04-10,167,8
20638,38,2026-04-10,120,4
20639,39,2026-04-10,117,2
20640,40,2026-04-10,100,5
20641,41,2026-04-10,138,12
20642,42,2026-04-10,153,9
20643,43,2026-04-10,135,6
20644,44,2026-04-10,91,9
20645,45,2026-04-10,144,10
20646,46,2026-04-10,157,10
20647,47,2026-04-10,103,4
20648,48,2026-04-10,101,3
20649,49,2026-04-10,108,10
20650,50,2026-04-10,158,11
20651,51,2026-04-10,142,6
20652,52,2026-04-10,124,6
20653,53,2026-04-10,95,5
20654,54,2026-04-10,119,5
20655,55,2026-04-10,117,3
20656,56,2026-04-10,162,5
20657,57,2026-04-10,88,5
20658,58,2026-04-10,173,15
20659,59,2026-04-10,100,6
20660,60,2026-04-10,95,8
20661,61,2026-04-10,138,10
20662,62,2026-04-10,130,5
20663,63,2026-04-10,227,14
20664,64,2026-04-10,114,5
20665,65,2026-04-10,168,10
20666,66,2026-04-10,104,6
20667,67,2026-04-10,166,12
20668,68,2026-04-10,75,3
20669,69,2026-04-10,158,11
20670,70,2026-04-10,73,5
20671,71,2026-04-10,168,7
20672,72,2026-04-10,159,8
20673,73,2026-04-10,164,8
20674,74,2026-04-10,136,4
20675,75,2026-04-10,144,7
20676,76,2026-04-10,139,10
20677,77,2026-04-10,77,4
20678,78,2026-04-10,132,9
20679,79,2026-04-10,110,6
20680,80,2026-04-10,234,12
20681,81,2026-04-10,110,7
20682,82,2026-04-10,151,13
20683,83,2026-04-10,160,12
20684,84,2026-04-10,171,11
20685,85,2026-04-10,137,7
20686,86,2026-04-10,100,8
20687,87,2026-04-10,145,5
20688,88,2026-04-10,153,10
20689,89,2026-04-10,210,11
20690,90,2026-04-10,145,8
20691,91,2026-04-10,117,5
20692,92,2026-04-10,289,17
20693,93,2026-04-10,134,3
20694,94,2026-04-10,132,9
20695,95,2026-04-10,196,10
20696,96,2026-04-10,107,7
20697,97,2026-04-10,149,12
20698,98,2026-04-10,209,12
20699,99,2026-04-10,136,5
20700,100,2026-04-10,165,11
20701,1,2026-04-11,128,6
20702,2,2026-04-11,122,6
20703,3,2026-04-11,137,5
20704,4,2026-04-11,218,14
20705,5,2026-04-11,175,14
20706,6,2026-04-11,207,11
20707,7,2026-04-11,247,14
20708,8,2026-04-11,206,14
20709,9,2026-04-11,145,8
20710,10,2026-04-11,80,5
20711,11,2026-04-11,181,10
20712,12,2026-04-11,154,6
20713,13,2026-04-11,121,6
20714,14,2026-04-11,147,8
20715,15,2026-04-11,111,4
20716,16,2026-04-11,195,13
20717,17,2026-04-11,183,9
20718,18,2026-04-11,124,8
20719,19,2026-04-11,105,2
20720,20,2026-04-11,85,4
20721,21,2026-04-11,115,4
20722,22,2026-04-11,256,14
20723,23,2026-04-11,93,6
20724,24,2026-04-11,161,10
20725,25,2026-04-11,112,3
20726,26,2026-04-11,186,11
20727,27,2026-04-11,97,1
20728,28,2026-04-11,103,4
20729,29,2026-04-11,153,13
20730,30,2026-04-11,134,10
20731,31,2026-04-11,103,5
20732,32,2026-04-11,149,9
20733,33,2026-04-11,99,5
20734,34,2026-04-11,66,4
20735,35,2026-04-11,90,5
20736,36,2026-04-11,221,15
20737,37,2026-04-11,160,9
20738,38,2026-04-11,125,6
20739,39,2026-04-11,137,6
20740,40,2026-04-11,114,7
20741,41,2026-04-11,109,5
20742,42,2026-04-11,183,10
20743,43,2026-04-11,154,9
20744,44,2026-04-11,89,4
20745,45,2026-04-11,128,9
20746,46,2026-04-11,128,8
20747,47,2026-04-11,138,7
20748,48,2026-04-11,120,9
20749,49,2026-04-11,102,7
20750,50,2026-04-11,163,12
20751,51,2026-04-11,151,7
20752,52,2026-04-11,127,8
20753,53,2026-04-11,101,5
20754,54,2026-04-11,96,6
20755,55,2026-04-11,128,6
20756,56,2026-04-11,115,8
20757,57,2026-04-11,80,5
20758,58,2026-04-11,144,9
20759,59,2026-04-11,128,8
20760,60,2026-04-11,106,5
20761,61,2026-04-11,143,10
20762,62,2026-04-11,114,6
20763,63,2026-04-11,217,11
20764,64,2026-04-11,98,7
20765,65,2026-04-11,152,11
20766,66,2026-04-11,112,4
20767,67,2026-04-11,158,7
20768,68,2026-04-11,68,1
20769,69,2026-04-11,164,9
20770,70,2026-04-11,73,7
20771,71,2026-04-11,134,5
20772,72,2026-04-11,179,10
20773,73,2026-04-11,164,9
20774,74,2026-04-11,123,7
20775,75,2026-04-11,145,9
20776,76,2026-04-11,141,8
20777,77,2026-04-11,77,1
20778,78,2026-04-11,107,7
20779,79,2026-04-11,99,7
20780,80,2026-04-11,171,12
20781,81,2026-04-11,120,4
20782,82,2026-04-11,162,8
20783,83,2026-04-11,142,6
20784,84,2026-04-11,152,11
20785,85,2026-04-11,141,7
20786,86,2026-04-11,103,3
20787,87,2026-04-11,112,5
20788,88,2026-04-11,120,8
20789,89,2026-04-11,244,15
20790,90,2026-04-11,122,8
20791,91,2026-04-11,113,6
20792,92,2026-04-11,288,20
20793,93,2026-04-11,157,8
20794,94,2026-04-11,131,7
20795,95,2026-04-11,170,5
20796,96,2026-04-11,107,4
20797,97,2026-04-11,147,11
20798,98,2026-04-11,235,17
20799,99,2026-04-11,126,7
20800,100,2026-04-11,132,7
20801,1,2026-04-12,71,3
20802,2,2026-04-12,76,6
20803,3,2026-04-12,92,7
20804,4,2026-04-12,109,6
20805,5,2026-04-12,99,5
20806,6,2026-04-12,80,4
20807,7,2026-04-12,151,12
20808,8,2026-04-12,112,9
20809,9,2026-04-12,69,5
20810,10,2026-04-12,58,1
20811,11,2026-04-12,82,1
20812,12,2026-04-12,83,5
20813,13,2026-04-12,55,2
20814,14,2026-04-12,63,1
20815,15,2026-04-12,63,5
20816,16,2026-04-12,80,7
20817,17,2026-04-12,67,5
20818,18,2026-04-12,67,8
20819,19,2026-04-12,95,5
20820,20,2026-04-12,30,1
20821,21,2026-04-12,74,6
20822,22,2026-04-12,175,10
20823,23,2026-04-12,52,3
20824,24,2026-04-12,90,2
20825,25,2026-04-12,66,3
20826,26,2026-04-12,88,8
20827,27,2026-04-12,88,3
20828,28,2026-04-12,67,1
20829,29,2026-04-12,90,2
20830,30,2026-04-12,85,4
20831,31,2026-04-12,79,2
20832,32,2026-04-12,56,3
20833,33,2026-04-12,59,1
20834,34,2026-04-12,41,1
20835,35,2026-04-12,45,0
20836,36,2026-04-12,123,6
20837,37,2026-04-12,98,4
20838,38,2026-04-12,82,5
20839,39,2026-04-12,100,4
20840,40,2026-04-12,44,3
20841,41,2026-04-12,60,4
20842,42,2026-04-12,91,6
20843,43,2026-04-12,55,0
20844,44,2026-04-12,48,3
20845,45,2026-04-12,104,6
20846,46,2026-04-12,80,2
20847,47,2026-04-12,58,0
20848,48,2026-04-12,69,1
20849,49,2026-04-12,64,4
20850,50,2026-04-12,91,4
20851,51,2026-04-12,99,6
20852,52,2026-04-12,60,1
20853,53,2026-04-12,62,2
20854,54,2026-04-12,54,1
20855,55,2026-04-12,65,3
20856,56,2026-04-12,104,4
20857,57,2026-04-12,51,1
20858,58,2026-04-12,70,1
20859,59,2026-04-12,64,2
20860,60,2026-04-12,86,5
20861,61,2026-04-12,82,2
20862,62,2026-04-12,53,3
20863,63,2026-04-12,98,4
20864,64,2026-04-12,68,1
20865,65,2026-04-12,85,5
20866,66,2026-04-12,43,2
20867,67,2026-04-12,81,3
20868,68,2026-04-12,50,1
20869,69,2026-04-12,103,6
20870,70,2026-04-12,61,2
20871,71,2026-04-12,98,4
20872,72,2026-04-12,177,8
20873,73,2026-04-12,119,4
20874,74,2026-04-12,52,4
20875,75,2026-04-12,78,5
20876,76,2026-04-12,73,0
20877,77,2026-04-12,33,2
20878,78,2026-04-12,75,3
20879,79,2026-04-12,62,0
20880,80,2026-04-12,118,6
20881,81,2026-04-12,65,7
20882,82,2026-04-12,53,6
20883,83,2026-04-12,90,2
20884,84,2026-04-12,84,2
20885,85,2026-04-12,91,4
20886,86,2026-04-12,80,6
20887,87,2026-04-12,52,3
20888,88,2026-04-12,74,3
20889,89,2026-04-12,121,10
20890,90,2026-04-12,91,7
20891,91,2026-04-12,54,6
20892,92,2026-04-12,138,6
20893,93,2026-04-12,112,4
20894,94,2026-04-12,75,1
20895,95,2026-04-12,97,5
20896,96,2026-04-12,50,2
20897,97,2026-04-12,101,9
20898,98,2026-04-12,123,11
20899,99,2026-04-12,70,4
20900,100,2026-04-12,102,7
20901,1,2026-04-13,141,10
20902,2,2026-04-13,154,8
20903,3,2026-04-13,210,11
20904,4,2026-04-13,290,15
20905,5,2026-04-13,238,14
20906,6,2026-04-13,253,13
20907,7,2026-04-13,315,19
20908,8,2026-04-13,248,13
20909,9,2026-04-13,200,12
20910,10,2026-04-13,128,7
20911,11,2026-04-13,175,11
20912,12,2026-04-13,216,14
20913,13,2026-04-13,231,16
20914,14,2026-04-13,188,14
20915,15,2026-04-13,153,8
20916,16,2026-04-13,203,8
20917,17,2026-04-13,264,12
20918,18,2026-04-13,186,9
20919,19,2026-04-13,171,9
20920,20,2026-04-13,110,8
20921,21,2026-04-13,140,6
20922,22,2026-04-13,354,17
20923,23,2026-04-13,128,12
20924,24,2026-04-13,206,12
20925,25,2026-04-13,127,7
20926,26,2026-04-13,236,12
20927,27,2026-04-13,155,9
20928,28,2026-04-13,116,3
20929,29,2026-04-13,176,8
20930,30,2026-04-13,170,9
20931,31,2026-04-13,146,10
20932,32,2026-04-13,188,12
20933,33,2026-04-13,143,6
20934,34,2026-04-13,115,8
20935,35,2026-04-13,141,9
20936,36,2026-04-13,269,18
20937,37,2026-04-13,191,11
20938,38,2026-04-13,185,12
20939,39,2026-04-13,161,9
20940,40,2026-04-13,128,3
20941,41,2026-04-13,139,9
20942,42,2026-04-13,212,16
20943,43,2026-04-13,166,9
20944,44,2026-04-13,103,4
20945,45,2026-04-13,174,12
20946,46,2026-04-13,191,12
20947,47,2026-04-13,163,7
20948,48,2026-04-13,133,10
20949,49,2026-04-13,180,10
20950,50,2026-04-13,192,10
20951,51,2026-04-13,205,13
20952,52,2026-04-13,137,7
20953,53,2026-04-13,133,4
20954,54,2026-04-13,115,9
20955,55,2026-04-13,171,11
20956,56,2026-04-13,232,11
20957,57,2026-04-13,111,8
20958,58,2026-04-13,200,8
20959,59,2026-04-13,171,9
20960,60,2026-04-13,160,8
20961,61,2026-04-13,165,7
20962,62,2026-04-13,196,13
20963,63,2026-04-13,251,14
20964,64,2026-04-13,157,8
20965,65,2026-04-13,221,15
20966,66,2026-04-13,168,8
20967,67,2026-04-13,198,12
20968,68,2026-04-13,101,7
20969,69,2026-04-13,177,13
20970,70,2026-04-13,117,7
20971,71,2026-04-13,201,9
20972,72,2026-04-13,387,20
20973,73,2026-04-13,193,15
20974,74,2026-04-13,165,9
20975,75,2026-04-13,206,12
20976,76,2026-04-13,173,6
20977,77,2026-04-13,119,11
20978,78,2026-04-13,148,8
20979,79,2026-04-13,136,8
20980,80,2026-04-13,288,15
20981,81,2026-04-13,162,9
20982,82,2026-04-13,197,12
20983,83,2026-04-13,195,14
20984,84,2026-04-13,220,14
20985,85,2026-04-13,190,12
20986,86,2026-04-13,134,10
20987,87,2026-04-13,159,7
20988,88,2026-04-13,173,11
20989,89,2026-04-13,290,14
20990,90,2026-04-13,196,10
20991,91,2026-04-13,169,11
20992,92,2026-04-13,419,21
20993,93,2026-04-13,210,13
20994,94,2026-04-13,161,9
20995,95,2026-04-13,229,14
20996,96,2026-04-13,147,9
20997,97,2026-04-13,214,13
20998,98,2026-04-13,322,18
20999,99,2026-04-13,144,10
21000,100,2026-04-13,201,8
21001,1,2026-04-14,130,10
21002,2,2026-04-14,130,4
21003,3,2026-04-14,321,20
21004,4,2026-04-14,241,18
21005,5,2026-04-14,211,14
21006,6,2026-04-14,188,14
21007,7,2026-04-14,261,15
21008,8,2026-04-14,225,12
21009,9,2026-04-14,165,7
21010,10,2026-04-14,127,10
21011,11,2026-04-14,161,11
21012,12,2026-04-14,200,12
21013,13,2026-04-14,200,14
21014,14,2026-04-14,152,7
21015,15,2026-04-14,126,8
21016,16,2026-04-14,203,11
21017,17,2026-04-14,187,10
21018,18,2026-04-14,160,7
21019,19,2026-04-14,134,4
21020,20,2026-04-14,88,6
21021,21,2026-04-14,115,8
21022,22,2026-04-14,297,18
21023,23,2026-04-14,105,7
21024,24,2026-04-14,182,8
21025,25,2026-04-14,101,4
21026,26,2026-04-14,201,11
21027,27,2026-04-14,155,10
21028,28,2026-04-14,115,7
21029,29,2026-04-14,193,11
21030,30,2026-04-14,146,8
21031,31,2026-04-14,139,10
21032,32,2026-04-14,167,9
21033,33,2026-04-14,142,3
21034,34,2026-04-14,102,7
21035,35,2026-04-14,98,4
21036,36,2026-04-14,246,15
21037,37,2026-04-14,196,14
21038,38,2026-04-14,264,15
21039,39,2026-04-14,156,14
21040,40,2026-04-14,109,3
21041,41,2026-04-14,130,10
21042,42,2026-04-14,208,8
21043,43,2026-04-14,131,8
21044,44,2026-04-14,83,6
21045,45,2026-04-14,180,9
21046,46,2026-04-14,151,8
21047,47,2026-04-14,140,7
21048,48,2026-04-14,103,6
21049,49,2026-04-14,114,8
21050,50,2026-04-14,165,9
21051,51,2026-04-14,181,8
21052,52,2026-04-14,115,6
21053,53,2026-04-14,106,1
21054,54,2026-04-14,106,7
21055,55,2026-04-14,135,6
21056,56,2026-04-14,173,10
21057,57,2026-04-14,107,6
21058,58,2026-04-14,168,14
21059,59,2026-04-14,118,6
21060,60,2026-04-14,131,5
21061,61,2026-04-14,159,7
21062,62,2026-04-14,144,8
21063,63,2026-04-14,247,14
21064,64,2026-04-14,147,8
21065,65,2026-04-14,183,11
21066,66,2026-04-14,137,10
21067,67,2026-04-14,177,12
21068,68,2026-04-14,79,3
21069,69,2026-04-14,176,10
21070,70,2026-04-14,95,1
21071,71,2026-04-14,186,9
21072,72,2026-04-14,349,16
21073,73,2026-04-14,184,13
21074,74,2026-04-14,139,9
21075,75,2026-04-14,170,9
21076,76,2026-04-14,172,7
21077,77,2026-04-14,90,2
21078,78,2026-04-14,122,9
21079,79,2026-04-14,118,2
21080,80,2026-04-14,257,15
21081,81,2026-04-14,149,7
21082,82,2026-04-14,129,5
21083,83,2026-04-14,177,14
21084,84,2026-04-14,166,9
21085,85,2026-04-14,160,9
21086,86,2026-04-14,130,5
21087,87,2026-04-14,140,7
21088,88,2026-04-14,151,7
21089,89,2026-04-14,223,14
21090,90,2026-04-14,160,10
21091,91,2026-04-14,118,2
21092,92,2026-04-14,340,20
21093,93,2026-04-14,182,12
21094,94,2026-04-14,135,8
21095,95,2026-04-14,187,13
21096,96,2026-04-14,129,8
21097,97,2026-04-14,157,8
21098,98,2026-04-14,145,13
21099,99,2026-04-14,160,9
21100,100,2026-04-14,176,11
21101,1,2026-04-15,143,9
21102,2,2026-04-15,145,11
21103,3,2026-04-15,266,14
21104,4,2026-04-15,248,13
21105,5,2026-04-15,201,13
21106,6,2026-04-15,253,17
21107,7,2026-04-15,275,15
21108,8,2026-04-15,245,15
21109,9,2026-04-15,139,8
21110,10,2026-04-15,127,9
21111,11,2026-04-15,157,11
21112,12,2026-04-15,175,10
21113,13,2026-04-15,212,11
21114,14,2026-04-15,161,10
21115,15,2026-04-15,128,9
21116,16,2026-04-15,200,13
21117,17,2026-04-15,197,10
21118,18,2026-04-15,152,12
21119,19,2026-04-15,134,9
21120,20,2026-04-15,93,4
21121,21,2026-04-15,90,4
21122,22,2026-04-15,277,17
21123,23,2026-04-15,108,5
21124,24,2026-04-15,201,11
21125,25,2026-04-15,109,12
21126,26,2026-04-15,183,12
21127,27,2026-04-15,123,7
21128,28,2026-04-15,101,1
21129,29,2026-04-15,146,6
21130,30,2026-04-15,146,6
21131,31,2026-04-15,195,15
21132,32,2026-04-15,126,5
21133,33,2026-04-15,135,6
21134,34,2026-04-15,94,4
21135,35,2026-04-15,110,8
21136,36,2026-04-15,231,15
21137,37,2026-04-15,199,10
21138,38,2026-04-15,229,12
21139,39,2026-04-15,135,6
21140,40,2026-04-15,117,2
21141,41,2026-04-15,136,6
21142,42,2026-04-15,200,14
21143,43,2026-04-15,144,8
21144,44,2026-04-15,93,8
21145,45,2026-04-15,164,11
21146,46,2026-04-15,184,9
21147,47,2026-04-15,120,7
21148,48,2026-04-15,111,6
21149,49,2026-04-15,140,10
21150,50,2026-04-15,181,11
21151,51,2026-04-15,167,10
21152,52,2026-04-15,129,8
21153,53,2026-04-15,111,6
21154,54,2026-04-15,117,6
21155,55,2026-04-15,120,6
21156,56,2026-04-15,166,7
21157,57,2026-04-15,111,7
21158,58,2026-04-15,161,6
21159,59,2026-04-15,152,7
21160,60,2026-04-15,140,14
21161,61,2026-04-15,163,9
21162,62,2026-04-15,169,11
21163,63,2026-04-15,227,14
21164,64,2026-04-15,103,4
21165,65,2026-04-15,136,8
21166,66,2026-04-15,141,10
21167,67,2026-04-15,183,10
21168,68,2026-04-15,77,3
21169,69,2026-04-15,175,12
21170,70,2026-04-15,74,4
21171,71,2026-04-15,146,11
21172,72,2026-04-15,299,19
21173,73,2026-04-15,175,7
21174,74,2026-04-15,128,6
21175,75,2026-04-15,162,8
21176,76,2026-04-15,125,8
21177,77,2026-04-15,81,0
21178,78,2026-04-15,111,7
21179,79,2026-04-15,116,8
21180,80,2026-04-15,203,8
21181,81,2026-04-15,152,10
21182,82,2026-04-15,189,9
21183,83,2026-04-15,171,12
21184,84,2026-04-15,201,11
21185,85,2026-04-15,167,11
21186,86,2026-04-15,126,9
21187,87,2026-04-15,148,8
21188,88,2026-04-15,152,7
21189,89,2026-04-15,213,12
21190,90,2026-04-15,161,9
21191,91,2026-04-15,134,7
21192,92,2026-04-15,353,22
21193,93,2026-04-15,209,10
21194,94,2026-04-15,146,9
21195,95,2026-04-15,189,15
21196,96,2026-04-15,116,6
21197,97,2026-04-15,143,8
21198,98,2026-04-15,198,14
21199,99,2026-04-15,164,10
21200,100,2026-04-15,164,7
21201,1,2026-04-16,105,7
21202,2,2026-04-16,142,8
21203,3,2026-04-16,218,11
21204,4,2026-04-16,180,10
21205,5,2026-04-16,168,12
21206,6,2026-04-16,185,5
21207,7,2026-04-16,194,12
21208,8,2026-04-16,210,12
21209,9,2026-04-16,170,13
21210,10,2026-04-16,110,8
21211,11,2026-04-16,136,6
21212,12,2026-04-16,168,10
21213,13,2026-04-16,170,10
21214,14,2026-04-16,131,8
21215,15,2026-04-16,93,7
21216,16,2026-04-16,157,7
21217,17,2026-04-16,213,14
21218,18,2026-04-16,148,7
21219,19,2026-04-16,100,2
21220,20,2026-04-16,73,6
21221,21,2026-04-16,89,6
21222,22,2026-04-16,227,13
21223,23,2026-04-16,110,3
21224,24,2026-04-16,141,9
21225,25,2026-04-16,97,8
21226,26,2026-04-16,158,12
21227,27,2026-04-16,132,9
21228,28,2026-04-16,88,6
21229,29,2026-04-16,161,9
21230,30,2026-04-16,113,6
21231,31,2026-04-16,204,10
21232,32,2026-04-16,138,5
21233,33,2026-04-16,126,5
21234,34,2026-04-16,87,6
21235,35,2026-04-16,98,8
21236,36,2026-04-16,228,16
21237,37,2026-04-16,137,5
21238,38,2026-04-16,197,9
21239,39,2026-04-16,140,8
21240,40,2026-04-16,116,8
21241,41,2026-04-16,110,8
21242,42,2026-04-16,178,8
21243,43,2026-04-16,163,9
21244,44,2026-04-16,76,5
21245,45,2026-04-16,141,10
21246,46,2026-04-16,129,8
21247,47,2026-04-16,116,9
21248,48,2026-04-16,117,8
21249,49,2026-04-16,115,5
21250,50,2026-04-16,155,7
21251,51,2026-04-16,164,10
21252,52,2026-04-16,120,7
21253,53,2026-04-16,104,4
21254,54,2026-04-16,102,3
21255,55,2026-04-16,126,9
21256,56,2026-04-16,184,9
21257,57,2026-04-16,96,8
21258,58,2026-04-16,185,14
21259,59,2026-04-16,131,12
21260,60,2026-04-16,149,8
21261,61,2026-04-16,158,10
21262,62,2026-04-16,126,8
21263,63,2026-04-16,210,12
21264,64,2026-04-16,123,9
21265,65,2026-04-16,194,10
21266,66,2026-04-16,91,7
21267,67,2026-04-16,152,10
21268,68,2026-04-16,85,5
21269,69,2026-04-16,151,8
21270,70,2026-04-16,68,8
21271,71,2026-04-16,129,3
21272,72,2026-04-16,260,16
21273,73,2026-04-16,141,6
21274,74,2026-04-16,107,7
21275,75,2026-04-16,137,11
21276,76,2026-04-16,115,8
21277,77,2026-04-16,91,4
21278,78,2026-04-16,95,2
21279,79,2026-04-16,102,6
21280,80,2026-04-16,232,16
21281,81,2026-04-16,158,12
21282,82,2026-04-16,146,9
21283,83,2026-04-16,141,6
21284,84,2026-04-16,145,10
21285,85,2026-04-16,151,10
21286,86,2026-04-16,116,4
21287,87,2026-04-16,109,11
21288,88,2026-04-16,133,5
21289,89,2026-04-16,224,12
21290,90,2026-04-16,128,8
21291,91,2026-04-16,123,10
21292,92,2026-04-16,305,16
21293,93,2026-04-16,136,10
21294,94,2026-04-16,146,7
21295,95,2026-04-16,159,9
21296,96,2026-04-16,89,3
21297,97,2026-04-16,120,8
21298,98,2026-04-16,151,11
21299,99,2026-04-16,124,6
21300,100,2026-04-16,170,9
21301,1,2026-04-17,116,8
21302,2,2026-04-17,131,8
21303,3,2026-04-17,262,13
21304,4,2026-04-17,192,12
21305,5,2026-04-17,200,11
21306,6,2026-04-17,207,10
21307,7,2026-04-17,234,16
21308,8,2026-04-17,189,7
21309,9,2026-04-17,171,7
21310,10,2026-04-17,124,4
21311,11,2026-04-17,137,8
21312,12,2026-04-17,144,7
21313,13,2026-04-17,123,7
21314,14,2026-04-17,102,5
21315,15,2026-04-17,103,6
21316,16,2026-04-17,158,9
21317,17,2026-04-17,160,5
21318,18,2026-04-17,117,6
21319,19,2026-04-17,125,9
21320,20,2026-04-17,92,5
21321,21,2026-04-17,124,7
21322,22,2026-04-17,236,11
21323,23,2026-04-17,108,7
21324,24,2026-04-17,159,8
21325,25,2026-04-17,89,6
21326,26,2026-04-17,134,4
21327,27,2026-04-17,131,8
21328,28,2026-04-17,90,8
21329,29,2026-04-17,152,8
21330,30,2026-04-17,139,7
21331,31,2026-04-17,185,11
21332,32,2026-04-17,129,7
21333,33,2026-04-17,113,6
21334,34,2026-04-17,80,2
21335,35,2026-04-17,100,9
21336,36,2026-04-17,215,14
21337,37,2026-04-17,175,11
21338,38,2026-04-17,205,9
21339,39,2026-04-17,126,5
21340,40,2026-04-17,110,6
21341,41,2026-04-17,114,6
21342,42,2026-04-17,161,7
21343,43,2026-04-17,113,8
21344,44,2026-04-17,78,4
21345,45,2026-04-17,136,8
21346,46,2026-04-17,129,5
21347,47,2026-04-17,155,9
21348,48,2026-04-17,119,4
21349,49,2026-04-17,106,6
21350,50,2026-04-17,167,12
21351,51,2026-04-17,162,7
21352,52,2026-04-17,113,7
21353,53,2026-04-17,112,8
21354,54,2026-04-17,103,8
21355,55,2026-04-17,117,4
21356,56,2026-04-17,163,7
21357,57,2026-04-17,95,8
21358,58,2026-04-17,147,8
21359,59,2026-04-17,121,8
21360,60,2026-04-17,116,7
21361,61,2026-04-17,143,10
21362,62,2026-04-17,132,2
21363,63,2026-04-17,190,13
21364,64,2026-04-17,110,6
21365,65,2026-04-17,177,12
21366,66,2026-04-17,120,8
21367,67,2026-04-17,149,8
21368,68,2026-04-17,64,2
21369,69,2026-04-17,143,10
21370,70,2026-04-17,76,4
21371,71,2026-04-17,159,6
21372,72,2026-04-17,279,16
21373,73,2026-04-17,122,6
21374,74,2026-04-17,105,5
21375,75,2026-04-17,162,7
21376,76,2026-04-17,131,7
21377,77,2026-04-17,85,4
21378,78,2026-04-17,126,7
21379,79,2026-04-17,113,7
21380,80,2026-04-17,194,12
21381,81,2026-04-17,106,2
21382,82,2026-04-17,100,5
21383,83,2026-04-17,168,9
21384,84,2026-04-17,146,8
21385,85,2026-04-17,141,6
21386,86,2026-04-17,107,8
21387,87,2026-04-17,124,8
21388,88,2026-04-17,131,6
21389,89,2026-04-17,232,15
21390,90,2026-04-17,136,7
21391,91,2026-04-17,140,9
21392,92,2026-04-17,195,13
21393,93,2026-04-17,176,10
21394,94,2026-04-17,123,6
21395,95,2026-04-17,168,8
21396,96,2026-04-17,113,8
21397,97,2026-04-17,155,7
21398,98,2026-04-17,151,8
21399,99,2026-04-17,150,9
21400,100,2026-04-17,155,8
21401,1,2026-04-18,97,3
21402,2,2026-04-18,120,11
21403,3,2026-04-18,253,17
21404,4,2026-04-18,197,10
21405,5,2026-04-18,182,9
21406,6,2026-04-18,162,13
21407,7,2026-04-18,218,11
21408,8,2026-04-18,208,10
21409,9,2026-04-18,182,11
21410,10,2026-04-18,107,8
21411,11,2026-04-18,143,5
21412,12,2026-04-18,174,11
21413,13,2026-04-18,105,3
21414,14,2026-04-18,143,9
21415,15,2026-04-18,114,8
21416,16,2026-04-18,178,11
21417,17,2026-04-18,181,12
21418,18,2026-04-18,138,11
21419,19,2026-04-18,97,5
21420,20,2026-04-18,91,4
21421,21,2026-04-18,87,5
21422,22,2026-04-18,177,7
21423,23,2026-04-18,97,5
21424,24,2026-04-18,172,13
21425,25,2026-04-18,109,4
21426,26,2026-04-18,175,7
21427,27,2026-04-18,114,9
21428,28,2026-04-18,96,6
21429,29,2026-04-18,157,9
21430,30,2026-04-18,124,3
21431,31,2026-04-18,193,12
21432,32,2026-04-18,126,9
21433,33,2026-04-18,116,8
21434,34,2026-04-18,73,5
21435,35,2026-04-18,100,5
21436,36,2026-04-18,175,9
21437,37,2026-04-18,175,11
21438,38,2026-04-18,222,11
21439,39,2026-04-18,137,7
21440,40,2026-04-18,90,2
21441,41,2026-04-18,122,11
21442,42,2026-04-18,176,9
21443,43,2026-04-18,120,5
21444,44,2026-04-18,67,4
21445,45,2026-04-18,141,9
21446,46,2026-04-18,163,8
21447,47,2026-04-18,139,6
21448,48,2026-04-18,106,4
21449,49,2026-04-18,119,5
21450,50,2026-04-18,136,7
21451,51,2026-04-18,144,10
21452,52,2026-04-18,99,6
21453,53,2026-04-18,108,5
21454,54,2026-04-18,104,4
21455,55,2026-04-18,127,9
21456,56,2026-04-18,174,11
21457,57,2026-04-18,96,9
21458,58,2026-04-18,147,9
21459,59,2026-04-18,134,7
21460,60,2026-04-18,130,6
21461,61,2026-04-18,135,6
21462,62,2026-04-18,132,8
21463,63,2026-04-18,223,11
21464,64,2026-04-18,96,7
21465,65,2026-04-18,176,7
21466,66,2026-04-18,115,6
21467,67,2026-04-18,176,10
21468,68,2026-04-18,76,4
21469,69,2026-04-18,164,12
21470,70,2026-04-18,68,1
21471,71,2026-04-18,157,6
21472,72,2026-04-18,197,12
21473,73,2026-04-18,164,10
21474,74,2026-04-18,100,7
21475,75,2026-04-18,161,7
21476,76,2026-04-18,97,8
21477,77,2026-04-18,74,5
21478,78,2026-04-18,121,7
21479,79,2026-04-18,104,8
21480,80,2026-04-18,181,8
21481,81,2026-04-18,113,6
21482,82,2026-04-18,127,10
21483,83,2026-04-18,153,12
21484,84,2026-04-18,155,13
21485,85,2026-04-18,120,4
21486,86,2026-04-18,110,6
21487,87,2026-04-18,124,6
21488,88,2026-04-18,134,11
21489,89,2026-04-18,185,14
21490,90,2026-04-18,118,5
21491,91,2026-04-18,146,11
21492,92,2026-04-18,372,22
21493,93,2026-04-18,152,11
21494,94,2026-04-18,133,10
21495,95,2026-04-18,180,11
21496,96,2026-04-18,86,1
21497,97,2026-04-18,121,6
21498,98,2026-04-18,128,6
21499,99,2026-04-18,156,8
21500,100,2026-04-18,138,9
21501,1,2026-04-19,60,2
21502,2,2026-04-19,82,3
21503,3,2026-04-19,87,3
21504,4,2026-04-19,88,6
21505,5,2026-04-19,79,3
21506,6,2026-04-19,122,8
21507,7,2026-04-19,123,7
21508,8,2026-04-19,114,8
21509,9,2026-04-19,109,5
21510,10,2026-04-19,57,2
21511,11,2026-04-19,92,5
21512,12,2026-04-19,99,6
21513,13,2026-04-19,76,4
21514,14,2026-04-19,63,7
21515,15,2026-04-19,69,3
21516,16,2026-04-19,83,5
21517,17,2026-04-19,107,9
21518,18,2026-04-19,96,5
21519,19,2026-04-19,63,3
21520,20,2026-04-19,54,4
21521,21,2026-04-19,71,4
21522,22,2026-04-19,66,5
21523,23,2026-04-19,62,1
21524,24,2026-04-19,78,4
21525,25,2026-04-19,54,4
21526,26,2026-04-19,103,5
21527,27,2026-04-19,73,5
21528,28,2026-04-19,47,4
21529,29,2026-04-19,109,6
21530,30,2026-04-19,74,2
21531,31,2026-04-19,106,5
21532,32,2026-04-19,77,3
21533,33,2026-04-19,72,3
21534,34,2026-04-19,43,0
21535,35,2026-04-19,57,4
21536,36,2026-04-19,157,9
21537,37,2026-04-19,67,5
21538,38,2026-04-19,128,8
21539,39,2026-04-19,86,8
21540,40,2026-04-19,58,2
21541,41,2026-04-19,58,4
21542,42,2026-04-19,89,7
21543,43,2026-04-19,76,5
21544,44,2026-04-19,35,2
21545,45,2026-04-19,74,5
21546,46,2026-04-19,112,1
21547,47,2026-04-19,78,5
21548,48,2026-04-19,59,3
21549,49,2026-04-19,74,4
21550,50,2026-04-19,111,5
21551,51,2026-04-19,90,0
21552,52,2026-04-19,62,2
21553,53,2026-04-19,71,4
21554,54,2026-04-19,61,2
21555,55,2026-04-19,77,7
21556,56,2026-04-19,83,3
21557,57,2026-04-19,48,2
21558,58,2026-04-19,62,0
21559,59,2026-04-19,88,6
21560,60,2026-04-19,67,4
21561,61,2026-04-19,49,0
21562,62,2026-04-19,84,4
21563,63,2026-04-19,116,4
21564,64,2026-04-19,83,8
21565,65,2026-04-19,93,9
21566,66,2026-04-19,91,6
21567,67,2026-04-19,115,6
21568,68,2026-04-19,31,4
21569,69,2026-04-19,94,6
21570,70,2026-04-19,44,2
21571,71,2026-04-19,72,7
21572,72,2026-04-19,92,6
21573,73,2026-04-19,112,7
21574,74,2026-04-19,66,2
21575,75,2026-04-19,106,4
21576,76,2026-04-19,77,8
21577,77,2026-04-19,59,0
21578,78,2026-04-19,75,3
21579,79,2026-04-19,44,0
21580,80,2026-04-19,132,9
21581,81,2026-04-19,83,7
21582,82,2026-04-19,68,1
21583,83,2026-04-19,89,3
21584,84,2026-04-19,73,6
21585,85,2026-04-19,42,2
21586,86,2026-04-19,85,4
21587,87,2026-04-19,73,3
21588,88,2026-04-19,77,6
21589,89,2026-04-19,129,6
21590,90,2026-04-19,59,0
21591,91,2026-04-19,43,2
21592,92,2026-04-19,179,8
21593,93,2026-04-19,86,2
21594,94,2026-04-19,87,4
21595,95,2026-04-19,101,8
21596,96,2026-04-19,62,4
21597,97,2026-04-19,108,4
21598,98,2026-04-19,72,7
21599,99,2026-04-19,83,4
21600,100,2026-04-19,78,4
21601,1,2026-04-20,149,11
21602,2,2026-04-20,160,9
21603,3,2026-04-20,192,10
21604,4,2026-04-20,258,15
21605,5,2026-04-20,243,17
21606,6,2026-04-20,258,17
21607,7,2026-04-20,348,22
21608,8,2026-04-20,268,15
21609,9,2026-04-20,226,12
21610,10,2026-04-20,134,7
21611,11,2026-04-20,173,12
21612,12,2026-04-20,189,10
21613,13,2026-04-20,139,8
21614,14,2026-04-20,185,9
21615,15,2026-04-20,156,10
21616,16,2026-04-20,233,14
21617,17,2026-04-20,225,12
21618,18,2026-04-20,154,10
21619,19,2026-04-20,183,9
21620,20,2026-04-20,127,6
21621,21,2026-04-20,112,4
21622,22,2026-04-20,217,16
21623,23,2026-04-20,126,8
21624,24,2026-04-20,215,13
21625,25,2026-04-20,145,9
21626,26,2026-04-20,222,11
21627,27,2026-04-20,157,12
21628,28,2026-04-20,118,7
21629,29,2026-04-20,217,14
21630,30,2026-04-20,146,6
21631,31,2026-04-20,128,6
21632,32,2026-04-20,161,9
21633,33,2026-04-20,152,4
21634,34,2026-04-20,98,6
21635,35,2026-04-20,134,12
21636,36,2026-04-20,297,17
21637,37,2026-04-20,217,15
21638,38,2026-04-20,167,10
21639,39,2026-04-20,162,9
21640,40,2026-04-20,134,13
21641,41,2026-04-20,149,6
21642,42,2026-04-20,220,11
21643,43,2026-04-20,176,11
21644,44,2026-04-20,111,7
21645,45,2026-04-20,172,11
21646,46,2026-04-20,196,12
21647,47,2026-04-20,172,5
21648,48,2026-04-20,140,6
21649,49,2026-04-20,144,9
21650,50,2026-04-20,188,10
21651,51,2026-04-20,190,11
21652,52,2026-04-20,142,5
21653,53,2026-04-20,132,9
21654,54,2026-04-20,145,3
21655,55,2026-04-20,173,10
21656,56,2026-04-20,204,14
21657,57,2026-04-20,132,3
21658,58,2026-04-20,181,11
21659,59,2026-04-20,156,7
21660,60,2026-04-20,180,4
21661,61,2026-04-20,186,12
21662,62,2026-04-20,188,10
21663,63,2026-04-20,315,17
21664,64,2026-04-20,146,5
21665,65,2026-04-20,188,10
21666,66,2026-04-20,156,9
21667,67,2026-04-20,221,12
21668,68,2026-04-20,95,6
21669,69,2026-04-20,186,13
21670,70,2026-04-20,112,9
21671,71,2026-04-20,192,11
21672,72,2026-04-20,254,14
21673,73,2026-04-20,215,12
21674,74,2026-04-20,168,10
21675,75,2026-04-20,166,11
21676,76,2026-04-20,159,6
21677,77,2026-04-20,93,6
21678,78,2026-04-20,164,14
21679,79,2026-04-20,119,8
21680,80,2026-04-20,285,16
21681,81,2026-04-20,190,9
21682,82,2026-04-20,171,11
21683,83,2026-04-20,173,10
21684,84,2026-04-20,171,11
21685,85,2026-04-20,186,10
21686,86,2026-04-20,144,11
21687,87,2026-04-20,132,7
21688,88,2026-04-20,170,8
21689,89,2026-04-20,265,19
21690,90,2026-04-20,180,8
21691,91,2026-04-20,157,8
21692,92,2026-04-20,377,23
21693,93,2026-04-20,195,9
21694,94,2026-04-20,166,10
21695,95,2026-04-20,207,12
21696,96,2026-04-20,129,5
21697,97,2026-04-20,197,12
21698,98,2026-04-20,215,9
21699,99,2026-04-20,153,10
21700,100,2026-04-20,195,11
21701,1,2026-04-21,137,11
21702,2,2026-04-21,128,9
21703,3,2026-04-21,153,9
21704,4,2026-04-21,232,12
21705,5,2026-04-21,221,12
21706,6,2026-04-21,253,14
21707,7,2026-04-21,287,18
21708,8,2026-04-21,215,14
21709,9,2026-04-21,180,9
21710,10,2026-04-21,99,1
21711,11,2026-04-21,182,8
21712,12,2026-04-21,181,11
21713,13,2026-04-21,131,10
21714,14,2026-04-21,156,16
21715,15,2026-04-21,149,11
21716,16,2026-04-21,167,13
21717,17,2026-04-21,205,13
21718,18,2026-04-21,144,6
21719,19,2026-04-21,144,11
21720,20,2026-04-21,87,3
21721,21,2026-04-21,100,4
21722,22,2026-04-21,156,7
21723,23,2026-04-21,108,6
21724,24,2026-04-21,217,12
21725,25,2026-04-21,104,3
21726,26,2026-04-21,210,9
21727,27,2026-04-21,134,12
21728,28,2026-04-21,89,4
21729,29,2026-04-21,177,12
21730,30,2026-04-21,137,11
21731,31,2026-04-21,124,6
21732,32,2026-04-21,146,6
21733,33,2026-04-21,125,7
21734,34,2026-04-21,109,6
21735,35,2026-04-21,108,9
21736,36,2026-04-21,227,13
21737,37,2026-04-21,197,11
21738,38,2026-04-21,162,9
21739,39,2026-04-21,143,5
21740,40,2026-04-21,123,9
21741,41,2026-04-21,134,7
21742,42,2026-04-21,178,9
21743,43,2026-04-21,137,7
21744,44,2026-04-21,104,4
21745,45,2026-04-21,174,4
21746,46,2026-04-21,174,8
21747,47,2026-04-21,159,8
21748,48,2026-04-21,126,10
21749,49,2026-04-21,132,13
21750,50,2026-04-21,144,8
21751,51,2026-04-21,172,8
21752,52,2026-04-21,111,6
21753,53,2026-04-21,117,8
21754,54,2026-04-21,120,9
21755,55,2026-04-21,124,7
21756,56,2026-04-21,201,9
21757,57,2026-04-21,101,7
21758,58,2026-04-21,157,9
21759,59,2026-04-21,156,10
21760,60,2026-04-21,142,7
21761,61,2026-04-21,152,7
21762,62,2026-04-21,137,10
21763,63,2026-04-21,234,12
21764,64,2026-04-21,106,9
21765,65,2026-04-21,189,12
21766,66,2026-04-21,117,7
21767,67,2026-04-21,180,8
21768,68,2026-04-21,82,2
21769,69,2026-04-21,153,13
21770,70,2026-04-21,87,8
21771,71,2026-04-21,191,15
21772,72,2026-04-21,161,7
21773,73,2026-04-21,179,8
21774,74,2026-04-21,130,6
21775,75,2026-04-21,155,10
21776,76,2026-04-21,155,8
21777,77,2026-04-21,83,7
21778,78,2026-04-21,126,8
21779,79,2026-04-21,107,8
21780,80,2026-04-21,267,15
21781,81,2026-04-21,150,9
21782,82,2026-04-21,147,12
21783,83,2026-04-21,168,11
21784,84,2026-04-21,170,10
21785,85,2026-04-21,174,6
21786,86,2026-04-21,127,7
21787,87,2026-04-21,141,6
21788,88,2026-04-21,160,9
21789,89,2026-04-21,243,15
21790,90,2026-04-21,146,8
21791,91,2026-04-21,143,7
21792,92,2026-04-21,345,20
21793,93,2026-04-21,200,14
21794,94,2026-04-21,154,5
21795,95,2026-04-21,202,12
21796,96,2026-04-21,115,6
21797,97,2026-04-21,166,6
21798,98,2026-04-21,178,9
21799,99,2026-04-21,156,8
21800,100,2026-04-21,128,7
21801,1,2026-04-22,150,6
21802,2,2026-04-22,145,10
21803,3,2026-04-22,162,10
21804,4,2026-04-22,202,8
21805,5,2026-04-22,204,11
21806,6,2026-04-22,196,12
21807,7,2026-04-22,278,11
21808,8,2026-04-22,209,7
21809,9,2026-04-22,174,11
21810,10,2026-04-22,114,6
21811,11,2026-04-22,184,11
21812,12,2026-04-22,177,8
21813,13,2026-04-22,117,7
21814,14,2026-04-22,162,10
21815,15,2026-04-22,146,8
21816,16,2026-04-22,203,11
21817,17,2026-04-22,241,15
21818,18,2026-04-22,192,9
21819,19,2026-04-22,150,8
21820,20,2026-04-22,111,6
21821,21,2026-04-22,106,7
21822,22,2026-04-22,177,8
21823,23,2026-04-22,130,7
21824,24,2026-04-22,184,10
21825,25,2026-04-22,110,10
21826,26,2026-04-22,204,12
21827,27,2026-04-22,132,8
21828,28,2026-04-22,124,4
21829,29,2026-04-22,158,11
21830,30,2026-04-22,161,8
21831,31,2026-04-22,156,9
21832,32,2026-04-22,138,6
21833,33,2026-04-22,115,5
21834,34,2026-04-22,92,2
21835,35,2026-04-22,115,10
21836,36,2026-04-22,228,16
21837,37,2026-04-22,163,8
21838,38,2026-04-22,143,7
21839,39,2026-04-22,144,8
21840,40,2026-04-22,110,8
21841,41,2026-04-22,117,6
21842,42,2026-04-22,175,13
21843,43,2026-04-22,155,7
21844,44,2026-04-22,79,1
21845,45,2026-04-22,168,12
21846,46,2026-04-22,146,6
21847,47,2026-04-22,137,7
21848,48,2026-04-22,129,6
21849,49,2026-04-22,133,7
21850,50,2026-04-22,189,9
21851,51,2026-04-22,191,8
21852,52,2026-04-22,113,9
21853,53,2026-04-22,97,8
21854,54,2026-04-22,102,2
21855,55,2026-04-22,140,2
21856,56,2026-04-22,182,13
21857,57,2026-04-22,89,6
21858,58,2026-04-22,161,9
21859,59,2026-04-22,153,7
21860,60,2026-04-22,127,4
21861,61,2026-04-22,163,9
21862,62,2026-04-22,151,10
21863,63,2026-04-22,210,14
21864,64,2026-04-22,114,9
21865,65,2026-04-22,193,11
21866,66,2026-04-22,128,7
21867,67,2026-04-22,164,10
21868,68,2026-04-22,74,6
21869,69,2026-04-22,173,10
21870,70,2026-04-22,102,7
21871,71,2026-04-22,158,8
21872,72,2026-04-22,215,15
21873,73,2026-04-22,198,8
21874,74,2026-04-22,138,5
21875,75,2026-04-22,168,8
21876,76,2026-04-22,141,12
21877,77,2026-04-22,90,6
21878,78,2026-04-22,130,6
21879,79,2026-04-22,141,7
21880,80,2026-04-22,237,13
21881,81,2026-04-22,160,11
21882,82,2026-04-22,139,8
21883,83,2026-04-22,191,9
21884,84,2026-04-22,175,12
21885,85,2026-04-22,147,8
21886,86,2026-04-22,132,10
21887,87,2026-04-22,135,9
21888,88,2026-04-22,161,11
21889,89,2026-04-22,282,15
21890,90,2026-04-22,148,4
21891,91,2026-04-22,127,8
21892,92,2026-04-22,378,22
21893,93,2026-04-22,186,13
21894,94,2026-04-22,152,12
21895,95,2026-04-22,209,13
21896,96,2026-04-22,89,4
21897,97,2026-04-22,137,8
21898,98,2026-04-22,168,10
21899,99,2026-04-22,149,4
21900,100,2026-04-22,162,8
21901,1,2026-04-23,124,6
21902,2,2026-04-23,123,6
21903,3,2026-04-23,145,4
21904,4,2026-04-23,201,9
21905,5,2026-04-23,146,6
21906,6,2026-04-23,199,13
21907,7,2026-04-23,237,14
21908,8,2026-04-23,200,11
21909,9,2026-04-23,138,7
21910,10,2026-04-23,119,5
21911,11,2026-04-23,126,9
21912,12,2026-04-23,131,8
21913,13,2026-04-23,79,2
21914,14,2026-04-23,147,6
21915,15,2026-04-23,116,10
21916,16,2026-04-23,161,11
21917,17,2026-04-23,179,13
21918,18,2026-04-23,122,8
21919,19,2026-04-23,134,5
21920,20,2026-04-23,92,5
21921,21,2026-04-23,94,4
21922,22,2026-04-23,139,7
21923,23,2026-04-23,105,5
21924,24,2026-04-23,154,8
21925,25,2026-04-23,100,4
21926,26,2026-04-23,191,8
21927,27,2026-04-23,124,5
21928,28,2026-04-23,97,6
21929,29,2026-04-23,136,9
21930,30,2026-04-23,131,7
21931,31,2026-04-23,125,6
21932,32,2026-04-23,134,7
21933,33,2026-04-23,129,7
21934,34,2026-04-23,60,3
21935,35,2026-04-23,90,3
21936,36,2026-04-23,221,12
21937,37,2026-04-23,153,10
21938,38,2026-04-23,127,8
21939,39,2026-04-23,127,5
21940,40,2026-04-23,109,3
21941,41,2026-04-23,112,3
21942,42,2026-04-23,174,10
21943,43,2026-04-23,108,2
21944,44,2026-04-23,86,7
21945,45,2026-04-23,157,13
21946,46,2026-04-23,165,13
21947,47,2026-04-23,152,8
21948,48,2026-04-23,119,7
21949,49,2026-04-23,100,4
21950,50,2026-04-23,156,8
21951,51,2026-04-23,161,8
21952,52,2026-04-23,114,7
21953,53,2026-04-23,92,6
21954,54,2026-04-23,102,5
21955,55,2026-04-23,134,9
21956,56,2026-04-23,179,12
21957,57,2026-04-23,90,6
21958,58,2026-04-23,134,3
21959,59,2026-04-23,133,6
21960,60,2026-04-23,127,7
21961,61,2026-04-23,119,6
21962,62,2026-04-23,118,6
21963,63,2026-04-23,200,11
21964,64,2026-04-23,96,4
21965,65,2026-04-23,195,13
21966,66,2026-04-23,114,6
21967,67,2026-04-23,161,6
21968,68,2026-04-23,67,5
21969,69,2026-04-23,171,7
21970,70,2026-04-23,77,5
21971,71,2026-04-23,143,9
21972,72,2026-04-23,163,11
21973,73,2026-04-23,152,10
21974,74,2026-04-23,115,4
21975,75,2026-04-23,159,6
21976,76,2026-04-23,91,5
21977,77,2026-04-23,74,1
21978,78,2026-04-23,102,6
21979,79,2026-04-23,98,7
21980,80,2026-04-23,187,12
21981,81,2026-04-23,131,7
21982,82,2026-04-23,126,7
21983,83,2026-04-23,144,7
21984,84,2026-04-23,141,7
21985,85,2026-04-23,170,10
21986,86,2026-04-23,106,3
21987,87,2026-04-23,108,11
21988,88,2026-04-23,140,11
21989,89,2026-04-23,174,11
21990,90,2026-04-23,114,4
21991,91,2026-04-23,127,6
21992,92,2026-04-23,277,18
21993,93,2026-04-23,183,9
21994,94,2026-04-23,127,6
21995,95,2026-04-23,155,7
21996,96,2026-04-23,99,3
21997,97,2026-04-23,138,5
21998,98,2026-04-23,142,9
21999,99,2026-04-23,102,5
22000,100,2026-04-23,152,8
22001,1,2026-04-24,106,3
22002,2,2026-04-24,136,10
22003,3,2026-04-24,133,7
22004,4,2026-04-24,210,11
22005,5,2026-04-24,188,11
22006,6,2026-04-24,202,14
22007,7,2026-04-24,186,11
22008,8,2026-04-24,163,6
22009,9,2026-04-24,159,7
22010,10,2026-04-24,131,6
22011,11,2026-04-24,166,9
22012,12,2026-04-24,158,8
22013,13,2026-04-24,107,4
22014,14,2026-04-24,130,7
22015,15,2026-04-24,119,7
22016,16,2026-04-24,150,10
22017,17,2026-04-24,219,9
22018,18,2026-04-24,118,6
22019,19,2026-04-24,106,6
22020,20,2026-04-24,70,5
22021,21,2026-04-24,90,6
22022,22,2026-04-24,159,10
22023,23,2026-04-24,94,5
22024,24,2026-04-24,165,13
22025,25,2026-04-24,129,5
22026,26,2026-04-24,187,9
22027,27,2026-04-24,127,8
22028,28,2026-04-24,83,3
22029,29,2026-04-24,159,8
22030,30,2026-04-24,124,9
22031,31,2026-04-24,106,6
22032,32,2026-04-24,121,5
22033,33,2026-04-24,106,8
22034,34,2026-04-24,77,6
22035,35,2026-04-24,117,8
22036,36,2026-04-24,172,8
22037,37,2026-04-24,182,12
22038,38,2026-04-24,129,5
22039,39,2026-04-24,152,6
22040,40,2026-04-24,95,4
22041,41,2026-04-24,113,6
22042,42,2026-04-24,150,9
22043,43,2026-04-24,151,10
22044,44,2026-04-24,98,6
22045,45,2026-04-24,165,9
22046,46,2026-04-24,137,7
22047,47,2026-04-24,131,12
22048,48,2026-04-24,79,3
22049,49,2026-04-24,120,8
22050,50,2026-04-24,156,9
22051,51,2026-04-24,133,7
22052,52,2026-04-24,125,8
22053,53,2026-04-24,95,5
22054,54,2026-04-24,97,8
22055,55,2026-04-24,119,6
22056,56,2026-04-24,177,13
22057,57,2026-04-24,84,10
22058,58,2026-04-24,119,11
22059,59,2026-04-24,119,6
22060,60,2026-04-24,124,7
22061,61,2026-04-24,147,5
22062,62,2026-04-24,127,7
22063,63,2026-04-24,157,11
22064,64,2026-04-24,113,4
22065,65,2026-04-24,156,8
22066,66,2026-04-24,90,6
22067,67,2026-04-24,169,11
22068,68,2026-04-24,61,6
22069,69,2026-04-24,153,9
22070,70,2026-04-24,74,6
22071,71,2026-04-24,138,8
22072,72,2026-04-24,185,11
22073,73,2026-04-24,154,15
22074,74,2026-04-24,111,5
22075,75,2026-04-24,180,10
22076,76,2026-04-24,110,6
22077,77,2026-04-24,90,3
22078,78,2026-04-24,114,8
22079,79,2026-04-24,102,7
22080,80,2026-04-24,204,14
22081,81,2026-04-24,115,5
22082,82,2026-04-24,124,4
22083,83,2026-04-24,156,11
22084,84,2026-04-24,153,7
22085,85,2026-04-24,172,11
22086,86,2026-04-24,103,7
22087,87,2026-04-24,112,6
22088,88,2026-04-24,124,6
22089,89,2026-04-24,218,15
22090,90,2026-04-24,139,4
22091,91,2026-04-24,122,6
22092,92,2026-04-24,285,12
22093,93,2026-04-24,141,10
22094,94,2026-04-24,111,6
22095,95,2026-04-24,184,7
22096,96,2026-04-24,96,3
22097,97,2026-04-24,116,8
22098,98,2026-04-24,150,9
22099,99,2026-04-24,130,10
22100,100,2026-04-24,132,7
22101,1,2026-04-25,118,10
22102,2,2026-04-25,140,9
22103,3,2026-04-25,143,10
22104,4,2026-04-25,190,14
22105,5,2026-04-25,169,7
22106,6,2026-04-25,156,9
22107,7,2026-04-25,205,11
22108,8,2026-04-25,226,11
22109,9,2026-04-25,139,7
22110,10,2026-04-25,107,8
22111,11,2026-04-25,134,3
22112,12,2026-04-25,148,7
22113,13,2026-04-25,97,6
22114,14,2026-04-25,131,10
22115,15,2026-04-25,125,7
22116,16,2026-04-25,144,9
22117,17,2026-04-25,167,9
22118,18,2026-04-25,128,8
22119,19,2026-04-25,120,9
22120,20,2026-04-25,82,7
22121,21,2026-04-25,103,9
22122,22,2026-04-25,163,9
22123,23,2026-04-25,105,9
22124,24,2026-04-25,158,7
22125,25,2026-04-25,105,8
22126,26,2026-04-25,150,12
22127,27,2026-04-25,105,7
22128,28,2026-04-25,101,6
22129,29,2026-04-25,149,9
22130,30,2026-04-25,126,5
22131,31,2026-04-25,125,8
22132,32,2026-04-25,143,8
22133,33,2026-04-25,106,1
22134,34,2026-04-25,79,6
22135,35,2026-04-25,106,7
22136,36,2026-04-25,218,13
22137,37,2026-04-25,134,10
22138,38,2026-04-25,99,7
22139,39,2026-04-25,124,8
22140,40,2026-04-25,111,4
22141,41,2026-04-25,129,6
22142,42,2026-04-25,161,10
22143,43,2026-04-25,158,8
22144,44,2026-04-25,82,4
22145,45,2026-04-25,154,8
22146,46,2026-04-25,156,10
22147,47,2026-04-25,117,8
22148,48,2026-04-25,121,5
22149,49,2026-04-25,111,5
22150,50,2026-04-25,136,4
22151,51,2026-04-25,147,12
22152,52,2026-04-25,108,12
22153,53,2026-04-25,97,7
22154,54,2026-04-25,106,8
22155,55,2026-04-25,117,6
22156,56,2026-04-25,146,9
22157,57,2026-04-25,99,6
22158,58,2026-04-25,131,9
22159,59,2026-04-25,162,11
22160,60,2026-04-25,136,4
22161,61,2026-04-25,153,11
22162,62,2026-04-25,119,6
22163,63,2026-04-25,175,10
22164,64,2026-04-25,98,3
22165,65,2026-04-25,151,8
22166,66,2026-04-25,108,2
22167,67,2026-04-25,173,5
22168,68,2026-04-25,64,3
22169,69,2026-04-25,139,8
22170,70,2026-04-25,70,6
22171,71,2026-04-25,124,4
22172,72,2026-04-25,155,8
22173,73,2026-04-25,141,7
22174,74,2026-04-25,131,5
22175,75,2026-04-25,149,9
22176,76,2026-04-25,128,7
22177,77,2026-04-25,71,3
22178,78,2026-04-25,115,8
22179,79,2026-04-25,99,3
22180,80,2026-04-25,213,16
22181,81,2026-04-25,126,5
22182,82,2026-04-25,127,6
22183,83,2026-04-25,158,10
22184,84,2026-04-25,130,8
22185,85,2026-04-25,151,9
22186,86,2026-04-25,113,4
22187,87,2026-04-25,133,8
22188,88,2026-04-25,106,7
22189,89,2026-04-25,219,10
22190,90,2026-04-25,122,10
22191,91,2026-04-25,116,9
22192,92,2026-04-25,334,21
22193,93,2026-04-25,165,7
22194,94,2026-04-25,123,6
22195,95,2026-04-25,179,8
22196,96,2026-04-25,114,6
22197,97,2026-04-25,147,7
22198,98,2026-04-25,164,9
22199,99,2026-04-25,114,4
22200,100,2026-04-25,137,10
22201,1,2026-04-26,58,7
22202,2,2026-04-26,77,4
22203,3,2026-04-26,87,2
22204,4,2026-04-26,137,7
22205,5,2026-04-26,70,3
22206,6,2026-04-26,92,3
22207,7,2026-04-26,84,3
22208,8,2026-04-26,87,5
22209,9,2026-04-26,95,5
22210,10,2026-04-26,66,3
22211,11,2026-04-26,71,4
22212,12,2026-04-26,83,2
22213,13,2026-04-26,45,3
22214,14,2026-04-26,96,2
22215,15,2026-04-26,78,2
22216,16,2026-04-26,103,7
22217,17,2026-04-26,122,5
22218,18,2026-04-26,70,3
22219,19,2026-04-26,70,6
22220,20,2026-04-26,43,2
22221,21,2026-04-26,68,3
22222,22,2026-04-26,97,6
22223,23,2026-04-26,51,5
22224,24,2026-04-26,75,4
22225,25,2026-04-26,78,5
22226,26,2026-04-26,126,3
22227,27,2026-04-26,61,2
22228,28,2026-04-26,43,3
22229,29,2026-04-26,87,4
22230,30,2026-04-26,75,6
22231,31,2026-04-26,60,3
22232,32,2026-04-26,93,6
22233,33,2026-04-26,56,0
22234,34,2026-04-26,54,1
22235,35,2026-04-26,58,3
22236,36,2026-04-26,101,4
22237,37,2026-04-26,95,5
22238,38,2026-04-26,70,5
22239,39,2026-04-26,82,8
22240,40,2026-04-26,79,5
22241,41,2026-04-26,47,0
22242,42,2026-04-26,71,4
22243,43,2026-04-26,64,3
22244,44,2026-04-26,53,0
22245,45,2026-04-26,61,2
22246,46,2026-04-26,95,6
22247,47,2026-04-26,88,6
22248,48,2026-04-26,51,0
22249,49,2026-04-26,60,5
22250,50,2026-04-26,73,4
22251,51,2026-04-26,63,1
22252,52,2026-04-26,47,0
22253,53,2026-04-26,59,1
22254,54,2026-04-26,48,2
22255,55,2026-04-26,82,7
22256,56,2026-04-26,81,6
22257,57,2026-04-26,65,4
22258,58,2026-04-26,41,2
22259,59,2026-04-26,63,3
22260,60,2026-04-26,98,5
22261,61,2026-04-26,92,4
22262,62,2026-04-26,76,6
22263,63,2026-04-26,113,4
22264,64,2026-04-26,62,4
22265,65,2026-04-26,78,4
22266,66,2026-04-26,53,3
22267,67,2026-04-26,72,1
22268,68,2026-04-26,38,0
22269,69,2026-04-26,89,6
22270,70,2026-04-26,41,1
22271,71,2026-04-26,108,6
22272,72,2026-04-26,83,5
22273,73,2026-04-26,89,4
22274,74,2026-04-26,82,3
22275,75,2026-04-26,83,5
22276,76,2026-04-26,97,5
22277,77,2026-04-26,43,1
22278,78,2026-04-26,79,0
22279,79,2026-04-26,65,5
22280,80,2026-04-26,116,7
22281,81,2026-04-26,76,5
22282,82,2026-04-26,55,1
22283,83,2026-04-26,106,2
22284,84,2026-04-26,82,2
22285,85,2026-04-26,99,2
22286,86,2026-04-26,60,9
22287,87,2026-04-26,69,3
22288,88,2026-04-26,82,1
22289,89,2026-04-26,114,7
22290,90,2026-04-26,57,5
22291,91,2026-04-26,46,2
22292,92,2026-04-26,236,13
22293,93,2026-04-26,108,3
22294,94,2026-04-26,67,7
22295,95,2026-04-26,85,7
22296,96,2026-04-26,38,6
22297,97,2026-04-26,65,4
22298,98,2026-04-26,98,3
22299,99,2026-04-26,57,7
22300,100,2026-04-26,101,5
22301,1,2026-04-27,168,10
22302,2,2026-04-27,170,10
22303,3,2026-04-27,220,11
22304,4,2026-04-27,261,14
22305,5,2026-04-27,247,14
22306,6,2026-04-27,228,14
22307,7,2026-04-27,310,17
22308,8,2026-04-27,273,17
22309,9,2026-04-27,177,10
22310,10,2026-04-27,140,9
22311,11,2026-04-27,194,10
22312,12,2026-04-27,193,11
22313,13,2026-04-27,125,7
22314,14,2026-04-27,179,9
22315,15,2026-04-27,143,11
22316,16,2026-04-27,215,14
22317,17,2026-04-27,235,15
22318,18,2026-04-27,185,7
22319,19,2026-04-27,172,10
22320,20,2026-04-27,107,5
22321,21,2026-04-27,126,3
22322,22,2026-04-27,187,11
22323,23,2026-04-27,124,8
22324,24,2026-04-27,206,10
22325,25,2026-04-27,156,8
22326,26,2026-04-27,210,8
22327,27,2026-04-27,167,8
22328,28,2026-04-27,123,5
22329,29,2026-04-27,163,10
22330,30,2026-04-27,167,9
22331,31,2026-04-27,151,8
22332,32,2026-04-27,175,7
22333,33,2026-04-27,125,2
22334,34,2026-04-27,98,3
22335,35,2026-04-27,127,6
22336,36,2026-04-27,266,18
22337,37,2026-04-27,223,13
22338,38,2026-04-27,185,9
22339,39,2026-04-27,173,11
22340,40,2026-04-27,116,9
22341,41,2026-04-27,143,8
22342,42,2026-04-27,225,9
22343,43,2026-04-27,157,6
22344,44,2026-04-27,111,4
22345,45,2026-04-27,183,11
22346,46,2026-04-27,161,11
22347,47,2026-04-27,148,9
22348,48,2026-04-27,134,6
22349,49,2026-04-27,148,9
22350,50,2026-04-27,200,12
22351,51,2026-04-27,218,12
22352,52,2026-04-27,158,9
22353,53,2026-04-27,124,8
22354,54,2026-04-27,142,7
22355,55,2026-04-27,162,7
22356,56,2026-04-27,201,11
22357,57,2026-04-27,113,4
22358,58,2026-04-27,195,12
22359,59,2026-04-27,149,9
22360,60,2026-04-27,169,10
22361,61,2026-04-27,177,8
22362,62,2026-04-27,176,10
22363,63,2026-04-27,279,18
22364,64,2026-04-27,140,7
22365,65,2026-04-27,192,12
22366,66,2026-04-27,150,12
22367,67,2026-04-27,216,12
22368,68,2026-04-27,88,6
22369,69,2026-04-27,211,14
22370,70,2026-04-27,100,7
22371,71,2026-04-27,200,10
22372,72,2026-04-27,233,13
22373,73,2026-04-27,170,9
22374,74,2026-04-27,162,12
22375,75,2026-04-27,219,12
22376,76,2026-04-27,147,12
22377,77,2026-04-27,97,4
22378,78,2026-04-27,155,7
22379,79,2026-04-27,126,8
22380,80,2026-04-27,258,20
22381,81,2026-04-27,182,9
22382,82,2026-04-27,143,8
22383,83,2026-04-27,229,14
22384,84,2026-04-27,190,11
22385,85,2026-04-27,186,12
22386,86,2026-04-27,135,8
22387,87,2026-04-27,171,9
22388,88,2026-04-27,190,8
22389,89,2026-04-27,262,19
22390,90,2026-04-27,179,12
22391,91,2026-04-27,161,7
22392,92,2026-04-27,388,23
22393,93,2026-04-27,228,12
22394,94,2026-04-27,196,11
22395,95,2026-04-27,204,15
22396,96,2026-04-27,153,12
22397,97,2026-04-27,191,8
22398,98,2026-04-27,183,11
22399,99,2026-04-27,150,7
22400,100,2026-04-27,201,8
22401,1,2026-04-28,143,9
22402,2,2026-04-28,126,4
22403,3,2026-04-28,181,12
22404,4,2026-04-28,226,11
22405,5,2026-04-28,219,11
22406,6,2026-04-28,217,15
22407,7,2026-04-28,252,15
22408,8,2026-04-28,205,10
22409,9,2026-04-28,148,9
22410,10,2026-04-28,139,7
22411,11,2026-04-28,261,11
22412,12,2026-04-28,296,17
22413,13,2026-04-28,114,8
22414,14,2026-04-28,156,8
22415,15,2026-04-28,149,12
22416,16,2026-04-28,191,12
22417,17,2026-04-28,224,12
22418,18,2026-04-28,158,4
22419,19,2026-04-28,151,7
22420,20,2026-04-28,100,8
22421,21,2026-04-28,91,7
22422,22,2026-04-28,187,9
22423,23,2026-04-28,112,8
22424,24,2026-04-28,199,10
22425,25,2026-04-28,111,6
22426,26,2026-04-28,190,17
22427,27,2026-04-28,137,6
22428,28,2026-04-28,85,6
22429,29,2026-04-28,207,14
22430,30,2026-04-28,227,16
22431,31,2026-04-28,98,1
22432,32,2026-04-28,138,5
22433,33,2026-04-28,111,4
22434,34,2026-04-28,85,6
22435,35,2026-04-28,97,6
22436,36,2026-04-28,252,13
22437,37,2026-04-28,196,11
22438,38,2026-04-28,125,9
22439,39,2026-04-28,136,9
22440,40,2026-04-28,120,7
22441,41,2026-04-28,139,8
22442,42,2026-04-28,169,9
22443,43,2026-04-28,175,13
22444,44,2026-04-28,100,6
22445,45,2026-04-28,177,7
22446,46,2026-04-28,147,10
22447,47,2026-04-28,149,9
22448,48,2026-04-28,114,5
22449,49,2026-04-28,131,5
22450,50,2026-04-28,164,6
22451,51,2026-04-28,202,6
22452,52,2026-04-28,129,7
22453,53,2026-04-28,104,3
22454,54,2026-04-28,105,7
22455,55,2026-04-28,159,10
22456,56,2026-04-28,196,11
22457,57,2026-04-28,95,6
22458,58,2026-04-28,173,9
22459,59,2026-04-28,135,7
22460,60,2026-04-28,162,7
22461,61,2026-04-28,184,11
22462,62,2026-04-28,129,8
22463,63,2026-04-28,261,16
22464,64,2026-04-28,139,11
22465,65,2026-04-28,192,11
22466,66,2026-04-28,132,9
22467,67,2026-04-28,210,14
22468,68,2026-04-28,75,4
22469,69,2026-04-28,160,12
22470,70,2026-04-28,104,4
22471,71,2026-04-28,150,9
22472,72,2026-04-28,208,12
22473,73,2026-04-28,193,9
22474,74,2026-04-28,144,9
22475,75,2026-04-28,160,11
22476,76,2026-04-28,139,6
22477,77,2026-04-28,85,5
22478,78,2026-04-28,110,7
22479,79,2026-04-28,106,8
22480,80,2026-04-28,198,12
22481,81,2026-04-28,111,6
22482,82,2026-04-28,154,10
22483,83,2026-04-28,142,8
22484,84,2026-04-28,141,7
22485,85,2026-04-28,175,10
22486,86,2026-04-28,115,10
22487,87,2026-04-28,141,6
22488,88,2026-04-28,126,5
22489,89,2026-04-28,259,14
22490,90,2026-04-28,159,9
22491,91,2026-04-28,151,8
22492,92,2026-04-28,383,24
22493,93,2026-04-28,189,9
22494,94,2026-04-28,170,9
22495,95,2026-04-28,184,14
22496,96,2026-04-28,125,8
22497,97,2026-04-28,129,10
22498,98,2026-04-28,151,11
22499,99,2026-04-28,143,8
22500,100,2026-04-28,166,7
22501,1,2026-04-29,126,7
22502,2,2026-04-29,144,10
22503,3,2026-04-29,173,11
22504,4,2026-04-29,213,13
22505,5,2026-04-29,221,12
22506,6,2026-04-29,205,12
22507,7,2026-04-29,293,15
22508,8,2026-04-29,239,11
22509,9,2026-04-29,148,8
22510,10,2026-04-29,115,5
22511,11,2026-04-29,252,15
22512,12,2026-04-29,324,19
22513,13,2026-04-29,125,10
22514,14,2026-04-29,165,10
22515,15,2026-04-29,141,13
22516,16,2026-04-29,196,10
22517,17,2026-04-29,192,10
22518,18,2026-04-29,158,9
22519,19,2026-04-29,131,7
22520,20,2026-04-29,102,8
22521,21,2026-04-29,113,6
22522,22,2026-04-29,184,7
22523,23,2026-04-29,109,5
22524,24,2026-04-29,218,8
22525,25,2026-04-29,123,7
22526,26,2026-04-29,198,13
22527,27,2026-04-29,134,7
22528,28,2026-04-29,125,6
22529,29,2026-04-29,172,11
22530,30,2026-04-29,239,8
22531,31,2026-04-29,120,8
22532,32,2026-04-29,140,7
22533,33,2026-04-29,117,5
22534,34,2026-04-29,78,2
22535,35,2026-04-29,119,4
22536,36,2026-04-29,222,10
22537,37,2026-04-29,194,12
22538,38,2026-04-29,154,11
22539,39,2026-04-29,159,10
22540,40,2026-04-29,98,4
22541,41,2026-04-29,122,9
22542,42,2026-04-29,199,11
22543,43,2026-04-29,135,8
22544,44,2026-04-29,80,2
22545,45,2026-04-29,179,6
22546,46,2026-04-29,189,9
22547,47,2026-04-29,144,6
22548,48,2026-04-29,120,6
22549,49,2026-04-29,141,9
22550,50,2026-04-29,159,12
22551,51,2026-04-29,202,11
22552,52,2026-04-29,151,10
22553,53,2026-04-29,118,9
22554,54,2026-04-29,152,11
22555,55,2026-04-29,137,6
22556,56,2026-04-29,168,9
22557,57,2026-04-29,100,7
22558,58,2026-04-29,159,10
22559,59,2026-04-29,146,7
22560,60,2026-04-29,154,7
22561,61,2026-04-29,161,10
22562,62,2026-04-29,110,7
22563,63,2026-04-29,184,10
22564,64,2026-04-29,116,6
22565,65,2026-04-29,190,13
22566,66,2026-04-29,145,7
22567,67,2026-04-29,168,9
22568,68,2026-04-29,76,5
22569,69,2026-04-29,149,8
22570,70,2026-04-29,92,3
22571,71,2026-04-29,193,14
22572,72,2026-04-29,209,14
22573,73,2026-04-29,161,10
22574,74,2026-04-29,138,5
22575,75,2026-04-29,134,6
22576,76,2026-04-29,158,9
22577,77,2026-04-29,88,6
22578,78,2026-04-29,137,7
22579,79,2026-04-29,127,9
22580,80,2026-04-29,250,15
22581,81,2026-04-29,112,8
22582,82,2026-04-29,149,8
22583,83,2026-04-29,183,11
22584,84,2026-04-29,170,7
22585,85,2026-04-29,176,12
22586,86,2026-04-29,104,2
22587,87,2026-04-29,148,8
22588,88,2026-04-29,151,9
22589,89,2026-04-29,264,16
22590,90,2026-04-29,179,10
22591,91,2026-04-29,130,5
22592,92,2026-04-29,331,19
22593,93,2026-04-29,173,10
22594,94,2026-04-29,147,4
22595,95,2026-04-29,225,14
22596,96,2026-04-29,112,4
22597,97,2026-04-29,144,10
22598,98,2026-04-29,199,11
22599,99,2026-04-29,139,8
22600,100,2026-04-29,171,10
22601,1,2026-04-30,100,7
22602,2,2026-04-30,147,8
22603,3,2026-04-30,162,8
22604,4,2026-04-30,191,7
22605,5,2026-04-30,157,9
22606,6,2026-04-30,188,12
22607,7,2026-04-30,321,20
22608,8,2026-04-30,207,15
22609,9,2026-04-30,166,7
22610,10,2026-04-30,116,6
22611,11,2026-04-30,247,12
22612,12,2026-04-30,252,13
22613,13,2026-04-30,108,6
22614,14,2026-04-30,153,13
22615,15,2026-04-30,131,9
22616,16,2026-04-30,160,9
22617,17,2026-04-30,209,13
22618,18,2026-04-30,148,10
22619,19,2026-04-30,115,6
22620,20,2026-04-30,78,3
22621,21,2026-04-30,100,4
22622,22,2026-04-30,170,10
22623,23,2026-04-30,88,4
22624,24,2026-04-30,163,6
22625,25,2026-04-30,106,6
22626,26,2026-04-30,181,10
22627,27,2026-04-30,116,6
22628,28,2026-04-30,102,5
22629,29,2026-04-30,146,10
22630,30,2026-04-30,214,13
22631,31,2026-04-30,119,5
22632,32,2026-04-30,99,2
22633,33,2026-04-30,106,6
22634,34,2026-04-30,81,4
22635,35,2026-04-30,94,7
22636,36,2026-04-30,213,15
22637,37,2026-04-30,144,10
22638,38,2026-04-30,130,8
22639,39,2026-04-30,135,7
22640,40,2026-04-30,106,7
22641,41,2026-04-30,119,8
22642,42,2026-04-30,166,13
22643,43,2026-04-30,94,6
22644,44,2026-04-30,75,4
22645,45,2026-04-30,152,9
22646,46,2026-04-30,130,0
22647,47,2026-04-30,134,7
22648,48,2026-04-30,105,5
22649,49,2026-04-30,105,0
22650,50,2026-04-30,135,8
22651,51,2026-04-30,169,9
22652,52,2026-04-30,109,5
22653,53,2026-04-30,95,8
22654,54,2026-04-30,111,8
22655,55,2026-04-30,122,5
22656,56,2026-04-30,159,11
22657,57,2026-04-30,77,0
22658,58,2026-04-30,148,8
22659,59,2026-04-30,102,6
22660,60,2026-04-30,105,1
22661,61,2026-04-30,140,11
22662,62,2026-04-30,120,5
22663,63,2026-04-30,212,11
22664,64,2026-04-30,130,4
22665,65,2026-04-30,192,10
22666,66,2026-04-30,147,8
22667,67,2026-04-30,166,11
22668,68,2026-04-30,65,3
22669,69,2026-04-30,155,8
22670,70,2026-04-30,75,5
22671,71,2026-04-30,143,10
22672,72,2026-04-30,186,13
22673,73,2026-04-30,173,11
22674,74,2026-04-30,92,5
22675,75,2026-04-30,144,9
22676,76,2026-04-30,115,5
22677,77,2026-04-30,81,3
22678,78,2026-04-30,133,7
22679,79,2026-04-30,94,5
22680,80,2026-04-30,247,13
22681,81,2026-04-30,114,6
22682,82,2026-04-30,136,6
22683,83,2026-04-30,161,9
22684,84,2026-04-30,260,15
22685,85,2026-04-30,158,12
22686,86,2026-04-30,91,4
22687,87,2026-04-30,134,4
22688,88,2026-04-30,145,4
22689,89,2026-04-30,222,13
22690,90,2026-04-30,136,12
22691,91,2026-04-30,112,7
22692,92,2026-04-30,336,19
22693,93,2026-04-30,184,13
22694,94,2026-04-30,131,10
22695,95,2026-04-30,199,9
22696,96,2026-04-30,101,3
22697,97,2026-04-30,137,10
22698,98,2026-04-30,164,9
22699,99,2026-04-30,134,6
22700,100,2026-04-30,155,12
22701,1,2026-05-01,114,3
22702,2,2026-05-01,130,7
22703,3,2026-05-01,140,8
22704,4,2026-05-01,170,10
22705,5,2026-05-01,235,17
22706,6,2026-05-01,194,9
22707,7,2026-05-01,258,15
22708,8,2026-05-01,211,15
22709,9,2026-05-01,124,8
22710,10,2026-05-01,88,5
22711,11,2026-05-01,278,17
22712,12,2026-05-01,268,20
22713,13,2026-05-01,108,4
22714,14,2026-05-01,149,10
22715,15,2026-05-01,101,4
22716,16,2026-05-01,162,9
22717,17,2026-05-01,191,11
22718,18,2026-05-01,141,9
22719,19,2026-05-01,143,6
22720,20,2026-05-01,87,7
22721,21,2026-05-01,99,4
22722,22,2026-05-01,144,5
22723,23,2026-05-01,86,1
22724,24,2026-05-01,170,11
22725,25,2026-05-01,95,5
22726,26,2026-05-01,173,11
22727,27,2026-05-01,110,2
22728,28,2026-05-01,80,6
22729,29,2026-05-01,154,15
22730,30,2026-05-01,195,11
22731,31,2026-05-01,90,6
22732,32,2026-05-01,151,10
22733,33,2026-05-01,118,3
22734,34,2026-05-01,87,4
22735,35,2026-05-01,108,6
22736,36,2026-05-01,193,9
22737,37,2026-05-01,152,4
22738,38,2026-05-01,131,7
22739,39,2026-05-01,129,7
22740,40,2026-05-01,104,4
22741,41,2026-05-01,113,6
22742,42,2026-05-01,152,8
22743,43,2026-05-01,133,9
22744,44,2026-05-01,83,3
22745,45,2026-05-01,153,6
22746,46,2026-05-01,145,5
22747,47,2026-05-01,129,7
22748,48,2026-05-01,79,7
22749,49,2026-05-01,131,8
22750,50,2026-05-01,152,5
22751,51,2026-05-01,170,10
22752,52,2026-05-01,110,5
22753,53,2026-05-01,91,5
22754,54,2026-05-01,105,8
22755,55,2026-05-01,94,5
22756,56,2026-05-01,191,12
22757,57,2026-05-01,89,4
22758,58,2026-05-01,144,5
22759,59,2026-05-01,146,5
22760,60,2026-05-01,135,8
22761,61,2026-05-01,136,10
22762,62,2026-05-01,134,7
22763,63,2026-05-01,177,10
22764,64,2026-05-01,103,4
22765,65,2026-05-01,183,7
22766,66,2026-05-01,131,5
22767,67,2026-05-01,179,7
22768,68,2026-05-01,60,2
22769,69,2026-05-01,159,11
22770,70,2026-05-01,78,1
22771,71,2026-05-01,140,8
22772,72,2026-05-01,201,10
22773,73,2026-05-01,174,12
22774,74,2026-05-01,112,5
22775,75,2026-05-01,129,10
22776,76,2026-05-01,121,6
22777,77,2026-05-01,82,4
22778,78,2026-05-01,101,4
22779,79,2026-05-01,104,5
22780,80,2026-05-01,211,8
22781,81,2026-05-01,126,6
22782,82,2026-05-01,133,4
22783,83,2026-05-01,146,8
22784,84,2026-05-01,231,12
22785,85,2026-05-01,142,10
22786,86,2026-05-01,89,7
22787,87,2026-05-01,124,8
22788,88,2026-05-01,145,7
22789,89,2026-05-01,180,12
22790,90,2026-05-01,143,12
22791,91,2026-05-01,140,7
22792,92,2026-05-01,323,19
22793,93,2026-05-01,167,14
22794,94,2026-05-01,117,8
22795,95,2026-05-01,178,10
22796,96,2026-05-01,105,8
22797,97,2026-05-01,146,6
22798,98,2026-05-01,156,9
22799,99,2026-05-01,131,10
22800,100,2026-05-01,168,8
22801,1,2026-05-02,107,8
22802,2,2026-05-02,140,12
22803,3,2026-05-02,150,7
22804,4,2026-05-02,204,12
22805,5,2026-05-02,185,8
22806,6,2026-05-02,189,12
22807,7,2026-05-02,241,16
22808,8,2026-05-02,189,12
22809,9,2026-05-02,137,5
22810,10,2026-05-02,101,5
22811,11,2026-05-02,228,12
22812,12,2026-05-02,253,14
22813,13,2026-05-02,108,5
22814,14,2026-05-02,177,11
22815,15,2026-05-02,125,7
22816,16,2026-05-02,175,6
22817,17,2026-05-02,170,8
22818,18,2026-05-02,149,8
22819,19,2026-05-02,114,8
22820,20,2026-05-02,75,6
22821,21,2026-05-02,106,8
22822,22,2026-05-02,155,12
22823,23,2026-05-02,99,5
22824,24,2026-05-02,185,15
22825,25,2026-05-02,96,5
22826,26,2026-05-02,148,10
22827,27,2026-05-02,125,7
22828,28,2026-05-02,94,7
22829,29,2026-05-02,168,8
22830,30,2026-05-02,199,10
22831,31,2026-05-02,119,9
22832,32,2026-05-02,143,13
22833,33,2026-05-02,113,6
22834,34,2026-05-02,80,3
22835,35,2026-05-02,99,5
22836,36,2026-05-02,179,9
22837,37,2026-05-02,151,12
22838,38,2026-05-02,138,5
22839,39,2026-05-02,134,10
22840,40,2026-05-02,102,6
22841,41,2026-05-02,118,10
22842,42,2026-05-02,154,8
22843,43,2026-05-02,130,6
22844,44,2026-05-02,77,1
22845,45,2026-05-02,157,5
22846,46,2026-05-02,144,8
22847,47,2026-05-02,134,6
22848,48,2026-05-02,121,6
22849,49,2026-05-02,117,7
22850,50,2026-05-02,116,9
22851,51,2026-05-02,169,10
22852,52,2026-05-02,101,5
22853,53,2026-05-02,100,3
22854,54,2026-05-02,84,5
22855,55,2026-05-02,114,6
22856,56,2026-05-02,175,10
22857,57,2026-05-02,94,8
22858,58,2026-05-02,148,10
22859,59,2026-05-02,114,6
22860,60,2026-05-02,123,8
22861,61,2026-05-02,141,9
22862,62,2026-05-02,117,5
22863,63,2026-05-02,215,10
22864,64,2026-05-02,91,3
22865,65,2026-05-02,150,9
22866,66,2026-05-02,116,7
22867,67,2026-05-02,149,10
22868,68,2026-05-02,70,4
22869,69,2026-05-02,177,9
22870,70,2026-05-02,75,5
22871,71,2026-05-02,153,8
22872,72,2026-05-02,212,11
22873,73,2026-05-02,156,7
22874,74,2026-05-02,113,6
22875,75,2026-05-02,146,5
22876,76,2026-05-02,111,5
22877,77,2026-05-02,71,8
22878,78,2026-05-02,110,9
22879,79,2026-05-02,105,4
22880,80,2026-05-02,243,13
22881,81,2026-05-02,125,7
22882,82,2026-05-02,133,6
22883,83,2026-05-02,160,7
22884,84,2026-05-02,219,12
22885,85,2026-05-02,142,11
22886,86,2026-05-02,95,6
22887,87,2026-05-02,122,7
22888,88,2026-05-02,141,7
22889,89,2026-05-02,232,15
22890,90,2026-05-02,123,6
22891,91,2026-05-02,112,5
22892,92,2026-05-02,363,22
22893,93,2026-05-02,179,10
22894,94,2026-05-02,109,3
22895,95,2026-05-02,188,9
22896,96,2026-05-02,114,8
22897,97,2026-05-02,121,6
22898,98,2026-05-02,143,10
22899,99,2026-05-02,135,7
22900,100,2026-05-02,155,7
22901,1,2026-05-03,88,5
22902,2,2026-05-03,93,8
22903,3,2026-05-03,87,4
22904,4,2026-05-03,92,9
22905,5,2026-05-03,107,8
22906,6,2026-05-03,101,10
22907,7,2026-05-03,231,16
22908,8,2026-05-03,83,3
22909,9,2026-05-03,92,6
22910,10,2026-05-03,59,2
22911,11,2026-05-03,77,3
22912,12,2026-05-03,94,7
22913,13,2026-05-03,62,1
22914,14,2026-05-03,75,3
22915,15,2026-05-03,87,4
22916,16,2026-05-03,84,9
22917,17,2026-05-03,102,5
22918,18,2026-05-03,89,3
22919,19,2026-05-03,64,1
22920,20,2026-05-03,55,4
22921,21,2026-05-03,72,3
22922,22,2026-05-03,112,11
22923,23,2026-05-03,51,5
22924,24,2026-05-03,64,3
22925,25,2026-05-03,54,1
22926,26,2026-05-03,96,5
22927,27,2026-05-03,75,5
22928,28,2026-05-03,51,0
22929,29,2026-05-03,102,7
22930,30,2026-05-03,95,4
22931,31,2026-05-03,58,2
22932,32,2026-05-03,80,1
22933,33,2026-05-03,72,0
22934,34,2026-05-03,59,3
22935,35,2026-05-03,67,1
22936,36,2026-05-03,149,11
22937,37,2026-05-03,100,6
22938,38,2026-05-03,80,4
22939,39,2026-05-03,52,3
22940,40,2026-05-03,55,4
22941,41,2026-05-03,52,4
22942,42,2026-05-03,54,3
22943,43,2026-05-03,41,1
22944,44,2026-05-03,53,3
22945,45,2026-05-03,73,3
22946,46,2026-05-03,88,5
22947,47,2026-05-03,81,4
22948,48,2026-05-03,57,2
22949,49,2026-05-03,61,4
22950,50,2026-05-03,98,7
22951,51,2026-05-03,104,4
22952,52,2026-05-03,59,8
22953,53,2026-05-03,61,2
22954,54,2026-05-03,64,6
22955,55,2026-05-03,93,4
22956,56,2026-05-03,94,8
22957,57,2026-05-03,59,4
22958,58,2026-05-03,69,5
22959,59,2026-05-03,51,1
22960,60,2026-05-03,77,3
22961,61,2026-05-03,69,3
22962,62,2026-05-03,87,4
22963,63,2026-05-03,125,6
22964,64,2026-05-03,74,4
22965,65,2026-05-03,98,8
22966,66,2026-05-03,52,1
22967,67,2026-05-03,86,7
22968,68,2026-05-03,54,0
22969,69,2026-05-03,113,6
22970,70,2026-05-03,59,2
22971,71,2026-05-03,79,2
22972,72,2026-05-03,111,8
22973,73,2026-05-03,94,3
22974,74,2026-05-03,42,1
22975,75,2026-05-03,84,6
22976,76,2026-05-03,58,2
22977,77,2026-05-03,43,0
22978,78,2026-05-03,70,3
22979,79,2026-05-03,65,1
22980,80,2026-05-03,113,8
22981,81,2026-05-03,60,1
22982,82,2026-05-03,85,1
22983,83,2026-05-03,91,2
22984,84,2026-05-03,128,7
22985,85,2026-05-03,115,9
22986,86,2026-05-03,51,2
22987,87,2026-05-03,51,1
22988,88,2026-05-03,85,2
22989,89,2026-05-03,113,4
22990,90,2026-05-03,73,5
22991,91,2026-05-03,68,4
22992,92,2026-05-03,175,8
22993,93,2026-05-03,79,5
22994,94,2026-05-03,91,7
22995,95,2026-05-03,108,6
22996,96,2026-05-03,50,5
22997,97,2026-05-03,93,4
22998,98,2026-05-03,84,4
22999,99,2026-05-03,82,4
23000,100,2026-05-03,85,7
23001,1,2026-05-04,153,11
23002,2,2026-05-04,171,11
23003,3,2026-05-04,200,13
23004,4,2026-05-04,272,19
23005,5,2026-05-04,224,16
23006,6,2026-05-04,266,15
23007,7,2026-05-04,544,31
23008,8,2026-05-04,255,16
23009,9,2026-05-04,155,8
23010,10,2026-05-04,129,8
23011,11,2026-05-04,201,8
23012,12,2026-05-04,206,12
23013,13,2026-05-04,132,7
23014,14,2026-05-04,173,12
23015,15,2026-05-04,141,11
23016,16,2026-05-04,240,15
23017,17,2026-05-04,267,14
23018,18,2026-05-04,175,9
23019,19,2026-05-04,152,6
23020,20,2026-05-04,100,0
23021,21,2026-05-04,124,12
23022,22,2026-05-04,182,9
23023,23,2026-05-04,140,8
23024,24,2026-05-04,222,11
23025,25,2026-05-04,150,6
23026,26,2026-05-04,239,13
23027,27,2026-05-04,173,8
23028,28,2026-05-04,112,6
23029,29,2026-05-04,190,9
23030,30,2026-05-04,140,6
23031,31,2026-05-04,146,7
23032,32,2026-05-04,167,14
23033,33,2026-05-04,165,10
23034,34,2026-05-04,109,5
23035,35,2026-05-04,114,4
23036,36,2026-05-04,262,17
23037,37,2026-05-04,207,14
23038,38,2026-05-04,176,9
23039,39,2026-05-04,178,11
23040,40,2026-05-04,136,12
23041,41,2026-05-04,145,8
23042,42,2026-05-04,204,8
23043,43,2026-05-04,198,11
23044,44,2026-05-04,111,6
23045,45,2026-05-04,188,10
23046,46,2026-05-04,203,11
23047,47,2026-05-04,183,9
23048,48,2026-05-04,143,6
23049,49,2026-05-04,146,6
23050,50,2026-05-04,222,14
23051,51,2026-05-04,219,11
23052,52,2026-05-04,153,7
23053,53,2026-05-04,132,9
23054,54,2026-05-04,150,8
23055,55,2026-05-04,156,10
23056,56,2026-05-04,218,13
23057,57,2026-05-04,109,9
23058,58,2026-05-04,187,16
23059,59,2026-05-04,173,13
23060,60,2026-05-04,163,10
23061,61,2026-05-04,204,10
23062,62,2026-05-04,193,14
23063,63,2026-05-04,302,14
23064,64,2026-05-04,139,6
23065,65,2026-05-04,219,9
23066,66,2026-05-04,176,11
23067,67,2026-05-04,224,11
23068,68,2026-05-04,89,9
23069,69,2026-05-04,211,11
23070,70,2026-05-04,99,6
23071,71,2026-05-04,184,13
23072,72,2026-05-04,223,11
23073,73,2026-05-04,176,10
23074,74,2026-05-04,125,7
23075,75,2026-05-04,169,12
23076,76,2026-05-04,188,10
23077,77,2026-05-04,92,5
23078,78,2026-05-04,129,6
23079,79,2026-05-04,134,9
23080,80,2026-05-04,249,17
23081,81,2026-05-04,168,13
23082,82,2026-05-04,177,11
23083,83,2026-05-04,209,12
23084,84,2026-05-04,172,9
23085,85,2026-05-04,165,9
23086,86,2026-05-04,133,8
23087,87,2026-05-04,173,8
23088,88,2026-05-04,186,13
23089,89,2026-05-04,296,17
23090,90,2026-05-04,168,10
23091,91,2026-05-04,148,6
23092,92,2026-05-04,444,22
23093,93,2026-05-04,223,18
23094,94,2026-05-04,177,6
23095,95,2026-05-04,228,14
23096,96,2026-05-04,131,4
23097,97,2026-05-04,185,10
23098,98,2026-05-04,176,5
23099,99,2026-05-04,157,9
23100,100,2026-05-04,196,14
23101,1,2026-05-05,140,5
23102,2,2026-05-05,149,11
23103,3,2026-05-05,167,10
23104,4,2026-05-05,242,14
23105,5,2026-05-05,238,17
23106,6,2026-05-05,214,13
23107,7,2026-05-05,451,27
23108,8,2026-05-05,221,13
23109,9,2026-05-05,171,14
23110,10,2026-05-05,121,10
23111,11,2026-05-05,142,8
23112,12,2026-05-05,173,11
23113,13,2026-05-05,121,4
23114,14,2026-05-05,154,5
23115,15,2026-05-05,141,5
23116,16,2026-05-05,202,12
23117,17,2026-05-05,212,11
23118,18,2026-05-05,150,7
23119,19,2026-05-05,139,9
23120,20,2026-05-05,89,7
23121,21,2026-05-05,128,7
23122,22,2026-05-05,165,7
23123,23,2026-05-05,112,5
23124,24,2026-05-05,184,12
23125,25,2026-05-05,116,7
23126,26,2026-05-05,180,7
23127,27,2026-05-05,159,10
23128,28,2026-05-05,113,6
23129,29,2026-05-05,165,9
23130,30,2026-05-05,154,12
23131,31,2026-05-05,136,10
23132,32,2026-05-05,157,8
23133,33,2026-05-05,150,7
23134,34,2026-05-05,94,6
23135,35,2026-05-05,101,5
23136,36,2026-05-05,268,12
23137,37,2026-05-05,152,10
23138,38,2026-05-05,147,9
23139,39,2026-05-05,129,7
23140,40,2026-05-05,112,5
23141,41,2026-05-05,161,9
23142,42,2026-05-05,179,11
23143,43,2026-05-05,148,9
23144,44,2026-05-05,96,6
23145,45,2026-05-05,178,9
23146,46,2026-05-05,153,7
23147,47,2026-05-05,161,10
23148,48,2026-05-05,110,6
23149,49,2026-05-05,135,7
23150,50,2026-05-05,177,10
23151,51,2026-05-05,172,9
23152,52,2026-05-05,114,5
23153,53,2026-05-05,119,6
23154,54,2026-05-05,131,8
23155,55,2026-05-05,129,8
23156,56,2026-05-05,191,14
23157,57,2026-05-05,114,3
23158,58,2026-05-05,158,9
23159,59,2026-05-05,139,10
23160,60,2026-05-05,149,6
23161,61,2026-05-05,146,7
23162,62,2026-05-05,137,10
23163,63,2026-05-05,239,12
23164,64,2026-05-05,128,6
23165,65,2026-05-05,158,7
23166,66,2026-05-05,129,6
23167,67,2026-05-05,184,8
23168,68,2026-05-05,88,5
23169,69,2026-05-05,158,6
23170,70,2026-05-05,89,5
23171,71,2026-05-05,166,14
23172,72,2026-05-05,190,11
23173,73,2026-05-05,156,9
23174,74,2026-05-05,134,9
23175,75,2026-05-05,139,9
23176,76,2026-05-05,134,4
23177,77,2026-05-05,90,3
23178,78,2026-05-05,149,8
23179,79,2026-05-05,111,6
23180,80,2026-05-05,217,10
23181,81,2026-05-05,147,5
23182,82,2026-05-05,132,7
23183,83,2026-05-05,196,7
23184,84,2026-05-05,183,18
23185,85,2026-05-05,167,8
23186,86,2026-05-05,130,6
23187,87,2026-05-05,121,6
23188,88,2026-05-05,146,9
23189,89,2026-05-05,216,14
23190,90,2026-05-05,125,5
23191,91,2026-05-05,165,8
23192,92,2026-05-05,332,21
23193,93,2026-05-05,184,8
23194,94,2026-05-05,152,10
23195,95,2026-05-05,178,12
23196,96,2026-05-05,120,11
23197,97,2026-05-05,159,10
23198,98,2026-05-05,164,11
23199,99,2026-05-05,134,6
23200,100,2026-05-05,165,10
23201,1,2026-05-06,150,10
23202,2,2026-05-06,112,6
23203,3,2026-05-06,196,9
23204,4,2026-05-06,247,15
23205,5,2026-05-06,215,11
23206,6,2026-05-06,206,11
23207,7,2026-05-06,483,26
23208,8,2026-05-06,218,14
23209,9,2026-05-06,193,15
23210,10,2026-05-06,109,12
23211,11,2026-05-06,148,7
23212,12,2026-05-06,163,7
23213,13,2026-05-06,128,7
23214,14,2026-05-06,176,11
23215,15,2026-05-06,123,6
23216,16,2026-05-06,177,11
23217,17,2026-05-06,193,11
23218,18,2026-05-06,157,11
23219,19,2026-05-06,149,8
23220,20,2026-05-06,91,5
23221,21,2026-05-06,96,5
23222,22,2026-05-06,197,12
23223,23,2026-05-06,122,10
23224,24,2026-05-06,183,13
23225,25,2026-05-06,113,9
23226,26,2026-05-06,200,12
23227,27,2026-05-06,152,7
23228,28,2026-05-06,106,5
23229,29,2026-05-06,174,9
23230,30,2026-05-06,162,9
23231,31,2026-05-06,102,3
23232,32,2026-05-06,131,7
23233,33,2026-05-06,125,6
23234,34,2026-05-06,97,4
23235,35,2026-05-06,90,1
23236,36,2026-05-06,210,14
23237,37,2026-05-06,173,9
23238,38,2026-05-06,117,5
23239,39,2026-05-06,146,7
23240,40,2026-05-06,144,9
23241,41,2026-05-06,141,6
23242,42,2026-05-06,185,10
23243,43,2026-05-06,160,7
23244,44,2026-05-06,99,5
23245,45,2026-05-06,169,10
23246,46,2026-05-06,143,9
23247,47,2026-05-06,149,6
23248,48,2026-05-06,123,1
23249,49,2026-05-06,129,7
23250,50,2026-05-06,172,14
23251,51,2026-05-06,148,6
23252,52,2026-05-06,125,10
23253,53,2026-05-06,104,6
23254,54,2026-05-06,117,8
23255,55,2026-05-06,127,6
23256,56,2026-05-06,186,7
23257,57,2026-05-06,86,6
23258,58,2026-05-06,201,14
23259,59,2026-05-06,146,8
23260,60,2026-05-06,143,7
23261,61,2026-05-06,162,13
23262,62,2026-05-06,143,4
23263,63,2026-05-06,234,14
23264,64,2026-05-06,132,7
23265,65,2026-05-06,220,11
23266,66,2026-05-06,127,8
23267,67,2026-05-06,174,16
23268,68,2026-05-06,77,4
23269,69,2026-05-06,169,9
23270,70,2026-05-06,89,9
23271,71,2026-05-06,171,11
23272,72,2026-05-06,207,10
23273,73,2026-05-06,148,8
23274,74,2026-05-06,117,6
23275,75,2026-05-06,162,12
23276,76,2026-05-06,147,9
23277,77,2026-05-06,90,4
23278,78,2026-05-06,134,10
23279,79,2026-05-06,107,5
23280,80,2026-05-06,250,16
23281,81,2026-05-06,133,6
23282,82,2026-05-06,154,9
23283,83,2026-05-06,203,14
23284,84,2026-05-06,165,10
23285,85,2026-05-06,160,7
23286,86,2026-05-06,131,9
23287,87,2026-05-06,126,5
23288,88,2026-05-06,142,8
23289,89,2026-05-06,238,18
23290,90,2026-05-06,153,11
23291,91,2026-05-06,154,6
23292,92,2026-05-06,377,22
23293,93,2026-05-06,190,12
23294,94,2026-05-06,141,8
23295,95,2026-05-06,160,10
23296,96,2026-05-06,120,7
23297,97,2026-05-06,165,10
23298,98,2026-05-06,148,5
23299,99,2026-05-06,153,6
23300,100,2026-05-06,157,7
23301,1,2026-05-07,120,7
23302,2,2026-05-07,139,6
23303,3,2026-05-07,132,10
23304,4,2026-05-07,233,18
23305,5,2026-05-07,196,11
23306,6,2026-05-07,158,8
23307,7,2026-05-07,393,17
23308,8,2026-05-07,177,9
23309,9,2026-05-07,142,9
23310,10,2026-05-07,112,5
23311,11,2026-05-07,120,5
23312,12,2026-05-07,157,9
23313,13,2026-05-07,123,5
23314,14,2026-05-07,136,6
23315,15,2026-05-07,113,10
23316,16,2026-05-07,151,8
23317,17,2026-05-07,181,10
23318,18,2026-05-07,139,8
23319,19,2026-05-07,146,8
23320,20,2026-05-07,76,5
23321,21,2026-05-07,113,7
23322,22,2026-05-07,203,10
23323,23,2026-05-07,104,0
23324,24,2026-05-07,154,4
23325,25,2026-05-07,113,9
23326,26,2026-05-07,151,9
23327,27,2026-05-07,133,10
23328,28,2026-05-07,98,8
23329,29,2026-05-07,172,10
23330,30,2026-05-07,133,14
23331,31,2026-05-07,117,7
23332,32,2026-05-07,114,6
23333,33,2026-05-07,95,2
23334,34,2026-05-07,86,6
23335,35,2026-05-07,102,7
23336,36,2026-05-07,235,13
23337,37,2026-05-07,162,10
23338,38,2026-05-07,103,8
23339,39,2026-05-07,136,8
23340,40,2026-05-07,92,5
23341,41,2026-05-07,127,9
23342,42,2026-05-07,163,8
23343,43,2026-05-07,132,11
23344,44,2026-05-07,96,8
23345,45,2026-05-07,141,10
23346,46,2026-05-07,150,9
23347,47,2026-05-07,100,9
23348,48,2026-05-07,96,5
23349,49,2026-05-07,120,9
23350,50,2026-05-07,156,8
23351,51,2026-05-07,158,7
23352,52,2026-05-07,105,6
23353,53,2026-05-07,96,4
23354,54,2026-05-07,115,7
23355,55,2026-05-07,115,7
23356,56,2026-05-07,140,9
23357,57,2026-05-07,79,7
23358,58,2026-05-07,117,9
23359,59,2026-05-07,128,9
23360,60,2026-05-07,120,7
23361,61,2026-05-07,161,9
23362,62,2026-05-07,131,8
23363,63,2026-05-07,164,10
23364,64,2026-05-07,96,5
23365,65,2026-05-07,170,10
23366,66,2026-05-07,101,4
23367,67,2026-05-07,153,10
23368,68,2026-05-07,56,1
23369,69,2026-05-07,165,13
23370,70,2026-05-07,91,8
23371,71,2026-05-07,153,6
23372,72,2026-05-07,175,13
23373,73,2026-05-07,143,8
23374,74,2026-05-07,130,6
23375,75,2026-05-07,129,7
23376,76,2026-05-07,116,6
23377,77,2026-05-07,82,4
23378,78,2026-05-07,97,6
23379,79,2026-05-07,106,10
23380,80,2026-05-07,176,12
23381,81,2026-05-07,131,8
23382,82,2026-05-07,154,10
23383,83,2026-05-07,146,13
23384,84,2026-05-07,146,6
23385,85,2026-05-07,160,7
23386,86,2026-05-07,103,7
23387,87,2026-05-07,113,5
23388,88,2026-05-07,117,10
23389,89,2026-05-07,170,11
23390,90,2026-05-07,136,8
23391,91,2026-05-07,110,5
23392,92,2026-05-07,315,16
23393,93,2026-05-07,126,5
23394,94,2026-05-07,127,7
23395,95,2026-05-07,160,11
23396,96,2026-05-07,86,3
23397,97,2026-05-07,134,9
23398,98,2026-05-07,229,11
23399,99,2026-05-07,125,8
23400,100,2026-05-07,138,6
23401,1,2026-05-08,124,6
23402,2,2026-05-08,117,8
23403,3,2026-05-08,134,8
23404,4,2026-05-08,206,10
23405,5,2026-05-08,177,11
23406,6,2026-05-08,198,9
23407,7,2026-05-08,237,13
23408,8,2026-05-08,181,11
23409,9,2026-05-08,126,6
23410,10,2026-05-08,104,8
23411,11,2026-05-08,139,5
23412,12,2026-05-08,154,6
23413,13,2026-05-08,105,5
23414,14,2026-05-08,142,8
23415,15,2026-05-08,123,5
23416,16,2026-05-08,159,10
23417,17,2026-05-08,160,9
23418,18,2026-05-08,139,8
23419,19,2026-05-08,122,9
23420,20,2026-05-08,64,4
23421,21,2026-05-08,98,5
23422,22,2026-05-08,138,12
23423,23,2026-05-08,90,5
23424,24,2026-05-08,184,14
23425,25,2026-05-08,105,5
23426,26,2026-05-08,169,8
23427,27,2026-05-08,127,7
23428,28,2026-05-08,89,9
23429,29,2026-05-08,163,12
23430,30,2026-05-08,160,9
23431,31,2026-05-08,91,5
23432,32,2026-05-08,125,7
23433,33,2026-05-08,123,9
23434,34,2026-05-08,76,3
23435,35,2026-05-08,93,6
23436,36,2026-05-08,184,11
23437,37,2026-05-08,155,5
23438,38,2026-05-08,126,11
23439,39,2026-05-08,118,6
23440,40,2026-05-08,111,7
23441,41,2026-05-08,102,6
23442,42,2026-05-08,140,7
23443,43,2026-05-08,121,6
23444,44,2026-05-08,83,1
23445,45,2026-05-08,153,11
23446,46,2026-05-08,139,9
23447,47,2026-05-08,122,5
23448,48,2026-05-08,110,11
23449,49,2026-05-08,107,6
23450,50,2026-05-08,155,9
23451,51,2026-05-08,141,10
23452,52,2026-05-08,116,4
23453,53,2026-05-08,101,8
23454,54,2026-05-08,90,5
23455,55,2026-05-08,138,8
23456,56,2026-05-08,182,7
23457,57,2026-05-08,82,4
23458,58,2026-05-08,134,5
23459,59,2026-05-08,107,6
23460,60,2026-05-08,116,6
23461,61,2026-05-08,156,8
23462,62,2026-05-08,133,6
23463,63,2026-05-08,199,7
23464,64,2026-05-08,102,2
23465,65,2026-05-08,173,9
23466,66,2026-05-08,135,10
23467,67,2026-05-08,188,9
23468,68,2026-05-08,85,2
23469,69,2026-05-08,157,11
23470,70,2026-05-08,72,4
23471,71,2026-05-08,150,15
23472,72,2026-05-08,154,11
23473,73,2026-05-08,151,12
23474,74,2026-05-08,100,10
23475,75,2026-05-08,121,8
23476,76,2026-05-08,163,9
23477,77,2026-05-08,78,4
23478,78,2026-05-08,135,6
23479,79,2026-05-08,110,10
23480,80,2026-05-08,218,14
23481,81,2026-05-08,115,8
23482,82,2026-05-08,128,7
23483,83,2026-05-08,146,9
23484,84,2026-05-08,146,8
23485,85,2026-05-08,152,9
23486,86,2026-05-08,83,6
23487,87,2026-05-08,132,12
23488,88,2026-05-08,135,6
23489,89,2026-05-08,203,12
23490,90,2026-05-08,127,6
23491,91,2026-05-08,107,5
23492,92,2026-05-08,339,21
23493,93,2026-05-08,183,9
23494,94,2026-05-08,124,7
23495,95,2026-05-08,199,13
23496,96,2026-05-08,112,7
23497,97,2026-05-08,124,5
23498,98,2026-05-08,233,14
23499,99,2026-05-08,128,4
23500,100,2026-05-08,138,9
23501,1,2026-05-09,97,3
23502,2,2026-05-09,113,4
23503,3,2026-05-09,162,11
23504,4,2026-05-09,200,6
23505,5,2026-05-09,161,7
23506,6,2026-05-09,223,11
23507,7,2026-05-09,247,17
23508,8,2026-05-09,187,9
23509,9,2026-05-09,130,9
23510,10,2026-05-09,123,7
23511,11,2026-05-09,147,12
23512,12,2026-05-09,142,10
23513,13,2026-05-09,117,6
23514,14,2026-05-09,130,6
23515,15,2026-05-09,132,8
23516,16,2026-05-09,152,11
23517,17,2026-05-09,207,12
23518,18,2026-05-09,120,7
23519,19,2026-05-09,148,7
23520,20,2026-05-09,85,4
23521,21,2026-05-09,107,8
23522,22,2026-05-09,162,9
23523,23,2026-05-09,100,7
23524,24,2026-05-09,162,7
23525,25,2026-05-09,116,8
23526,26,2026-05-09,140,6
23527,27,2026-05-09,118,9
23528,28,2026-05-09,92,2
23529,29,2026-05-09,170,9
23530,30,2026-05-09,126,8
23531,31,2026-05-09,102,8
23532,32,2026-05-09,132,2
23533,33,2026-05-09,136,8
23534,34,2026-05-09,78,4
23535,35,2026-05-09,90,6
23536,36,2026-05-09,184,13
23537,37,2026-05-09,182,9
23538,38,2026-05-09,124,5
23539,39,2026-05-09,119,6
23540,40,2026-05-09,100,6
23541,41,2026-05-09,112,6
23542,42,2026-05-09,172,8
23543,43,2026-05-09,129,7
23544,44,2026-05-09,87,8
23545,45,2026-05-09,133,10
23546,46,2026-05-09,239,14
23547,47,2026-05-09,143,8
23548,48,2026-05-09,110,6
23549,49,2026-05-09,105,4
23550,50,2026-05-09,160,9
23551,51,2026-05-09,159,11
23552,52,2026-05-09,128,7
23553,53,2026-05-09,100,6
23554,54,2026-05-09,103,6
23555,55,2026-05-09,101,4
23556,56,2026-05-09,174,11
23557,57,2026-05-09,85,8
23558,58,2026-05-09,144,10
23559,59,2026-05-09,131,8
23560,60,2026-05-09,124,6
23561,61,2026-05-09,142,6
23562,62,2026-05-09,148,5
23563,63,2026-05-09,207,15
23564,64,2026-05-09,117,5
23565,65,2026-05-09,170,9
23566,66,2026-05-09,112,4
23567,67,2026-05-09,172,8
23568,68,2026-05-09,71,2
23569,69,2026-05-09,138,8
23570,70,2026-05-09,72,3
23571,71,2026-05-09,154,10
23572,72,2026-05-09,189,9
23573,73,2026-05-09,133,7
23574,74,2026-05-09,121,4
23575,75,2026-05-09,131,5
23576,76,2026-05-09,110,6
23577,77,2026-05-09,83,5
23578,78,2026-05-09,113,6
23579,79,2026-05-09,97,7
23580,80,2026-05-09,218,13
23581,81,2026-05-09,112,4
23582,82,2026-05-09,142,12
23583,83,2026-05-09,139,12
23584,84,2026-05-09,142,5
23585,85,2026-05-09,153,12
23586,86,2026-05-09,130,3
23587,87,2026-05-09,124,4
23588,88,2026-05-09,131,6
23589,89,2026-05-09,202,12
23590,90,2026-05-09,160,10
23591,91,2026-05-09,116,4
23592,92,2026-05-09,300,22
23593,93,2026-05-09,151,6
23594,94,2026-05-09,167,10
23595,95,2026-05-09,186,12
23596,96,2026-05-09,94,6
23597,97,2026-05-09,151,6
23598,98,2026-05-09,261,21
23599,99,2026-05-09,121,4
23600,100,2026-05-09,110,4
23601,1,2026-05-10,53,0
23602,2,2026-05-10,73,0
23603,3,2026-05-10,84,5
23604,4,2026-05-10,117,11
23605,5,2026-05-10,68,2
23606,6,2026-05-10,110,8
23607,7,2026-05-10,162,6
23608,8,2026-05-10,104,5
23609,9,2026-05-10,116,8
23610,10,2026-05-10,68,3
23611,11,2026-05-10,76,5
23612,12,2026-05-10,114,6
23613,13,2026-05-10,50,1
23614,14,2026-05-10,76,5
23615,15,2026-05-10,78,5
23616,16,2026-05-10,94,7
23617,17,2026-05-10,103,5
23618,18,2026-05-10,76,4
23619,19,2026-05-10,91,6
23620,20,2026-05-10,47,5
23621,21,2026-05-10,74,5
23622,22,2026-05-10,78,5
23623,23,2026-05-10,68,6
23624,24,2026-05-10,87,4
23625,25,2026-05-10,54,5
23626,26,2026-05-10,102,6
23627,27,2026-05-10,65,1
23628,28,2026-05-10,44,4
23629,29,2026-05-10,77,4
23630,30,2026-05-10,85,4
23631,31,2026-05-10,54,1
23632,32,2026-05-10,69,1
23633,33,2026-05-10,50,8
23634,34,2026-05-10,54,0
23635,35,2026-05-10,50,6
23636,36,2026-05-10,106,6
23637,37,2026-05-10,91,4
23638,38,2026-05-10,69,2
23639,39,2026-05-10,83,3
23640,40,2026-05-10,65,4
23641,41,2026-05-10,52,3
23642,42,2026-05-10,107,3
23643,43,2026-05-10,55,5
23644,44,2026-05-10,50,5
23645,45,2026-05-10,121,4
23646,46,2026-05-10,142,11
23647,47,2026-05-10,109,5
23648,48,2026-05-10,47,0
23649,49,2026-05-10,68,6
23650,50,2026-05-10,83,5
23651,51,2026-05-10,89,8
23652,52,2026-05-10,47,2
23653,53,2026-05-10,53,4
23654,54,2026-05-10,65,4
23655,55,2026-05-10,76,0
23656,56,2026-05-10,55,3
23657,57,2026-05-10,58,3
23658,58,2026-05-10,80,4
23659,59,2026-05-10,91,2
23660,60,2026-05-10,69,5
23661,61,2026-05-10,72,4
23662,62,2026-05-10,79,7
23663,63,2026-05-10,135,10
23664,64,2026-05-10,38,0
23665,65,2026-05-10,82,3
23666,66,2026-05-10,48,2
23667,67,2026-05-10,104,4
23668,68,2026-05-10,33,2
23669,69,2026-05-10,106,4
23670,70,2026-05-10,44,5
23671,71,2026-05-10,84,5
23672,72,2026-05-10,107,9
23673,73,2026-05-10,103,6
23674,74,2026-05-10,71,5
23675,75,2026-05-10,78,3
23676,76,2026-05-10,61,4
23677,77,2026-05-10,56,2
23678,78,2026-05-10,72,5
23679,79,2026-05-10,82,4
23680,80,2026-05-10,96,5
23681,81,2026-05-10,80,6
23682,82,2026-05-10,78,2
23683,83,2026-05-10,71,3
23684,84,2026-05-10,80,3
23685,85,2026-05-10,68,1
23686,86,2026-05-10,58,3
23687,87,2026-05-10,80,4
23688,88,2026-05-10,97,7
23689,89,2026-05-10,130,10
23690,90,2026-05-10,35,1
23691,91,2026-05-10,50,2
23692,92,2026-05-10,232,13
23693,93,2026-05-10,100,7
23694,94,2026-05-10,56,5
23695,95,2026-05-10,112,7
23696,96,2026-05-10,77,4
23697,97,2026-05-10,88,3
23698,98,2026-05-10,99,4
23699,99,2026-05-10,71,7
23700,100,2026-05-10,89,8
23701,1,2026-05-11,134,7
23702,2,2026-05-11,169,10
23703,3,2026-05-11,192,11
23704,4,2026-05-11,267,17
23705,5,2026-05-11,236,12
23706,6,2026-05-11,252,14
23707,7,2026-05-11,280,19
23708,8,2026-05-11,279,14
23709,9,2026-05-11,191,11
23710,10,2026-05-11,147,10
23711,11,2026-05-11,185,11
23712,12,2026-05-11,195,8
23713,13,2026-05-11,135,7
23714,14,2026-05-11,192,10
23715,15,2026-05-11,159,5
23716,16,2026-05-11,205,15
23717,17,2026-05-11,279,14
23718,18,2026-05-11,188,10
23719,19,2026-05-11,169,11
23720,20,2026-05-11,121,4
23721,21,2026-05-11,121,5
23722,22,2026-05-11,223,13
23723,23,2026-05-11,150,6
23724,24,2026-05-11,215,10
23725,25,2026-05-11,147,10
23726,26,2026-05-11,250,15
23727,27,2026-05-11,161,10
23728,28,2026-05-11,113,8
23729,29,2026-05-11,189,12
23730,30,2026-05-11,163,11
23731,31,2026-05-11,154,9
23732,32,2026-05-11,163,9
23733,33,2026-05-11,151,9
23734,34,2026-05-11,103,8
23735,35,2026-05-11,119,6
23736,36,2026-05-11,500,29
23737,37,2026-05-11,200,9
23738,38,2026-05-11,182,8
23739,39,2026-05-11,188,11
23740,40,2026-05-11,149,12
23741,41,2026-05-11,151,10
23742,42,2026-05-11,225,16
23743,43,2026-05-11,176,3
23744,44,2026-05-11,115,6
23745,45,2026-05-11,204,13
23746,46,2026-05-11,282,15
23747,47,2026-05-11,174,11
23748,48,2026-05-11,147,7
23749,49,2026-05-11,142,7
23750,50,2026-05-11,202,10
23751,51,2026-05-11,216,12
23752,52,2026-05-11,123,6
23753,53,2026-05-11,115,6
23754,54,2026-05-11,154,7
23755,55,2026-05-11,167,6
23756,56,2026-05-11,214,12
23757,57,2026-05-11,105,5
23758,58,2026-05-11,192,9
23759,59,2026-05-11,169,8
23760,60,2026-05-11,163,9
23761,61,2026-05-11,182,9
23762,62,2026-05-11,149,6
23763,63,2026-05-11,257,13
23764,64,2026-05-11,142,6
23765,65,2026-05-11,201,13
23766,66,2026-05-11,166,8
23767,67,2026-05-11,179,10
23768,68,2026-05-11,99,6
23769,69,2026-05-11,177,13
23770,70,2026-05-11,98,6
23771,71,2026-05-11,200,11
23772,72,2026-05-11,249,11
23773,73,2026-05-11,209,12
23774,74,2026-05-11,150,9
23775,75,2026-05-11,198,11
23776,76,2026-05-11,160,12
23777,77,2026-05-11,94,2
23778,78,2026-05-11,176,8
23779,79,2026-05-11,125,5
23780,80,2026-05-11,237,11
23781,81,2026-05-11,176,12
23782,82,2026-05-11,168,11
23783,83,2026-05-11,217,13
23784,84,2026-05-11,185,13
23785,85,2026-05-11,191,13
23786,86,2026-05-11,125,6
23787,87,2026-05-11,161,10
23788,88,2026-05-11,195,14
23789,89,2026-05-11,296,15
23790,90,2026-05-11,173,10
23791,91,2026-05-11,163,10
23792,92,2026-05-11,435,27
23793,93,2026-05-11,189,9
23794,94,2026-05-11,170,8
23795,95,2026-05-11,235,12
23796,96,2026-05-11,107,6
23797,97,2026-05-11,206,11
23798,98,2026-05-11,199,11
23799,99,2026-05-11,171,8
23800,100,2026-05-11,197,13
23801,1,2026-05-12,135,7
23802,2,2026-05-12,140,11
23803,3,2026-05-12,209,14
23804,4,2026-05-12,254,16
23805,5,2026-05-12,142,12
23806,6,2026-05-12,239,15
23807,7,2026-05-12,312,18
23808,8,2026-05-12,255,15
23809,9,2026-05-12,157,8
23810,10,2026-05-12,104,9
23811,11,2026-05-12,163,10
23812,12,2026-05-12,164,10
23813,13,2026-05-12,116,9
23814,14,2026-05-12,166,11
23815,15,2026-05-12,138,6
23816,16,2026-05-12,201,12
23817,17,2026-05-12,224,12
23818,18,2026-05-12,162,11
23819,19,2026-05-12,149,9
23820,20,2026-05-12,107,3
23821,21,2026-05-12,126,8
23822,22,2026-05-12,159,6
23823,23,2026-05-12,119,7
23824,24,2026-05-12,180,14
23825,25,2026-05-12,124,4
23826,26,2026-05-12,183,10
23827,27,2026-05-12,123,6
23828,28,2026-05-12,99,7
23829,29,2026-05-12,168,8
23830,30,2026-05-12,121,7
23831,31,2026-05-12,111,4
23832,32,2026-05-12,140,11
23833,33,2026-05-12,100,6
23834,34,2026-05-12,92,5
23835,35,2026-05-12,110,6
23836,36,2026-05-12,367,22
23837,37,2026-05-12,197,9
23838,38,2026-05-12,144,8
23839,39,2026-05-12,146,11
23840,40,2026-05-12,109,4
23841,41,2026-05-12,133,7
23842,42,2026-05-12,141,5
23843,43,2026-05-12,146,9
23844,44,2026-05-12,82,3
23845,45,2026-05-12,160,12
23846,46,2026-05-12,286,17
23847,47,2026-05-12,141,10
23848,48,2026-05-12,125,5
23849,49,2026-05-12,141,6
23850,50,2026-05-12,171,11
23851,51,2026-05-12,192,7
23852,52,2026-05-12,136,7
23853,53,2026-05-12,102,6
23854,54,2026-05-12,143,9
23855,55,2026-05-12,143,5
23856,56,2026-05-12,163,11
23857,57,2026-05-12,91,3
23858,58,2026-05-12,142,7
23859,59,2026-05-12,176,10
23860,60,2026-05-12,141,7
23861,61,2026-05-12,131,10
23862,62,2026-05-12,143,8
23863,63,2026-05-12,223,12
23864,64,2026-05-12,132,6
23865,65,2026-05-12,188,10
23866,66,2026-05-12,157,9
23867,67,2026-05-12,180,12
23868,68,2026-05-12,81,5
23869,69,2026-05-12,178,12
23870,70,2026-05-12,90,6
23871,71,2026-05-12,149,9
23872,72,2026-05-12,197,12
23873,73,2026-05-12,214,8
23874,74,2026-05-12,152,9
23875,75,2026-05-12,178,7
23876,76,2026-05-12,143,7
23877,77,2026-05-12,101,2
23878,78,2026-05-12,120,6
23879,79,2026-05-12,99,6
23880,80,2026-05-12,268,13
23881,81,2026-05-12,132,7
23882,82,2026-05-12,185,8
23883,83,2026-05-12,192,12
23884,84,2026-05-12,182,13
23885,85,2026-05-12,160,9
23886,86,2026-05-12,119,2
23887,87,2026-05-12,145,5
23888,88,2026-05-12,158,10
23889,89,2026-05-12,228,12
23890,90,2026-05-12,159,4
23891,91,2026-05-12,161,5
23892,92,2026-05-12,403,26
23893,93,2026-05-12,188,14
23894,94,2026-05-12,126,8
23895,95,2026-05-12,237,13
23896,96,2026-05-12,135,10
23897,97,2026-05-12,145,7
23898,98,2026-05-12,184,10
23899,99,2026-05-12,139,7
23900,100,2026-05-12,182,8
23901,1,2026-05-13,138,5
23902,2,2026-05-13,139,10
23903,3,2026-05-13,179,11
23904,4,2026-05-13,242,17
23905,5,2026-05-13,211,15
23906,6,2026-05-13,228,10
23907,7,2026-05-13,251,15
23908,8,2026-05-13,225,14
23909,9,2026-05-13,163,10
23910,10,2026-05-13,99,5
23911,11,2026-05-13,170,8
23912,12,2026-05-13,169,9
23913,13,2026-05-13,122,11
23914,14,2026-05-13,175,11
23915,15,2026-05-13,145,7
23916,16,2026-05-13,199,11
23917,17,2026-05-13,236,15
23918,18,2026-05-13,145,4
23919,19,2026-05-13,153,10
23920,20,2026-05-13,94,6
23921,21,2026-05-13,114,5
23922,22,2026-05-13,162,6
23923,23,2026-05-13,113,5
23924,24,2026-05-13,175,13
23925,25,2026-05-13,125,8
23926,26,2026-05-13,200,14
23927,27,2026-05-13,130,11
23928,28,2026-05-13,108,4
23929,29,2026-05-13,176,5
23930,30,2026-05-13,176,7
23931,31,2026-05-13,120,5
23932,32,2026-05-13,161,5
23933,33,2026-05-13,121,4
23934,34,2026-05-13,101,9
23935,35,2026-05-13,116,6
23936,36,2026-05-13,389,19
23937,37,2026-05-13,170,7
23938,38,2026-05-13,155,9
23939,39,2026-05-13,141,7
23940,40,2026-05-13,128,7
23941,41,2026-05-13,128,4
23942,42,2026-05-13,166,9
23943,43,2026-05-13,156,11
23944,44,2026-05-13,87,2
23945,45,2026-05-13,145,7
23946,46,2026-05-13,274,17
23947,47,2026-05-13,147,9
23948,48,2026-05-13,123,6
23949,49,2026-05-13,131,7
23950,50,2026-05-13,147,11
23951,51,2026-05-13,198,12
23952,52,2026-05-13,118,5
23953,53,2026-05-13,121,3
23954,54,2026-05-13,99,5
23955,55,2026-05-13,140,12
23956,56,2026-05-13,202,13
23957,57,2026-05-13,116,8
23958,58,2026-05-13,154,9
23959,59,2026-05-13,123,6
23960,60,2026-05-13,149,8
23961,61,2026-05-13,150,7
23962,62,2026-05-13,145,10
23963,63,2026-05-13,266,18
23964,64,2026-05-13,120,4
23965,65,2026-05-13,223,12
23966,66,2026-05-13,147,7
23967,67,2026-05-13,213,10
23968,68,2026-05-13,85,4
23969,69,2026-05-13,192,8
23970,70,2026-05-13,71,5
23971,71,2026-05-13,169,8
23972,72,2026-05-13,185,11
23973,73,2026-05-13,162,12
23974,74,2026-05-13,131,4
23975,75,2026-05-13,148,7
23976,76,2026-05-13,152,11
23977,77,2026-05-13,97,6
23978,78,2026-05-13,138,9
23979,79,2026-05-13,103,5
23980,80,2026-05-13,171,10
23981,81,2026-05-13,125,7
23982,82,2026-05-13,139,4
23983,83,2026-05-13,189,10
23984,84,2026-05-13,172,8
23985,85,2026-05-13,174,8
23986,86,2026-05-13,134,12
23987,87,2026-05-13,154,9
23988,88,2026-05-13,156,8
23989,89,2026-05-13,240,15
23990,90,2026-05-13,151,7
23991,91,2026-05-13,147,7
23992,92,2026-05-13,342,23
23993,93,2026-05-13,172,9
23994,94,2026-05-13,126,7
23995,95,2026-05-13,192,9
23996,96,2026-05-13,122,6
23997,97,2026-05-13,259,14
23998,98,2026-05-13,130,6
23999,99,2026-05-13,149,8
24000,100,2026-05-13,184,10
24001,1,2026-05-14,142,5
24002,2,2026-05-14,127,5
24003,3,2026-05-14,128,4
24004,4,2026-05-14,203,16
24005,5,2026-05-14,174,9
24006,6,2026-05-14,181,10
24007,7,2026-05-14,252,17
24008,8,2026-05-14,158,5
24009,9,2026-05-14,139,8
24010,10,2026-05-14,114,6
24011,11,2026-05-14,164,9
24012,12,2026-05-14,175,14
24013,13,2026-05-14,110,6
24014,14,2026-05-14,113,9
24015,15,2026-05-14,101,3
24016,16,2026-05-14,157,8
24017,17,2026-05-14,191,11
24018,18,2026-05-14,148,7
24019,19,2026-05-14,130,7
24020,20,2026-05-14,80,4
24021,21,2026-05-14,101,6
24022,22,2026-05-14,161,8
24023,23,2026-05-14,102,4
24024,24,2026-05-14,163,7
24025,25,2026-05-14,95,5
24026,26,2026-05-14,197,10
24027,27,2026-05-14,134,9
24028,28,2026-05-14,77,6
24029,29,2026-05-14,151,10
24030,30,2026-05-14,118,7
24031,31,2026-05-14,132,3
24032,32,2026-05-14,120,6
24033,33,2026-05-14,118,8
24034,34,2026-05-14,85,3
24035,35,2026-05-14,98,2
24036,36,2026-05-14,371,21
24037,37,2026-05-14,171,9
24038,38,2026-05-14,127,12
24039,39,2026-05-14,131,6
24040,40,2026-05-14,104,6
24041,41,2026-05-14,104,2
24042,42,2026-05-14,181,9
24043,43,2026-05-14,127,5
24044,44,2026-05-14,78,7
24045,45,2026-05-14,127,9
24046,46,2026-05-14,229,14
24047,47,2026-05-14,120,4
24048,48,2026-05-14,121,6
24049,49,2026-05-14,102,9
24050,50,2026-05-14,139,9
24051,51,2026-05-14,154,8
24052,52,2026-05-14,110,9
24053,53,2026-05-14,94,2
24054,54,2026-05-14,105,5
24055,55,2026-05-14,141,7
24056,56,2026-05-14,153,10
24057,57,2026-05-14,89,8
24058,58,2026-05-14,154,10
24059,59,2026-05-14,105,2
24060,60,2026-05-14,120,9
24061,61,2026-05-14,134,7
24062,62,2026-05-14,111,4
24063,63,2026-05-14,181,10
24064,64,2026-05-14,106,8
24065,65,2026-05-14,179,9
24066,66,2026-05-14,102,5
24067,67,2026-05-14,171,7
24068,68,2026-05-14,77,6
24069,69,2026-05-14,146,7
24070,70,2026-05-14,75,3
24071,71,2026-05-14,152,11
24072,72,2026-05-14,153,10
24073,73,2026-05-14,142,8
24074,74,2026-05-14,118,7
24075,75,2026-05-14,140,5
24076,76,2026-05-14,108,2
24077,77,2026-05-14,81,1
24078,78,2026-05-14,100,6
24079,79,2026-05-14,73,2
24080,80,2026-05-14,225,13
24081,81,2026-05-14,132,6
24082,82,2026-05-14,122,7
24083,83,2026-05-14,165,8
24084,84,2026-05-14,158,12
24085,85,2026-05-14,163,6
24086,86,2026-05-14,114,2
24087,87,2026-05-14,139,7
24088,88,2026-05-14,138,8
24089,89,2026-05-14,203,10
24090,90,2026-05-14,138,4
24091,91,2026-05-14,121,5
24092,92,2026-05-14,291,18
24093,93,2026-05-14,164,12
24094,94,2026-05-14,129,5
24095,95,2026-05-14,164,6
24096,96,2026-05-14,118,8
24097,97,2026-05-14,211,8
24098,98,2026-05-14,158,8
24099,99,2026-05-14,139,11
24100,100,2026-05-14,145,9
24101,1,2026-05-15,105,10
24102,2,2026-05-15,139,11
24103,3,2026-05-15,160,9
24104,4,2026-05-15,234,12
24105,5,2026-05-15,150,8
24106,6,2026-05-15,176,11
24107,7,2026-05-15,227,15
24108,8,2026-05-15,224,13
24109,9,2026-05-15,165,15
24110,10,2026-05-15,102,3
24111,11,2026-05-15,176,12
24112,12,2026-05-15,154,8
24113,13,2026-05-15,99,7
24114,14,2026-05-15,147,7
24115,15,2026-05-15,107,5
24116,16,2026-05-15,150,8
24117,17,2026-05-15,207,12
24118,18,2026-05-15,163,9
24119,19,2026-05-15,122,4
24120,20,2026-05-15,78,3
24121,21,2026-05-15,85,2
24122,22,2026-05-15,152,7
24123,23,2026-05-15,107,6
24124,24,2026-05-15,149,7
24125,25,2026-05-15,96,6
24126,26,2026-05-15,172,11
24127,27,2026-05-15,134,7
24128,28,2026-05-15,87,7
24129,29,2026-05-15,149,10
24130,30,2026-05-15,120,8
24131,31,2026-05-15,99,6
24132,32,2026-05-15,125,7
24133,33,2026-05-15,113,8
24134,34,2026-05-15,84,3
24135,35,2026-05-15,103,5
24136,36,2026-05-15,224,11
24137,37,2026-05-15,159,14
24138,38,2026-05-15,120,7
24139,39,2026-05-15,128,6
24140,40,2026-05-15,97,1
24141,41,2026-05-15,133,7
24142,42,2026-05-15,174,11
24143,43,2026-05-15,138,9
24144,44,2026-05-15,94,6
24145,45,2026-05-15,145,7
24146,46,2026-05-15,143,9
24147,47,2026-05-15,139,9
24148,48,2026-05-15,120,7
24149,49,2026-05-15,88,1
24150,50,2026-05-15,161,11
24151,51,2026-05-15,133,5
24152,52,2026-05-15,93,3
24153,53,2026-05-15,96,5
24154,54,2026-05-15,84,5
24155,55,2026-05-15,129,4
24156,56,2026-05-15,165,8
24157,57,2026-05-15,86,2
24158,58,2026-05-15,141,10
24159,59,2026-05-15,129,4
24160,60,2026-05-15,119,10
24161,61,2026-05-15,161,10
24162,62,2026-05-15,136,6
24163,63,2026-05-15,178,11
24164,64,2026-05-15,116,7
24165,65,2026-05-15,168,11
24166,66,2026-05-15,111,9
24167,67,2026-05-15,147,10
24168,68,2026-05-15,66,2
24169,69,2026-05-15,147,11
24170,70,2026-05-15,85,5
24171,71,2026-05-15,168,7
24172,72,2026-05-15,216,11
24173,73,2026-05-15,158,11
24174,74,2026-05-15,118,10
24175,75,2026-05-15,155,13
24176,76,2026-05-15,121,6
24177,77,2026-05-15,62,3
24178,78,2026-05-15,128,2
24179,79,2026-05-15,99,5
24180,80,2026-05-15,200,14
24181,81,2026-05-15,106,7
24182,82,2026-05-15,134,10
24183,83,2026-05-15,167,11
24184,84,2026-05-15,155,8
24185,85,2026-05-15,159,4
24186,86,2026-05-15,104,6
24187,87,2026-05-15,121,8
24188,88,2026-05-15,138,4
24189,89,2026-05-15,192,11
24190,90,2026-05-15,148,11
24191,91,2026-05-15,121,7
24192,92,2026-05-15,240,16
24193,93,2026-05-15,160,10
24194,94,2026-05-15,117,8
24195,95,2026-05-15,164,9
24196,96,2026-05-15,104,4
24197,97,2026-05-15,224,10
24198,98,2026-05-15,137,7
24199,99,2026-05-15,143,5
24200,100,2026-05-15,149,10
24201,1,2026-05-16,113,7
24202,2,2026-05-16,131,7
24203,3,2026-05-16,149,7
24204,4,2026-05-16,196,10
24205,5,2026-05-16,195,6
24206,6,2026-05-16,186,6
24207,7,2026-05-16,221,15
24208,8,2026-05-16,213,12
24209,9,2026-05-16,143,6
24210,10,2026-05-16,103,4
24211,11,2026-05-16,146,9
24212,12,2026-05-16,173,10
24213,13,2026-05-16,104,10
24214,14,2026-05-16,146,8
24215,15,2026-05-16,111,5
24216,16,2026-05-16,167,9
24217,17,2026-05-16,180,13
24218,18,2026-05-16,144,10
24219,19,2026-05-16,131,10
24220,20,2026-05-16,81,5
24221,21,2026-05-16,96,5
24222,22,2026-05-16,182,10
24223,23,2026-05-16,109,8
24224,24,2026-05-16,161,8
24225,25,2026-05-16,93,8
24226,26,2026-05-16,163,11
24227,27,2026-05-16,130,5
24228,28,2026-05-16,94,5
24229,29,2026-05-16,155,7
24230,30,2026-05-16,150,10
24231,31,2026-05-16,132,7
24232,32,2026-05-16,126,5
24233,33,2026-05-16,100,4
24234,34,2026-05-16,85,5
24235,35,2026-05-16,97,5
24236,36,2026-05-16,172,10
24237,37,2026-05-16,159,8
24238,38,2026-05-16,149,5
24239,39,2026-05-16,152,10
24240,40,2026-05-16,93,4
24241,41,2026-05-16,102,6
24242,42,2026-05-16,132,8
24243,43,2026-05-16,147,6
24244,44,2026-05-16,81,9
24245,45,2026-05-16,147,5
24246,46,2026-05-16,131,9
24247,47,2026-05-16,113,9
24248,48,2026-05-16,112,6
24249,49,2026-05-16,106,5
24250,50,2026-05-16,121,7
24251,51,2026-05-16,142,6
24252,52,2026-05-16,121,6
24253,53,2026-05-16,89,4
24254,54,2026-05-16,86,7
24255,55,2026-05-16,133,9
24256,56,2026-05-16,164,10
24257,57,2026-05-16,89,6
24258,58,2026-05-16,163,12
24259,59,2026-05-16,132,7
24260,60,2026-05-16,154,11
24261,61,2026-05-16,150,9
24262,62,2026-05-16,163,13
24263,63,2026-05-16,189,12
24264,64,2026-05-16,115,7
24265,65,2026-05-16,151,8
24266,66,2026-05-16,98,5
24267,67,2026-05-16,125,7
24268,68,2026-05-16,71,7
24269,69,2026-05-16,175,11
24270,70,2026-05-16,77,0
24271,71,2026-05-16,151,8
24272,72,2026-05-16,151,7
24273,73,2026-05-16,166,11
24274,74,2026-05-16,118,4
24275,75,2026-05-16,140,7
24276,76,2026-05-16,97,5
24277,77,2026-05-16,83,5
24278,78,2026-05-16,99,4
24279,79,2026-05-16,95,7
24280,80,2026-05-16,224,14
24281,81,2026-05-16,138,7
24282,82,2026-05-16,133,8
24283,83,2026-05-16,148,7
24284,84,2026-05-16,151,13
24285,85,2026-05-16,162,11
24286,86,2026-05-16,107,8
24287,87,2026-05-16,126,7
24288,88,2026-05-16,133,6
24289,89,2026-05-16,221,12
24290,90,2026-05-16,113,4
24291,91,2026-05-16,129,8
24292,92,2026-05-16,286,15
24293,93,2026-05-16,147,8
24294,94,2026-05-16,148,10
24295,95,2026-05-16,178,7
24296,96,2026-05-16,124,9
24297,97,2026-05-16,222,13
24298,98,2026-05-16,146,9
24299,99,2026-05-16,134,9
24300,100,2026-05-16,181,12
24301,1,2026-05-17,64,1
24302,2,2026-05-17,88,4
24303,3,2026-05-17,75,2
24304,4,2026-05-17,123,7
24305,5,2026-05-17,84,2
24306,6,2026-05-17,139,8
24307,7,2026-05-17,123,4
24308,8,2026-05-17,113,4
24309,9,2026-05-17,83,3
24310,10,2026-05-17,73,6
24311,11,2026-05-17,80,6
24312,12,2026-05-17,109,4
24313,13,2026-05-17,41,2
24314,14,2026-05-17,72,4
24315,15,2026-05-17,62,5
24316,16,2026-05-17,103,6
24317,17,2026-05-17,108,2
24318,18,2026-05-17,69,3
24319,19,2026-05-17,69,5
24320,20,2026-05-17,54,0
24321,21,2026-05-17,73,7
24322,22,2026-05-17,67,3
24323,23,2026-05-17,52,5
24324,24,2026-05-17,108,6
24325,25,2026-05-17,50,4
24326,26,2026-05-17,113,7
24327,27,2026-05-17,69,5
24328,28,2026-05-17,53,2
24329,29,2026-05-17,80,5
24330,30,2026-05-17,86,3
24331,31,2026-05-17,68,7
24332,32,2026-05-17,84,3
24333,33,2026-05-17,75,6
24334,34,2026-05-17,49,4
24335,35,2026-05-17,62,0
24336,36,2026-05-17,129,9
24337,37,2026-05-17,86,4
24338,38,2026-05-17,79,7
24339,39,2026-05-17,73,4
24340,40,2026-05-17,72,2
24341,41,2026-05-17,77,8
24342,42,2026-05-17,93,8
24343,43,2026-05-17,93,7
24344,44,2026-05-17,43,0
24345,45,2026-05-17,64,4
24346,46,2026-05-17,64,4
24347,47,2026-05-17,83,4
24348,48,2026-05-17,79,5
24349,49,2026-05-17,64,0
24350,50,2026-05-17,73,0
24351,51,2026-05-17,91,8
24352,52,2026-05-17,60,3
24353,53,2026-05-17,46,1
24354,54,2026-05-17,53,5
24355,55,2026-05-17,82,2
24356,56,2026-05-17,130,4
24357,57,2026-05-17,45,4
24358,58,2026-05-17,82,4
24359,59,2026-05-17,67,6
24360,60,2026-05-17,67,3
24361,61,2026-05-17,61,4
24362,62,2026-05-17,79,4
24363,63,2026-05-17,131,11
24364,64,2026-05-17,74,3
24365,65,2026-05-17,99,6
24366,66,2026-05-17,78,3
24367,67,2026-05-17,103,6
24368,68,2026-05-17,39,0
24369,69,2026-05-17,97,2
24370,70,2026-05-17,40,1
24371,71,2026-05-17,71,4
24372,72,2026-05-17,59,2
24373,73,2026-05-17,109,7
24374,74,2026-05-17,64,2
24375,75,2026-05-17,84,3
24376,76,2026-05-17,56,1
24377,77,2026-05-17,44,7
24378,78,2026-05-17,67,2
24379,79,2026-05-17,65,2
24380,80,2026-05-17,149,11
24381,81,2026-05-17,55,0
24382,82,2026-05-17,85,0
24383,83,2026-05-17,71,3
24384,84,2026-05-17,97,6
24385,85,2026-05-17,45,0
24386,86,2026-05-17,67,6
24387,87,2026-05-17,51,2
24388,88,2026-05-17,85,2
24389,89,2026-05-17,143,3
24390,90,2026-05-17,85,2
24391,91,2026-05-17,65,3
24392,92,2026-05-17,196,14
24393,93,2026-05-17,88,4
24394,94,2026-05-17,73,3
24395,95,2026-05-17,105,10
24396,96,2026-05-17,73,4
24397,97,2026-05-17,50,5
24398,98,2026-05-17,92,7
24399,99,2026-05-17,96,4
24400,100,2026-05-17,86,5
24401,1,2026-05-18,157,8
24402,2,2026-05-18,180,11
24403,3,2026-05-18,193,11
24404,4,2026-05-18,287,17
24405,5,2026-05-18,231,13
24406,6,2026-05-18,249,12
24407,7,2026-05-18,271,15
24408,8,2026-05-18,241,13
24409,9,2026-05-18,204,11
24410,10,2026-05-18,144,11
24411,11,2026-05-18,193,8
24412,12,2026-05-18,197,12
24413,13,2026-05-18,136,10
24414,14,2026-05-18,202,10
24415,15,2026-05-18,154,7
24416,16,2026-05-18,233,12
24417,17,2026-05-18,217,12
24418,18,2026-05-18,171,11
24419,19,2026-05-18,178,13
24420,20,2026-05-18,112,6
24421,21,2026-05-18,119,10
24422,22,2026-05-18,233,13
24423,23,2026-05-18,105,5
24424,24,2026-05-18,208,13
24425,25,2026-05-18,136,4
24426,26,2026-05-18,215,10
24427,27,2026-05-18,170,10
24428,28,2026-05-18,119,6
24429,29,2026-05-18,238,13
24430,30,2026-05-18,163,10
24431,31,2026-05-18,138,8
24432,32,2026-05-18,162,6
24433,33,2026-05-18,148,10
24434,34,2026-05-18,117,9
24435,35,2026-05-18,115,6
24436,36,2026-05-18,288,20
24437,37,2026-05-18,176,11
24438,38,2026-05-18,159,8
24439,39,2026-05-18,164,9
24440,40,2026-05-18,138,10
24441,41,2026-05-18,133,6
24442,42,2026-05-18,215,8
24443,43,2026-05-18,169,8
24444,44,2026-05-18,119,5
24445,45,2026-05-18,220,13
24446,46,2026-05-18,204,13
24447,47,2026-05-18,168,12
24448,48,2026-05-18,130,10
24449,49,2026-05-18,159,9
24450,50,2026-05-18,205,13
24451,51,2026-05-18,198,9
24452,52,2026-05-18,131,8
24453,53,2026-05-18,141,10
24454,54,2026-05-18,147,7
24455,55,2026-05-18,163,9
24456,56,2026-05-18,211,11
24457,57,2026-05-18,126,5
24458,58,2026-05-18,203,12
24459,59,2026-05-18,162,11
24460,60,2026-05-18,190,11
24461,61,2026-05-18,178,8
24462,62,2026-05-18,189,9
24463,63,2026-05-18,295,16
24464,64,2026-05-18,163,9
24465,65,2026-05-18,224,12
24466,66,2026-05-18,168,10
24467,67,2026-05-18,195,14
24468,68,2026-05-18,83,8
24469,69,2026-05-18,196,12
24470,70,2026-05-18,96,5
24471,71,2026-05-18,176,10
24472,72,2026-05-18,222,15
24473,73,2026-05-18,181,7
24474,74,2026-05-18,158,11
24475,75,2026-05-18,187,11
24476,76,2026-05-18,184,12
24477,77,2026-05-18,112,7
24478,78,2026-05-18,158,11
24479,79,2026-05-18,135,7
24480,80,2026-05-18,256,10
24481,81,2026-05-18,143,9
24482,82,2026-05-18,178,10
24483,83,2026-05-18,195,12
24484,84,2026-05-18,216,12
24485,85,2026-05-18,178,12
24486,86,2026-05-18,149,9
24487,87,2026-05-18,145,8
24488,88,2026-05-18,173,11
24489,89,2026-05-18,298,20
24490,90,2026-05-18,185,9
24491,91,2026-05-18,179,8
24492,92,2026-05-18,407,24
24493,93,2026-05-18,164,8
24494,94,2026-05-18,159,12
24495,95,2026-05-18,207,14
24496,96,2026-05-18,154,6
24497,97,2026-05-18,154,9
24498,98,2026-05-18,151,8
24499,99,2026-05-18,155,8
24500,100,2026-05-18,191,9
24501,1,2026-05-19,123,7
24502,2,2026-05-19,153,8
24503,3,2026-05-19,158,9
24504,4,2026-05-19,224,13
24505,5,2026-05-19,176,7
24506,6,2026-05-19,225,12
24507,7,2026-05-19,276,16
24508,8,2026-05-19,230,11
24509,9,2026-05-19,144,7
24510,10,2026-05-19,136,9
24511,11,2026-05-19,175,13
24512,12,2026-05-19,164,9
24513,13,2026-05-19,120,10
24514,14,2026-05-19,154,8
24515,15,2026-05-19,120,9
24516,16,2026-05-19,161,10
24517,17,2026-05-19,174,11
24518,18,2026-05-19,166,9
24519,19,2026-05-19,141,4
24520,20,2026-05-19,86,4
24521,21,2026-05-19,106,5
24522,22,2026-05-19,179,6
24523,23,2026-05-19,117,4
24524,24,2026-05-19,170,9
24525,25,2026-05-19,129,6
24526,26,2026-05-19,188,13
24527,27,2026-05-19,145,8
24528,28,2026-05-19,97,7
24529,29,2026-05-19,178,9
24530,30,2026-05-19,138,9
24531,31,2026-05-19,137,4
24532,32,2026-05-19,155,10
24533,33,2026-05-19,147,4
24534,34,2026-05-19,95,2
24535,35,2026-05-19,97,5
24536,36,2026-05-19,222,14
24537,37,2026-05-19,179,10
24538,38,2026-05-19,155,12
24539,39,2026-05-19,136,10
24540,40,2026-05-19,118,7
24541,41,2026-05-19,135,8
24542,42,2026-05-19,191,10
24543,43,2026-05-19,139,5
24544,44,2026-05-19,88,7
24545,45,2026-05-19,158,9
24546,46,2026-05-19,186,7
24547,47,2026-05-19,150,6
24548,48,2026-05-19,127,7
24549,49,2026-05-19,128,7
24550,50,2026-05-19,179,10
24551,51,2026-05-19,167,11
24552,52,2026-05-19,131,4
24553,53,2026-05-19,103,7
24554,54,2026-05-19,104,5
24555,55,2026-05-19,141,7
24556,56,2026-05-19,192,11
24557,57,2026-05-19,84,1
24558,58,2026-05-19,190,13
24559,59,2026-05-19,139,7
24560,60,2026-05-19,134,6
24561,61,2026-05-19,164,8
24562,62,2026-05-19,153,8
24563,63,2026-05-19,230,14
24564,64,2026-05-19,106,7
24565,65,2026-05-19,174,14
24566,66,2026-05-19,137,6
24567,67,2026-05-19,209,13
24568,68,2026-05-19,73,2
24569,69,2026-05-19,204,7
24570,70,2026-05-19,90,5
24571,71,2026-05-19,156,5
24572,72,2026-05-19,175,9
24573,73,2026-05-19,156,5
24574,74,2026-05-19,135,8
24575,75,2026-05-19,181,9
24576,76,2026-05-19,150,10
24577,77,2026-05-19,79,8
24578,78,2026-05-19,138,8
24579,79,2026-05-19,118,7
24580,80,2026-05-19,267,18
24581,81,2026-05-19,121,5
24582,82,2026-05-19,143,6
24583,83,2026-05-19,163,8
24584,84,2026-05-19,174,10
24585,85,2026-05-19,155,8
24586,86,2026-05-19,130,10
24587,87,2026-05-19,147,10
24588,88,2026-05-19,117,9
24589,89,2026-05-19,212,11
24590,90,2026-05-19,169,10
24591,91,2026-05-19,131,8
24592,92,2026-05-19,344,21
24593,93,2026-05-19,166,7
24594,94,2026-05-19,141,10
24595,95,2026-05-19,168,11
24596,96,2026-05-19,119,6
24597,97,2026-05-19,169,12
24598,98,2026-05-19,175,11
24599,99,2026-05-19,151,10
24600,100,2026-05-19,175,9
24601,1,2026-05-20,123,9
24602,2,2026-05-20,125,2
24603,3,2026-05-20,176,13
24604,4,2026-05-20,207,11
24605,5,2026-05-20,216,12
24606,6,2026-05-20,217,15
24607,7,2026-05-20,263,16
24608,8,2026-05-20,256,13
24609,9,2026-05-20,183,11
24610,10,2026-05-20,122,6
24611,11,2026-05-20,171,10
24612,12,2026-05-20,174,11
24613,13,2026-05-20,116,2
24614,14,2026-05-20,206,11
24615,15,2026-05-20,153,10
24616,16,2026-05-20,179,9
24617,17,2026-05-20,258,18
24618,18,2026-05-20,165,10
24619,19,2026-05-20,133,7
24620,20,2026-05-20,104,6
24621,21,2026-05-20,135,6
24622,22,2026-05-20,192,12
24623,23,2026-05-20,85,3
24624,24,2026-05-20,191,9
24625,25,2026-05-20,115,7
24626,26,2026-05-20,180,13
24627,27,2026-05-20,127,5
24628,28,2026-05-20,119,11
24629,29,2026-05-20,173,11
24630,30,2026-05-20,152,10
24631,31,2026-05-20,142,11
24632,32,2026-05-20,139,11
24633,33,2026-05-20,134,7
24634,34,2026-05-20,106,8
24635,35,2026-05-20,112,5
24636,36,2026-05-20,198,11
24637,37,2026-05-20,194,13
24638,38,2026-05-20,136,7
24639,39,2026-05-20,136,6
24640,40,2026-05-20,103,5
24641,41,2026-05-20,146,9
24642,42,2026-05-20,182,13
24643,43,2026-05-20,123,9
24644,44,2026-05-20,82,4
24645,45,2026-05-20,161,11
24646,46,2026-05-20,162,11
24647,47,2026-05-20,177,12
24648,48,2026-05-20,117,10
24649,49,2026-05-20,118,6
24650,50,2026-05-20,171,10
24651,51,2026-05-20,186,11
24652,52,2026-05-20,126,7
24653,53,2026-05-20,105,5
24654,54,2026-05-20,112,4
24655,55,2026-05-20,125,5
24656,56,2026-05-20,183,12
24657,57,2026-05-20,121,7
24658,58,2026-05-20,148,9
24659,59,2026-05-20,140,8
24660,60,2026-05-20,157,9
24661,61,2026-05-20,149,7
24662,62,2026-05-20,131,7
24663,63,2026-05-20,213,12
24664,64,2026-05-20,149,10
24665,65,2026-05-20,183,12
24666,66,2026-05-20,123,10
24667,67,2026-05-20,181,11
24668,68,2026-05-20,72,2
24669,69,2026-05-20,160,8
24670,70,2026-05-20,74,3
24671,71,2026-05-20,149,7
24672,72,2026-05-20,206,10
24673,73,2026-05-20,152,9
24674,74,2026-05-20,145,9
24675,75,2026-05-20,160,9
24676,76,2026-05-20,143,10
24677,77,2026-05-20,92,1
24678,78,2026-05-20,136,10
24679,79,2026-05-20,112,4
24680,80,2026-05-20,221,12
24681,81,2026-05-20,143,5
24682,82,2026-05-20,154,9
24683,83,2026-05-20,173,9
24684,84,2026-05-20,185,8
24685,85,2026-05-20,153,10
24686,86,2026-05-20,114,7
24687,87,2026-05-20,128,4
24688,88,2026-05-20,155,8
24689,89,2026-05-20,221,14
24690,90,2026-05-20,155,11
24691,91,2026-05-20,136,5
24692,92,2026-05-20,306,21
24693,93,2026-05-20,167,7
24694,94,2026-05-20,127,5
24695,95,2026-05-20,199,14
24696,96,2026-05-20,94,7
24697,97,2026-05-20,167,11
24698,98,2026-05-20,172,9
24699,99,2026-05-20,146,9
24700,100,2026-05-20,189,11
24701,1,2026-05-21,113,5
24702,2,2026-05-21,132,4
24703,3,2026-05-21,161,13
24704,4,2026-05-21,226,13
24705,5,2026-05-21,164,9
24706,6,2026-05-21,215,14
24707,7,2026-05-21,232,13
24708,8,2026-05-21,196,8
24709,9,2026-05-21,158,6
24710,10,2026-05-21,95,10
24711,11,2026-05-21,151,4
24712,12,2026-05-21,153,8
24713,13,2026-05-21,112,5
24714,14,2026-05-21,142,10
24715,15,2026-05-21,121,7
24716,16,2026-05-21,172,11
24717,17,2026-05-21,173,12
24718,18,2026-05-21,145,6
24719,19,2026-05-21,120,6
24720,20,2026-05-21,88,2
24721,21,2026-05-21,92,5
24722,22,2026-05-21,164,7
24723,23,2026-05-21,99,6
24724,24,2026-05-21,171,8
24725,25,2026-05-21,120,6
24726,26,2026-05-21,151,10
24727,27,2026-05-21,128,6
24728,28,2026-05-21,94,5
24729,29,2026-05-21,140,9
24730,30,2026-05-21,141,9
24731,31,2026-05-21,118,7
24732,32,2026-05-21,132,6
24733,33,2026-05-21,107,3
24734,34,2026-05-21,75,3
24735,35,2026-05-21,80,4
24736,36,2026-05-21,210,10
24737,37,2026-05-21,193,8
24738,38,2026-05-21,201,13
24739,39,2026-05-21,103,2
24740,40,2026-05-21,107,10
24741,41,2026-05-21,113,6
24742,42,2026-05-21,141,12
24743,43,2026-05-21,107,5
24744,44,2026-05-21,75,5
24745,45,2026-05-21,133,9
24746,46,2026-05-21,125,6
24747,47,2026-05-21,125,5
24748,48,2026-05-21,116,8
24749,49,2026-05-21,114,9
24750,50,2026-05-21,127,10
24751,51,2026-05-21,134,8
24752,52,2026-05-21,116,7
24753,53,2026-05-21,104,9
24754,54,2026-05-21,117,5
24755,55,2026-05-21,151,8
24756,56,2026-05-21,174,13
24757,57,2026-05-21,85,4
24758,58,2026-05-21,154,7
24759,59,2026-05-21,140,8
24760,60,2026-05-21,116,7
24761,61,2026-05-21,152,8
24762,62,2026-05-21,126,9
24763,63,2026-05-21,176,10
24764,64,2026-05-21,112,7
24765,65,2026-05-21,155,7
24766,66,2026-05-21,128,9
24767,67,2026-05-21,172,9
24768,68,2026-05-21,73,6
24769,69,2026-05-21,168,8
24770,70,2026-05-21,68,6
24771,71,2026-05-21,134,9
24772,72,2026-05-21,186,12
24773,73,2026-05-21,177,9
24774,74,2026-05-21,127,7
24775,75,2026-05-21,152,11
24776,76,2026-05-21,126,9
24777,77,2026-05-21,71,5
24778,78,2026-05-21,96,6
24779,79,2026-05-21,87,5
24780,80,2026-05-21,225,15
24781,81,2026-05-21,134,8
24782,82,2026-05-21,124,4
24783,83,2026-05-21,124,5
24784,84,2026-05-21,161,10
24785,85,2026-05-21,131,9
24786,86,2026-05-21,102,4
24787,87,2026-05-21,124,6
24788,88,2026-05-21,145,7
24789,89,2026-05-21,218,15
24790,90,2026-05-21,144,5
24791,91,2026-05-21,133,11
24792,92,2026-05-21,281,16
24793,93,2026-05-21,157,9
24794,94,2026-05-21,141,9
24795,95,2026-05-21,156,9
24796,96,2026-05-21,105,4
24797,97,2026-05-21,141,6
24798,98,2026-05-21,122,6
24799,99,2026-05-21,149,6
24800,100,2026-05-21,125,8
24801,1,2026-05-22,130,10
24802,2,2026-05-22,131,10
24803,3,2026-05-22,142,12
24804,4,2026-05-22,215,10
24805,5,2026-05-22,163,7
24806,6,2026-05-22,209,13
24807,7,2026-05-22,249,16
24808,8,2026-05-22,184,10
24809,9,2026-05-22,149,9
24810,10,2026-05-22,135,7
24811,11,2026-05-22,141,10
24812,12,2026-05-22,161,7
24813,13,2026-05-22,112,7
24814,14,2026-05-22,153,8
24815,15,2026-05-22,127,7
24816,16,2026-05-22,178,11
24817,17,2026-05-22,192,13
24818,18,2026-05-22,151,10
24819,19,2026-05-22,104,6
24820,20,2026-05-22,75,4
24821,21,2026-05-22,76,5
24822,22,2026-05-22,128,4
24823,23,2026-05-22,75,4
24824,24,2026-05-22,152,10
24825,25,2026-05-22,87,5
24826,26,2026-05-22,177,11
24827,27,2026-05-22,134,11
24828,28,2026-05-22,77,6
24829,29,2026-05-22,154,7
24830,30,2026-05-22,128,4
24831,31,2026-05-22,102,9
24832,32,2026-05-22,134,8
24833,33,2026-05-22,116,4
24834,34,2026-05-22,85,1
24835,35,2026-05-22,87,3
24836,36,2026-05-22,206,11
24837,37,2026-05-22,161,10
24838,38,2026-05-22,219,14
24839,39,2026-05-22,127,9
24840,40,2026-05-22,108,6
24841,41,2026-05-22,99,6
24842,42,2026-05-22,181,11
24843,43,2026-05-22,158,8
24844,44,2026-05-22,88,8
24845,45,2026-05-22,116,9
24846,46,2026-05-22,142,8
24847,47,2026-05-22,136,9
24848,48,2026-05-22,113,8
24849,49,2026-05-22,121,4
24850,50,2026-05-22,132,7
24851,51,2026-05-22,159,7
24852,52,2026-05-22,103,11
24853,53,2026-05-22,85,7
24854,54,2026-05-22,102,7
24855,55,2026-05-22,104,8
24856,56,2026-05-22,165,5
24857,57,2026-05-22,87,8
24858,58,2026-05-22,148,8
24859,59,2026-05-22,120,7
24860,60,2026-05-22,147,9
24861,61,2026-05-22,173,8
24862,62,2026-05-22,118,5
24863,63,2026-05-22,188,10
24864,64,2026-05-22,100,6
24865,65,2026-05-22,176,10
24866,66,2026-05-22,113,6
24867,67,2026-05-22,177,13
24868,68,2026-05-22,67,4
24869,69,2026-05-22,147,8
24870,70,2026-05-22,75,5
24871,71,2026-05-22,148,7
24872,72,2026-05-22,181,10
24873,73,2026-05-22,151,9
24874,74,2026-05-22,81,6
24875,75,2026-05-22,157,11
24876,76,2026-05-22,114,6
24877,77,2026-05-22,77,5
24878,78,2026-05-22,136,9
24879,79,2026-05-22,106,6
24880,80,2026-05-22,228,11
24881,81,2026-05-22,119,6
24882,82,2026-05-22,141,8
24883,83,2026-05-22,171,11
24884,84,2026-05-22,149,10
24885,85,2026-05-22,144,8
24886,86,2026-05-22,114,6
24887,87,2026-05-22,111,6
24888,88,2026-05-22,138,7
24889,89,2026-05-22,219,14
24890,90,2026-05-22,141,7
24891,91,2026-05-22,124,6
24892,92,2026-05-22,301,18
24893,93,2026-05-22,170,9
24894,94,2026-05-22,135,5
24895,95,2026-05-22,179,10
24896,96,2026-05-22,109,7
24897,97,2026-05-22,157,13
24898,98,2026-05-22,119,6
24899,99,2026-05-22,141,10
24900,100,2026-05-22,136,7
24901,1,2026-05-23,124,8
24902,2,2026-05-23,133,9
24903,3,2026-05-23,139,8
24904,4,2026-05-23,201,10
24905,5,2026-05-23,185,11
24906,6,2026-05-23,233,9
24907,7,2026-05-23,194,11
24908,8,2026-05-23,195,8
24909,9,2026-05-23,130,11
24910,10,2026-05-23,86,7
24911,11,2026-05-23,149,11
24912,12,2026-05-23,140,9
24913,13,2026-05-23,102,6
24914,14,2026-05-23,158,8
24915,15,2026-05-23,96,8
24916,16,2026-05-23,168,10
24917,17,2026-05-23,173,13
24918,18,2026-05-23,148,9
24919,19,2026-05-23,118,7
24920,20,2026-05-23,94,6
24921,21,2026-05-23,87,5
24922,22,2026-05-23,185,8
24923,23,2026-05-23,102,7
24924,24,2026-05-23,177,8
24925,25,2026-05-23,119,6
24926,26,2026-05-23,188,13
24927,27,2026-05-23,133,4
24928,28,2026-05-23,91,3
24929,29,2026-05-23,156,10
24930,30,2026-05-23,116,5
24931,31,2026-05-23,93,5
24932,32,2026-05-23,120,4
24933,33,2026-05-23,111,9
24934,34,2026-05-23,90,5
24935,35,2026-05-23,112,1
24936,36,2026-05-23,229,15
24937,37,2026-05-23,152,6
24938,38,2026-05-23,223,12
24939,39,2026-05-23,111,6
24940,40,2026-05-23,94,6
24941,41,2026-05-23,120,12
24942,42,2026-05-23,174,13
24943,43,2026-05-23,144,5
24944,44,2026-05-23,76,5
24945,45,2026-05-23,141,8
24946,46,2026-05-23,124,5
24947,47,2026-05-23,112,7
24948,48,2026-05-23,102,4
24949,49,2026-05-23,108,6
24950,50,2026-05-23,152,9
24951,51,2026-05-23,135,10
24952,52,2026-05-23,115,8
24953,53,2026-05-23,98,6
24954,54,2026-05-23,97,8
24955,55,2026-05-23,130,6
24956,56,2026-05-23,167,11
24957,57,2026-05-23,71,2
24958,58,2026-05-23,143,9
24959,59,2026-05-23,113,7
24960,60,2026-05-23,114,5
24961,61,2026-05-23,129,8
24962,62,2026-05-23,167,10
24963,63,2026-05-23,180,9
24964,64,2026-05-23,122,7
24965,65,2026-05-23,172,9
24966,66,2026-05-23,114,6
24967,67,2026-05-23,156,5
24968,68,2026-05-23,72,3
24969,69,2026-05-23,154,9
24970,70,2026-05-23,70,4
24971,71,2026-05-23,138,7
24972,72,2026-05-23,205,12
24973,73,2026-05-23,187,9
24974,74,2026-05-23,107,6
24975,75,2026-05-23,124,8
24976,76,2026-05-23,113,7
24977,77,2026-05-23,90,3
24978,78,2026-05-23,134,10
24979,79,2026-05-23,94,5
24980,80,2026-05-23,196,11
24981,81,2026-05-23,144,8
24982,82,2026-05-23,137,12
24983,83,2026-05-23,155,5
24984,84,2026-05-23,129,8
24985,85,2026-05-23,131,12
24986,86,2026-05-23,91,4
24987,87,2026-05-23,110,2
24988,88,2026-05-23,158,8
24989,89,2026-05-23,215,12
24990,90,2026-05-23,158,8
24991,91,2026-05-23,125,8
24992,92,2026-05-23,320,18
24993,93,2026-05-23,144,9
24994,94,2026-05-23,130,7
24995,95,2026-05-23,164,8
24996,96,2026-05-23,112,9
24997,97,2026-05-23,150,8
24998,98,2026-05-23,131,8
24999,99,2026-05-23,129,10
25000,100,2026-05-23,146,7
25001,1,2026-05-24,95,1
25002,2,2026-05-24,72,2
25003,3,2026-05-24,103,5
25004,4,2026-05-24,133,5
25005,5,2026-05-24,100,7
25006,6,2026-05-24,112,8
25007,7,2026-05-24,131,8
25008,8,2026-05-24,131,6
25009,9,2026-05-24,101,7
25010,10,2026-05-24,79,6
25011,11,2026-05-24,90,6
25012,12,2026-05-24,59,2
25013,13,2026-05-24,52,3
25014,14,2026-05-24,70,2
25015,15,2026-05-24,78,3
25016,16,2026-05-24,73,4
25017,17,2026-05-24,94,7
25018,18,2026-05-24,85,5
25019,19,2026-05-24,63,0
25020,20,2026-05-24,65,3
25021,21,2026-05-24,51,4
25022,22,2026-05-24,110,6
25023,23,2026-05-24,59,7
25024,24,2026-05-24,81,4
25025,25,2026-05-24,85,5
25026,26,2026-05-24,89,5
25027,27,2026-05-24,77,6
25028,28,2026-05-24,56,1
25029,29,2026-05-24,115,6
25030,30,2026-05-24,63,2
25031,31,2026-05-24,73,7
25032,32,2026-05-24,71,2
25033,33,2026-05-24,63,2
25034,34,2026-05-24,29,3
25035,35,2026-05-24,47,4
25036,36,2026-05-24,126,9
25037,37,2026-05-24,104,5
25038,38,2026-05-24,113,6
25039,39,2026-05-24,76,5
25040,40,2026-05-24,55,2
25041,41,2026-05-24,68,2
25042,42,2026-05-24,99,5
25043,43,2026-05-24,58,1
25044,44,2026-05-24,35,5
25045,45,2026-05-24,97,2
25046,46,2026-05-24,62,4
25047,47,2026-05-24,108,6
25048,48,2026-05-24,72,3
25049,49,2026-05-24,77,7
25050,50,2026-05-24,93,6
25051,51,2026-05-24,67,4
25052,52,2026-05-24,79,3
25053,53,2026-05-24,47,3
25054,54,2026-05-24,41,0
25055,55,2026-05-24,51,1
25056,56,2026-05-24,84,1
25057,57,2026-05-24,57,4
25058,58,2026-05-24,105,6
25059,59,2026-05-24,70,4
25060,60,2026-05-24,68,5
25061,61,2026-05-24,92,6
25062,62,2026-05-24,67,0
25063,63,2026-05-24,99,7
25064,64,2026-05-24,59,0
25065,65,2026-05-24,79,5
25066,66,2026-05-24,63,1
25067,67,2026-05-24,92,5
25068,68,2026-05-24,34,0
25069,69,2026-05-24,81,0
25070,70,2026-05-24,41,2
25071,71,2026-05-24,69,4
25072,72,2026-05-24,123,4
25073,73,2026-05-24,99,6
25074,74,2026-05-24,87,5
25075,75,2026-05-24,72,2
25076,76,2026-05-24,80,8
25077,77,2026-05-24,48,2
25078,78,2026-05-24,74,5
25079,79,2026-05-24,68,3
25080,80,2026-05-24,155,9
25081,81,2026-05-24,64,1
25082,82,2026-05-24,91,7
25083,83,2026-05-24,74,5
25084,84,2026-05-24,78,2
25085,85,2026-05-24,114,6
25086,86,2026-05-24,54,0
25087,87,2026-05-24,54,6
25088,88,2026-05-24,98,6
25089,89,2026-05-24,131,8
25090,90,2026-05-24,83,4
25091,91,2026-05-24,85,9
25092,92,2026-05-24,175,10
25093,93,2026-05-24,63,3
25094,94,2026-05-24,81,2
25095,95,2026-05-24,125,5
25096,96,2026-05-24,67,5
25097,97,2026-05-24,74,9
25098,98,2026-05-24,83,4
25099,99,2026-05-24,79,4
25100,100,2026-05-24,87,5
25101,1,2026-05-25,151,12
25102,2,2026-05-25,159,9
25103,3,2026-05-25,198,10
25104,4,2026-05-25,292,18
25105,5,2026-05-25,215,13
25106,6,2026-05-25,216,14
25107,7,2026-05-25,322,16
25108,8,2026-05-25,244,16
25109,9,2026-05-25,172,7
25110,10,2026-05-25,120,6
25111,11,2026-05-25,194,12
25112,12,2026-05-25,177,13
25113,13,2026-05-25,136,6
25114,14,2026-05-25,200,13
25115,15,2026-05-25,156,9
25116,16,2026-05-25,217,13
25117,17,2026-05-25,254,19
25118,18,2026-05-25,185,6
25119,19,2026-05-25,171,7
25120,20,2026-05-25,108,5
25121,21,2026-05-25,130,6
25122,22,2026-05-25,213,13
25123,23,2026-05-25,120,10
25124,24,2026-05-25,219,11
25125,25,2026-05-25,142,8
25126,26,2026-05-25,212,12
25127,27,2026-05-25,140,9
25128,28,2026-05-25,132,11
25129,29,2026-05-25,183,11
25130,30,2026-05-25,169,15
25131,31,2026-05-25,131,8
25132,32,2026-05-25,163,7
25133,33,2026-05-25,161,11
25134,34,2026-05-25,97,4
25135,35,2026-05-25,130,7
25136,36,2026-05-25,285,20
25137,37,2026-05-25,221,11
25138,38,2026-05-25,283,20
25139,39,2026-05-25,182,12
25140,40,2026-05-25,158,8
25141,41,2026-05-25,135,9
25142,42,2026-05-25,217,12
25143,43,2026-05-25,154,9
25144,44,2026-05-25,108,4
25145,45,2026-05-25,196,13
25146,46,2026-05-25,205,9
25147,47,2026-05-25,179,10
25148,48,2026-05-25,154,8
25149,49,2026-05-25,150,9
25150,50,2026-05-25,177,10
25151,51,2026-05-25,179,11
25152,52,2026-05-25,120,7
25153,53,2026-05-25,138,5
25154,54,2026-05-25,136,7
25155,55,2026-05-25,179,12
25156,56,2026-05-25,249,12
25157,57,2026-05-25,123,9
25158,58,2026-05-25,175,12
25159,59,2026-05-25,156,10
25160,60,2026-05-25,161,10
25161,61,2026-05-25,200,7
25162,62,2026-05-25,189,7
25163,63,2026-05-25,253,10
25164,64,2026-05-25,245,15
25165,65,2026-05-25,236,12
25166,66,2026-05-25,150,8
25167,67,2026-05-25,223,12
25168,68,2026-05-25,84,6
25169,69,2026-05-25,217,10
25170,70,2026-05-25,102,3
25171,71,2026-05-25,182,11
25172,72,2026-05-25,249,18
25173,73,2026-05-25,192,10
25174,74,2026-05-25,176,9
25175,75,2026-05-25,192,9
25176,76,2026-05-25,178,14
25177,77,2026-05-25,91,8
25178,78,2026-05-25,152,5
25179,79,2026-05-25,145,5
25180,80,2026-05-25,274,17
25181,81,2026-05-25,176,10
25182,82,2026-05-25,157,8
25183,83,2026-05-25,232,15
25184,84,2026-05-25,186,13
25185,85,2026-05-25,210,14
25186,86,2026-05-25,137,9
25187,87,2026-05-25,154,10
25188,88,2026-05-25,176,8
25189,89,2026-05-25,305,15
25190,90,2026-05-25,169,10
25191,91,2026-05-25,150,8
25192,92,2026-05-25,371,25
25193,93,2026-05-25,180,9
25194,94,2026-05-25,182,12
25195,95,2026-05-25,232,12
25196,96,2026-05-25,157,11
25197,97,2026-05-25,165,11
25198,98,2026-05-25,207,10
25199,99,2026-05-25,177,9
25200,100,2026-05-25,196,11
25201,1,2026-05-26,128,5
25202,2,2026-05-26,158,7
25203,3,2026-05-26,193,10
25204,4,2026-05-26,216,15
25205,5,2026-05-26,203,14
25206,6,2026-05-26,223,11
25207,7,2026-05-26,258,15
25208,8,2026-05-26,224,15
25209,9,2026-05-26,159,9
25210,10,2026-05-26,121,8
25211,11,2026-05-26,178,5
25212,12,2026-05-26,221,10
25213,13,2026-05-26,112,5
25214,14,2026-05-26,156,9
25215,15,2026-05-26,128,4
25216,16,2026-05-26,214,13
25217,17,2026-05-26,201,11
25218,18,2026-05-26,169,11
25219,19,2026-05-26,127,7
25220,20,2026-05-26,74,4
25221,21,2026-05-26,109,6
25222,22,2026-05-26,179,11
25223,23,2026-05-26,112,5
25224,24,2026-05-26,214,16
25225,25,2026-05-26,114,7
25226,26,2026-05-26,226,13
25227,27,2026-05-26,161,10
25228,28,2026-05-26,98,8
25229,29,2026-05-26,155,10
25230,30,2026-05-26,152,9
25231,31,2026-05-26,114,1
25232,32,2026-05-26,166,11
25233,33,2026-05-26,116,6
25234,34,2026-05-26,79,6
25235,35,2026-05-26,84,2
25236,36,2026-05-26,229,13
25237,37,2026-05-26,201,9
25238,38,2026-05-26,241,12
25239,39,2026-05-26,111,8
25240,40,2026-05-26,116,6
25241,41,2026-05-26,128,14
25242,42,2026-05-26,210,12
25243,43,2026-05-26,163,9
25244,44,2026-05-26,100,5
25245,45,2026-05-26,155,9
25246,46,2026-05-26,148,11
25247,47,2026-05-26,189,9
25248,48,2026-05-26,137,5
25249,49,2026-05-26,148,11
25250,50,2026-05-26,180,10
25251,51,2026-05-26,163,6
25252,52,2026-05-26,126,9
25253,53,2026-05-26,124,8
25254,54,2026-05-26,132,7
25255,55,2026-05-26,137,8
25256,56,2026-05-26,191,15
25257,57,2026-05-26,109,8
25258,58,2026-05-26,157,12
25259,59,2026-05-26,153,7
25260,60,2026-05-26,156,6
25261,61,2026-05-26,182,11
25262,62,2026-05-26,138,8
25263,63,2026-05-26,217,11
25264,64,2026-05-26,194,8
25265,65,2026-05-26,196,13
25266,66,2026-05-26,128,11
25267,67,2026-05-26,183,12
25268,68,2026-05-26,77,3
25269,69,2026-05-26,171,10
25270,70,2026-05-26,89,5
25271,71,2026-05-26,190,11
25272,72,2026-05-26,171,10
25273,73,2026-05-26,198,12
25274,74,2026-05-26,142,8
25275,75,2026-05-26,164,9
25276,76,2026-05-26,155,8
25277,77,2026-05-26,85,3
25278,78,2026-05-26,135,8
25279,79,2026-05-26,109,4
25280,80,2026-05-26,265,18
25281,81,2026-05-26,139,10
25282,82,2026-05-26,162,6
25283,83,2026-05-26,189,10
25284,84,2026-05-26,171,10
25285,85,2026-05-26,175,10
25286,86,2026-05-26,130,2
25287,87,2026-05-26,147,10
25288,88,2026-05-26,169,12
25289,89,2026-05-26,238,16
25290,90,2026-05-26,131,9
25291,91,2026-05-26,134,7
25292,92,2026-05-26,303,19
25293,93,2026-05-26,200,13
25294,94,2026-05-26,157,6
25295,95,2026-05-26,181,9
25296,96,2026-05-26,112,8
25297,97,2026-05-26,130,10
25298,98,2026-05-26,181,8
25299,99,2026-05-26,130,8
25300,100,2026-05-26,153,10
25301,1,2026-05-27,138,7
25302,2,2026-05-27,155,11
25303,3,2026-05-27,180,10
25304,4,2026-05-27,256,16
25305,5,2026-05-27,190,12
25306,6,2026-05-27,218,11
25307,7,2026-05-27,295,19
25308,8,2026-05-27,200,12
25309,9,2026-05-27,149,11
25310,10,2026-05-27,129,9
25311,11,2026-05-27,172,15
25312,12,2026-05-27,162,10
25313,13,2026-05-27,105,9
25314,14,2026-05-27,158,10
25315,15,2026-05-27,127,12
25316,16,2026-05-27,179,5
25317,17,2026-05-27,237,16
25318,18,2026-05-27,178,12
25319,19,2026-05-27,136,2
25320,20,2026-05-27,99,5
25321,21,2026-05-27,113,8
25322,22,2026-05-27,168,7
25323,23,2026-05-27,122,12
25324,24,2026-05-27,208,10
25325,25,2026-05-27,98,7
25326,26,2026-05-27,205,11
25327,27,2026-05-27,143,5
25328,28,2026-05-27,191,13
25329,29,2026-05-27,175,11
25330,30,2026-05-27,141,7
25331,31,2026-05-27,115,10
25332,32,2026-05-27,133,7
25333,33,2026-05-27,134,7
25334,34,2026-05-27,103,5
25335,35,2026-05-27,117,13
25336,36,2026-05-27,231,13
25337,37,2026-05-27,157,11
25338,38,2026-05-27,252,20
25339,39,2026-05-27,140,9
25340,40,2026-05-27,123,8
25341,41,2026-05-27,124,9
25342,42,2026-05-27,144,9
25343,43,2026-05-27,145,11
25344,44,2026-05-27,93,4
25345,45,2026-05-27,139,6
25346,46,2026-05-27,165,6
25347,47,2026-05-27,142,6
25348,48,2026-05-27,140,10
25349,49,2026-05-27,140,7
25350,50,2026-05-27,146,5
25351,51,2026-05-27,200,12
25352,52,2026-05-27,108,7
25353,53,2026-05-27,107,8
25354,54,2026-05-27,113,10
25355,55,2026-05-27,129,10
25356,56,2026-05-27,164,8
25357,57,2026-05-27,116,8
25358,58,2026-05-27,183,9
25359,59,2026-05-27,147,10
25360,60,2026-05-27,160,8
25361,61,2026-05-27,164,11
25362,62,2026-05-27,152,10
25363,63,2026-05-27,273,14
25364,64,2026-05-27,197,12
25365,65,2026-05-27,175,9
25366,66,2026-05-27,132,4
25367,67,2026-05-27,168,12
25368,68,2026-05-27,82,7
25369,69,2026-05-27,167,10
25370,70,2026-05-27,93,6
25371,71,2026-05-27,166,8
25372,72,2026-05-27,183,8
25373,73,2026-05-27,202,12
25374,74,2026-05-27,143,11
25375,75,2026-05-27,159,9
25376,76,2026-05-27,134,10
25377,77,2026-05-27,96,7
25378,78,2026-05-27,137,11
25379,79,2026-05-27,105,8
25380,80,2026-05-27,264,15
25381,81,2026-05-27,164,6
25382,82,2026-05-27,136,9
25383,83,2026-05-27,153,9
25384,84,2026-05-27,157,11
25385,85,2026-05-27,161,8
25386,86,2026-05-27,116,5
25387,87,2026-05-27,158,10
25388,88,2026-05-27,136,5
25389,89,2026-05-27,261,16
25390,90,2026-05-27,148,7
25391,91,2026-05-27,146,12
25392,92,2026-05-27,322,18
25393,93,2026-05-27,183,14
25394,94,2026-05-27,155,11
25395,95,2026-05-27,211,12
25396,96,2026-05-27,106,8
25397,97,2026-05-27,156,9
25398,98,2026-05-27,196,12
25399,99,2026-05-27,158,7
25400,100,2026-05-27,177,11
25401,1,2026-05-28,98,7
25402,2,2026-05-28,145,8
25403,3,2026-05-28,156,9
25404,4,2026-05-28,205,10
25405,5,2026-05-28,168,6
25406,6,2026-05-28,169,14
25407,7,2026-05-28,288,18
25408,8,2026-05-28,230,13
25409,9,2026-05-28,105,5
25410,10,2026-05-28,120,4
25411,11,2026-05-28,133,7
25412,12,2026-05-28,187,6
25413,13,2026-05-28,100,7
25414,14,2026-05-28,150,8
25415,15,2026-05-28,95,3
25416,16,2026-05-28,186,11
25417,17,2026-05-28,185,13
25418,18,2026-05-28,136,9
25419,19,2026-05-28,112,5
25420,20,2026-05-28,91,6
25421,21,2026-05-28,103,4
25422,22,2026-05-28,160,9
25423,23,2026-05-28,105,5
25424,24,2026-05-28,159,7
25425,25,2026-05-28,106,4
25426,26,2026-05-28,170,6
25427,27,2026-05-28,122,9
25428,28,2026-05-28,142,7
25429,29,2026-05-28,143,7
25430,30,2026-05-28,108,9
25431,31,2026-05-28,102,4
25432,32,2026-05-28,125,8
25433,33,2026-05-28,124,9
25434,34,2026-05-28,79,6
25435,35,2026-05-28,95,4
25436,36,2026-05-28,239,18
25437,37,2026-05-28,145,8
25438,38,2026-05-28,117,6
25439,39,2026-05-28,130,6
25440,40,2026-05-28,88,9
25441,41,2026-05-28,106,5
25442,42,2026-05-28,149,8
25443,43,2026-05-28,138,6
25444,44,2026-05-28,87,4
25445,45,2026-05-28,155,9
25446,46,2026-05-28,142,6
25447,47,2026-05-28,142,9
25448,48,2026-05-28,115,8
25449,49,2026-05-28,94,5
25450,50,2026-05-28,173,10
25451,51,2026-05-28,143,9
25452,52,2026-05-28,115,8
25453,53,2026-05-28,90,5
25454,54,2026-05-28,105,8
25455,55,2026-05-28,150,12
25456,56,2026-05-28,161,7
25457,57,2026-05-28,93,6
25458,58,2026-05-28,130,7
25459,59,2026-05-28,109,5
25460,60,2026-05-28,104,8
25461,61,2026-05-28,147,9
25462,62,2026-05-28,134,10
25463,63,2026-05-28,172,9
25464,64,2026-05-28,164,8
25465,65,2026-05-28,182,11
25466,66,2026-05-28,111,6
25467,67,2026-05-28,139,8
25468,68,2026-05-28,78,4
25469,69,2026-05-28,148,9
25470,70,2026-05-28,75,3
25471,71,2026-05-28,175,11
25472,72,2026-05-28,163,12
25473,73,2026-05-28,156,10
25474,74,2026-05-28,120,6
25475,75,2026-05-28,159,10
25476,76,2026-05-28,124,8
25477,77,2026-05-28,71,2
25478,78,2026-05-28,190,11
25479,79,2026-05-28,105,5
25480,80,2026-05-28,223,11
25481,81,2026-05-28,98,4
25482,82,2026-05-28,123,12
25483,83,2026-05-28,144,12
25484,84,2026-05-28,138,7
25485,85,2026-05-28,179,11
25486,86,2026-05-28,106,5
25487,87,2026-05-28,101,7
25488,88,2026-05-28,134,8
25489,89,2026-05-28,239,14
25490,90,2026-05-28,146,8
25491,91,2026-05-28,147,7
25492,92,2026-05-28,320,20
25493,93,2026-05-28,148,6
25494,94,2026-05-28,171,12
25495,95,2026-05-28,145,8
25496,96,2026-05-28,86,5
25497,97,2026-05-28,166,6
25498,98,2026-05-28,158,7
25499,99,2026-05-28,121,3
25500,100,2026-05-28,160,10
25501,1,2026-05-29,114,6
25502,2,2026-05-29,136,6
25503,3,2026-05-29,130,9
25504,4,2026-05-29,181,8
25505,5,2026-05-29,174,8
25506,6,2026-05-29,179,13
25507,7,2026-05-29,254,17
25508,8,2026-05-29,205,12
25509,9,2026-05-29,158,3
25510,10,2026-05-29,120,6
25511,11,2026-05-29,145,9
25512,12,2026-05-29,162,13
25513,13,2026-05-29,112,6
25514,14,2026-05-29,156,9
25515,15,2026-05-29,117,5
25516,16,2026-05-29,145,7
25517,17,2026-05-29,165,11
25518,18,2026-05-29,136,8
25519,19,2026-05-29,136,12
25520,20,2026-05-29,78,5
25521,21,2026-05-29,117,10
25522,22,2026-05-29,158,10
25523,23,2026-05-29,103,6
25524,24,2026-05-29,196,10
25525,25,2026-05-29,117,6
25526,26,2026-05-29,155,12
25527,27,2026-05-29,117,8
25528,28,2026-05-29,180,10
25529,29,2026-05-29,162,10
25530,30,2026-05-29,149,8
25531,31,2026-05-29,100,8
25532,32,2026-05-29,129,7
25533,33,2026-05-29,98,5
25534,34,2026-05-29,85,7
25535,35,2026-05-29,90,8
25536,36,2026-05-29,197,10
25537,37,2026-05-29,139,1
25538,38,2026-05-29,128,7
25539,39,2026-05-29,168,9
25540,40,2026-05-29,98,3
25541,41,2026-05-29,103,6
25542,42,2026-05-29,162,10
25543,43,2026-05-29,120,4
25544,44,2026-05-29,81,3
25545,45,2026-05-29,158,10
25546,46,2026-05-29,130,10
25547,47,2026-05-29,124,4
25548,48,2026-05-29,125,6
25549,49,2026-05-29,93,7
25550,50,2026-05-29,156,9
25551,51,2026-05-29,121,6
25552,52,2026-05-29,122,7
25553,53,2026-05-29,106,2
25554,54,2026-05-29,127,7
25555,55,2026-05-29,126,5
25556,56,2026-05-29,133,7
25557,57,2026-05-29,92,9
25558,58,2026-05-29,165,13
25559,59,2026-05-29,115,6
25560,60,2026-05-29,142,5
25561,61,2026-05-29,124,8
25562,62,2026-05-29,146,7
25563,63,2026-05-29,185,7
25564,64,2026-05-29,200,11
25565,65,2026-05-29,172,13
25566,66,2026-05-29,120,9
25567,67,2026-05-29,181,13
25568,68,2026-05-29,78,5
25569,69,2026-05-29,167,10
25570,70,2026-05-29,70,6
25571,71,2026-05-29,163,7
25572,72,2026-05-29,186,13
25573,73,2026-05-29,157,10
25574,74,2026-05-29,124,6
25575,75,2026-05-29,152,13
25576,76,2026-05-29,110,6
25577,77,2026-05-29,77,4
25578,78,2026-05-29,185,13
25579,79,2026-05-29,102,9
25580,80,2026-05-29,246,13
25581,81,2026-05-29,152,10
25582,82,2026-05-29,131,10
25583,83,2026-05-29,159,6
25584,84,2026-05-29,167,14
25585,85,2026-05-29,161,11
25586,86,2026-05-29,134,9
25587,87,2026-05-29,129,12
25588,88,2026-05-29,124,7
25589,89,2026-05-29,158,10
25590,90,2026-05-29,151,7
25591,91,2026-05-29,133,11
25592,92,2026-05-29,279,14
25593,93,2026-05-29,169,5
25594,94,2026-05-29,129,5
25595,95,2026-05-29,279,18
25596,96,2026-05-29,108,6
25597,97,2026-05-29,137,9
25598,98,2026-05-29,151,8
25599,99,2026-05-29,139,9
25600,100,2026-05-29,159,9
25601,1,2026-05-30,98,2
25602,2,2026-05-30,118,10
25603,3,2026-05-30,151,10
25604,4,2026-05-30,195,9
25605,5,2026-05-30,168,8
25606,6,2026-05-30,151,11
25607,7,2026-05-30,279,18
25608,8,2026-05-30,189,15
25609,9,2026-05-30,147,9
25610,10,2026-05-30,111,6
25611,11,2026-05-30,138,7
25612,12,2026-05-30,187,12
25613,13,2026-05-30,104,8
25614,14,2026-05-30,146,7
25615,15,2026-05-30,120,7
25616,16,2026-05-30,185,9
25617,17,2026-05-30,197,12
25618,18,2026-05-30,145,9
25619,19,2026-05-30,147,9
25620,20,2026-05-30,80,6
25621,21,2026-05-30,99,5
25622,22,2026-05-30,163,12
25623,23,2026-05-30,94,6
25624,24,2026-05-30,153,9
25625,25,2026-05-30,108,8
25626,26,2026-05-30,154,11
25627,27,2026-05-30,107,6
25628,28,2026-05-30,141,8
25629,29,2026-05-30,166,15
25630,30,2026-05-30,136,9
25631,31,2026-05-30,115,7
25632,32,2026-05-30,138,6
25633,33,2026-05-30,97,6
25634,34,2026-05-30,82,4
25635,35,2026-05-30,78,3
25636,36,2026-05-30,184,9
25637,37,2026-05-30,134,6
25638,38,2026-05-30,128,9
25639,39,2026-05-30,129,7
25640,40,2026-05-30,111,5
25641,41,2026-05-30,100,6
25642,42,2026-05-30,166,12
25643,43,2026-05-30,127,9
25644,44,2026-05-30,78,4
25645,45,2026-05-30,130,6
25646,46,2026-05-30,101,6
25647,47,2026-05-30,113,8
25648,48,2026-05-30,110,7
25649,49,2026-05-30,113,2
25650,50,2026-05-30,144,8
25651,51,2026-05-30,160,11
25652,52,2026-05-30,105,4
25653,53,2026-05-30,88,7
25654,54,2026-05-30,96,7
25655,55,2026-05-30,120,8
25656,56,2026-05-30,186,11
25657,57,2026-05-30,69,1
25658,58,2026-05-30,150,6
25659,59,2026-05-30,124,7
25660,60,2026-05-30,116,7
25661,61,2026-05-30,150,7
25662,62,2026-05-30,133,5
25663,63,2026-05-30,178,8
25664,64,2026-05-30,121,7
25665,65,2026-05-30,150,6
25666,66,2026-05-30,134,6
25667,67,2026-05-30,174,12
25668,68,2026-05-30,67,5
25669,69,2026-05-30,136,10
25670,70,2026-05-30,87,5
25671,71,2026-05-30,157,11
25672,72,2026-05-30,166,5
25673,73,2026-05-30,169,6
25674,74,2026-05-30,106,9
25675,75,2026-05-30,146,9
25676,76,2026-05-30,154,9
25677,77,2026-05-30,76,8
25678,78,2026-05-30,208,12
25679,79,2026-05-30,109,6
25680,80,2026-05-30,236,13
25681,81,2026-05-30,117,7
25682,82,2026-05-30,129,8
25683,83,2026-05-30,154,8
25684,84,2026-05-30,158,10
25685,85,2026-05-30,120,6
25686,86,2026-05-30,110,8
25687,87,2026-05-30,108,8
25688,88,2026-05-30,135,7
25689,89,2026-05-30,186,11
25690,90,2026-05-30,150,9
25691,91,2026-05-30,125,6
25692,92,2026-05-30,280,17
25693,93,2026-05-30,197,10
25694,94,2026-05-30,115,10
25695,95,2026-05-30,280,15
25696,96,2026-05-30,109,8
25697,97,2026-05-30,125,5
25698,98,2026-05-30,119,5
25699,99,2026-05-30,155,9
25700,100,2026-05-30,139,9
25701,1,2026-05-31,54,2
25702,2,2026-05-31,94,5
25703,3,2026-05-31,84,5
25704,4,2026-05-31,125,8
25705,5,2026-05-31,112,6
25706,6,2026-05-31,123,6
25707,7,2026-05-31,164,10
25708,8,2026-05-31,128,8
25709,9,2026-05-31,110,10
25710,10,2026-05-31,55,2
25711,11,2026-05-31,85,7
25712,12,2026-05-31,73,7
25713,13,2026-05-31,47,2
25714,14,2026-05-31,120,4
25715,15,2026-05-31,62,4
25716,16,2026-05-31,83,8
25717,17,2026-05-31,111,6
25718,18,2026-05-31,75,4
25719,19,2026-05-31,80,3
25720,20,2026-05-31,61,0
25721,21,2026-05-31,53,4
25722,22,2026-05-31,109,7
25723,23,2026-05-31,60,6
25724,24,2026-05-31,100,3
25725,25,2026-05-31,60,3
25726,26,2026-05-31,126,4
25727,27,2026-05-31,74,3
25728,28,2026-05-31,75,0
25729,29,2026-05-31,105,7
25730,30,2026-05-31,84,6
25731,31,2026-05-31,46,3
25732,32,2026-05-31,64,6
25733,33,2026-05-31,73,6
25734,34,2026-05-31,37,5
25735,35,2026-05-31,61,4
25736,36,2026-05-31,110,11
25737,37,2026-05-31,91,5
25738,38,2026-05-31,46,5
25739,39,2026-05-31,71,3
25740,40,2026-05-31,59,4
25741,41,2026-05-31,70,5
25742,42,2026-05-31,115,7
25743,43,2026-05-31,57,3
25744,44,2026-05-31,35,4
25745,45,2026-05-31,89,8
25746,46,2026-05-31,106,6
25747,47,2026-05-31,74,4
25748,48,2026-05-31,90,6
25749,49,2026-05-31,76,5
25750,50,2026-05-31,78,1
25751,51,2026-05-31,82,3
25752,52,2026-05-31,74,5
25753,53,2026-05-31,60,1
25754,54,2026-05-31,54,3
25755,55,2026-05-31,88,6
25756,56,2026-05-31,120,6
25757,57,2026-05-31,59,3
25758,58,2026-05-31,61,2
25759,59,2026-05-31,66,3
25760,60,2026-05-31,70,3
25761,61,2026-05-31,110,7
25762,62,2026-05-31,75,6
25763,63,2026-05-31,95,4
25764,64,2026-05-31,66,2
25765,65,2026-05-31,106,5
25766,66,2026-05-31,61,4
25767,67,2026-05-31,95,3
25768,68,2026-05-31,38,1
25769,69,2026-05-31,85,5
25770,70,2026-05-31,49,3
25771,71,2026-05-31,58,5
25772,72,2026-05-31,116,5
25773,73,2026-05-31,107,9
25774,74,2026-05-31,77,4
25775,75,2026-05-31,76,3
25776,76,2026-05-31,68,5
25777,77,2026-05-31,57,5
25778,78,2026-05-31,98,2
25779,79,2026-05-31,58,1
25780,80,2026-05-31,144,8
25781,81,2026-05-31,72,3
25782,82,2026-05-31,61,5
25783,83,2026-05-31,93,3
25784,84,2026-05-31,80,2
25785,85,2026-05-31,74,5
25786,86,2026-05-31,49,2
25787,87,2026-05-31,76,4
25788,88,2026-05-31,87,6
25789,89,2026-05-31,164,12
25790,90,2026-05-31,91,1
25791,91,2026-05-31,70,2
25792,92,2026-05-31,146,10
25793,93,2026-05-31,95,2
25794,94,2026-05-31,89,5
25795,95,2026-05-31,168,10
25796,96,2026-05-31,60,2
25797,97,2026-05-31,88,6
25798,98,2026-05-31,112,3
25799,99,2026-05-31,89,6
25800,100,2026-05-31,81,5
25801,1,2026-06-01,208,8
25802,2,2026-06-01,189,10
25803,3,2026-06-01,241,12
25804,4,2026-06-01,329,22
25805,5,2026-06-01,326,18
25806,6,2026-06-01,342,21
25807,7,2026-06-01,401,23
25808,8,2026-06-01,328,19
25809,9,2026-06-01,256,16
25810,10,2026-06-01,174,10
25811,11,2026-06-01,254,11
25812,12,2026-06-01,230,16
25813,13,2026-06-01,193,11
25814,14,2026-06-01,217,13
25815,15,2026-06-01,193,12
25816,16,2026-06-01,289,18
25817,17,2026-06-01,278,15
25818,18,2026-06-01,236,16
25819,19,2026-06-01,219,15
25820,20,2026-06-01,157,4
25821,21,2026-06-01,164,13
25822,22,2026-06-01,286,17
25823,23,2026-06-01,181,9
25824,24,2026-06-01,235,12
25825,25,2026-06-01,179,10
25826,26,2026-06-01,277,18
25827,27,2026-06-01,214,16
25828,28,2026-06-01,253,14
25829,29,2026-06-01,267,16
25830,30,2026-06-01,237,15
25831,31,2026-06-01,162,9
25832,32,2026-06-01,227,15
25833,33,2026-06-01,209,10
25834,34,2026-06-01,136,9
25835,35,2026-06-01,165,9
25836,36,2026-06-01,313,22
25837,37,2026-06-01,258,17
25838,38,2026-06-01,216,14
25839,39,2026-06-01,212,16
25840,40,2026-06-01,177,9
25841,41,2026-06-01,194,15
25842,42,2026-06-01,285,19
25843,43,2026-06-01,190,11
25844,44,2026-06-01,135,4
25845,45,2026-06-01,249,14
25846,46,2026-06-01,242,15
25847,47,2026-06-01,215,15
25848,48,2026-06-01,181,9
25849,49,2026-06-01,214,14
25850,50,2026-06-01,245,13
25851,51,2026-06-01,246,14
25852,52,2026-06-01,186,10
25853,53,2026-06-01,162,8
25854,54,2026-06-01,174,6
25855,55,2026-06-01,222,11
25856,56,2026-06-01,253,12
25857,57,2026-06-01,147,14
25858,58,2026-06-01,268,17
25859,59,2026-06-01,217,13
25860,60,2026-06-01,225,13
25861,61,2026-06-01,252,14
25862,62,2026-06-01,199,10
25863,63,2026-06-01,333,19
25864,64,2026-06-01,179,15
25865,65,2026-06-01,312,19
25866,66,2026-06-01,202,10
25867,67,2026-06-01,286,22
25868,68,2026-06-01,105,10
25869,69,2026-06-01,238,15
25870,70,2026-06-01,122,8
25871,71,2026-06-01,226,13
25872,72,2026-06-01,315,14
25873,73,2026-06-01,269,14
25874,74,2026-06-01,153,5
25875,75,2026-06-01,236,13
25876,76,2026-06-01,198,9
25877,77,2026-06-01,135,5
25878,78,2026-06-01,307,18
25879,79,2026-06-01,166,9
25880,80,2026-06-01,370,16
25881,81,2026-06-01,215,13
25882,82,2026-06-01,203,11
25883,83,2026-06-01,284,17
25884,84,2026-06-01,271,16
25885,85,2026-06-01,235,12
25886,86,2026-06-01,169,8
25887,87,2026-06-01,208,10
25888,88,2026-06-01,356,22
25889,89,2026-06-01,378,20
25890,90,2026-06-01,222,11
25891,91,2026-06-01,224,11
25892,92,2026-06-01,571,34
25893,93,2026-06-01,284,17
25894,94,2026-06-01,209,15
25895,95,2026-06-01,274,18
25896,96,2026-06-01,159,8
25897,97,2026-06-01,216,12
25898,98,2026-06-01,259,12
25899,99,2026-06-01,213,14
25900,100,2026-06-01,257,21
25901,1,2026-06-02,180,12
25902,2,2026-06-02,173,12
25903,3,2026-06-02,217,11
25904,4,2026-06-02,284,15
25905,5,2026-06-02,261,14
25906,6,2026-06-02,265,16
25907,7,2026-06-02,331,17
25908,8,2026-06-02,262,15
25909,9,2026-06-02,204,14
25910,10,2026-06-02,145,7
25911,11,2026-06-02,204,13
25912,12,2026-06-02,224,10
25913,13,2026-06-02,162,8
25914,14,2026-06-02,205,13
25915,15,2026-06-02,177,9
25916,16,2026-06-02,266,18
25917,17,2026-06-02,276,16
25918,18,2026-06-02,218,14
25919,19,2026-06-02,214,12
25920,20,2026-06-02,122,7
25921,21,2026-06-02,159,7
25922,22,2026-06-02,220,12
25923,23,2026-06-02,138,6
25924,24,2026-06-02,222,14
25925,25,2026-06-02,163,8
25926,26,2026-06-02,225,10
25927,27,2026-06-02,159,7
25928,28,2026-06-02,231,11
25929,29,2026-06-02,214,11
25930,30,2026-06-02,206,11
25931,31,2026-06-02,169,11
25932,32,2026-06-02,201,7
25933,33,2026-06-02,166,12
25934,34,2026-06-02,109,6
25935,35,2026-06-02,156,9
25936,36,2026-06-02,283,16
25937,37,2026-06-02,232,15
25938,38,2026-06-02,196,11
25939,39,2026-06-02,193,12
25940,40,2026-06-02,151,12
25941,41,2026-06-02,164,10
25942,42,2026-06-02,261,15
25943,43,2026-06-02,173,10
25944,44,2026-06-02,127,10
25945,45,2026-06-02,183,8
25946,46,2026-06-02,205,12
25947,47,2026-06-02,190,8
25948,48,2026-06-02,169,11
25949,49,2026-06-02,155,7
25950,50,2026-06-02,221,13
25951,51,2026-06-02,198,11
25952,52,2026-06-02,175,10
25953,53,2026-06-02,135,4
25954,54,2026-06-02,160,13
25955,55,2026-06-02,162,8
25956,56,2026-06-02,218,13
25957,57,2026-06-02,122,9
25958,58,2026-06-02,241,15
25959,59,2026-06-02,181,11
25960,60,2026-06-02,166,10
25961,61,2026-06-02,205,14
25962,62,2026-06-02,197,13
25963,63,2026-06-02,253,15
25964,64,2026-06-02,145,8
25965,65,2026-06-02,225,16
25966,66,2026-06-02,175,7
25967,67,2026-06-02,242,13
25968,68,2026-06-02,90,8
25969,69,2026-06-02,246,14
25970,70,2026-06-02,115,8
25971,71,2026-06-02,208,12
25972,72,2026-06-02,263,16
25973,73,2026-06-02,214,14
25974,74,2026-06-02,162,7
25975,75,2026-06-02,230,15
25976,76,2026-06-02,199,12
25977,77,2026-06-02,109,7
25978,78,2026-06-02,275,17
25979,79,2026-06-02,149,9
25980,80,2026-06-02,315,18
25981,81,2026-06-02,188,9
25982,82,2026-06-02,182,8
25983,83,2026-06-02,226,13
25984,84,2026-06-02,213,12
25985,85,2026-06-02,234,15
25986,86,2026-06-02,152,8
25987,87,2026-06-02,162,11
25988,88,2026-06-02,341,18
25989,89,2026-06-02,332,19
25990,90,2026-06-02,180,10
25991,91,2026-06-02,169,7
25992,92,2026-06-02,470,26
25993,93,2026-06-02,251,15
25994,94,2026-06-02,202,11
25995,95,2026-06-02,288,13
25996,96,2026-06-02,146,5
25997,97,2026-06-02,206,13
25998,98,2026-06-02,245,15
25999,99,2026-06-02,192,9
26000,100,2026-06-02,226,13
26001,1,2026-06-03,162,7
26002,2,2026-06-03,202,11
26003,3,2026-06-03,228,11
26004,4,2026-06-03,296,18
26005,5,2026-06-03,250,14
26006,6,2026-06-03,298,17
26007,7,2026-06-03,343,16
26008,8,2026-06-03,278,16
26009,9,2026-06-03,196,11
26010,10,2026-06-03,153,9
26011,11,2026-06-03,204,14
26012,12,2026-06-03,255,17
26013,13,2026-06-03,150,7
26014,14,2026-06-03,220,12
26015,15,2026-06-03,177,11
26016,16,2026-06-03,278,17
26017,17,2026-06-03,279,17
26018,18,2026-06-03,179,8
26019,19,2026-06-03,187,12
26020,20,2026-06-03,133,8
26021,21,2026-06-03,142,9
26022,22,2026-06-03,247,17
26023,23,2026-06-03,142,11
26024,24,2026-06-03,241,15
26025,25,2026-06-03,149,13
26026,26,2026-06-03,280,16
26027,27,2026-06-03,185,13
26028,28,2026-06-03,148,7
26029,29,2026-06-03,232,14
26030,30,2026-06-03,170,8
26031,31,2026-06-03,167,10
26032,32,2026-06-03,175,10
26033,33,2026-06-03,143,8
26034,34,2026-06-03,118,7
26035,35,2026-06-03,150,12
26036,36,2026-06-03,323,22
26037,37,2026-06-03,240,15
26038,38,2026-06-03,182,10
26039,39,2026-06-03,203,13
26040,40,2026-06-03,179,12
26041,41,2026-06-03,149,10
26042,42,2026-06-03,262,15
26043,43,2026-06-03,173,11
26044,44,2026-06-03,99,7
26045,45,2026-06-03,219,13
26046,46,2026-06-03,213,10
26047,47,2026-06-03,192,12
26048,48,2026-06-03,165,10
26049,49,2026-06-03,167,13
26050,50,2026-06-03,198,13
26051,51,2026-06-03,229,9
26052,52,2026-06-03,252,15
26053,53,2026-06-03,150,10
26054,54,2026-06-03,172,13
26055,55,2026-06-03,165,8
26056,56,2026-06-03,219,11
26057,57,2026-06-03,129,7
26058,58,2026-06-03,189,13
26059,59,2026-06-03,184,9
26060,60,2026-06-03,184,10
26061,61,2026-06-03,187,15
26062,62,2026-06-03,171,10
26063,63,2026-06-03,272,19
26064,64,2026-06-03,161,10
26065,65,2026-06-03,254,13
26066,66,2026-06-03,181,7
26067,67,2026-06-03,225,13
26068,68,2026-06-03,108,5
26069,69,2026-06-03,247,13
26070,70,2026-06-03,94,7
26071,71,2026-06-03,249,17
26072,72,2026-06-03,232,15
26073,73,2026-06-03,216,14
26074,74,2026-06-03,161,10
26075,75,2026-06-03,226,10
26076,76,2026-06-03,180,11
26077,77,2026-06-03,112,8
26078,78,2026-06-03,178,9
26079,79,2026-06-03,126,10
26080,80,2026-06-03,288,18
26081,81,2026-06-03,179,12
26082,82,2026-06-03,202,15
26083,83,2026-06-03,242,14
26084,84,2026-06-03,223,14
26085,85,2026-06-03,214,12
26086,86,2026-06-03,147,8
26087,87,2026-06-03,180,13
26088,88,2026-06-03,307,13
26089,89,2026-06-03,344,21
26090,90,2026-06-03,184,9
26091,91,2026-06-03,190,11
26092,92,2026-06-03,484,30
26093,93,2026-06-03,237,15
26094,94,2026-06-03,182,8
26095,95,2026-06-03,269,11
26096,96,2026-06-03,139,8
26097,97,2026-06-03,198,16
26098,98,2026-06-03,213,13
26099,99,2026-06-03,179,12
26100,100,2026-06-03,239,13
26101,1,2026-06-04,174,6
26102,2,2026-06-04,167,12
26103,3,2026-06-04,200,12
26104,4,2026-06-04,274,11
26105,5,2026-06-04,186,14
26106,6,2026-06-04,245,12
26107,7,2026-06-04,297,16
26108,8,2026-06-04,253,12
26109,9,2026-06-04,193,8
26110,10,2026-06-04,129,8
26111,11,2026-06-04,232,14
26112,12,2026-06-04,176,11
26113,13,2026-06-04,153,10
26114,14,2026-06-04,173,12
26115,15,2026-06-04,162,12
26116,16,2026-06-04,197,12
26117,17,2026-06-04,243,15
26118,18,2026-06-04,176,7
26119,19,2026-06-04,192,10
26120,20,2026-06-04,106,9
26121,21,2026-06-04,112,6
26122,22,2026-06-04,208,11
26123,23,2026-06-04,119,4
26124,24,2026-06-04,211,12
26125,25,2026-06-04,136,11
26126,26,2026-06-04,230,11
26127,27,2026-06-04,155,7
26128,28,2026-06-04,127,6
26129,29,2026-06-04,217,14
26130,30,2026-06-04,170,14
26131,31,2026-06-04,147,10
26132,32,2026-06-04,170,12
26133,33,2026-06-04,165,14
26134,34,2026-06-04,105,2
26135,35,2026-06-04,141,8
26136,36,2026-06-04,297,15
26137,37,2026-06-04,228,13
26138,38,2026-06-04,150,8
26139,39,2026-06-04,158,10
26140,40,2026-06-04,141,8
26141,41,2026-06-04,124,6
26142,42,2026-06-04,199,12
26143,43,2026-06-04,157,10
26144,44,2026-06-04,110,4
26145,45,2026-06-04,199,10
26146,46,2026-06-04,179,7
26147,47,2026-06-04,171,9
26148,48,2026-06-04,124,8
26149,49,2026-06-04,148,9
26150,50,2026-06-04,196,13
26151,51,2026-06-04,171,11
26152,52,2026-06-04,246,15
26153,53,2026-06-04,123,5
26154,54,2026-06-04,140,7
26155,55,2026-06-04,171,11
26156,56,2026-06-04,208,16
26157,57,2026-06-04,125,6
26158,58,2026-06-04,199,11
26159,59,2026-06-04,152,8
26160,60,2026-06-04,164,6
26161,61,2026-06-04,177,9
26162,62,2026-06-04,165,12
26163,63,2026-06-04,273,15
26164,64,2026-06-04,152,6
26165,65,2026-06-04,209,10
26166,66,2026-06-04,151,9
26167,67,2026-06-04,201,12
26168,68,2026-06-04,79,3
26169,69,2026-06-04,206,11
26170,70,2026-06-04,95,5
26171,71,2026-06-04,199,11
26172,72,2026-06-04,249,15
26173,73,2026-06-04,202,14
26174,74,2026-06-04,155,11
26175,75,2026-06-04,164,9
26176,76,2026-06-04,150,9
26177,77,2026-06-04,92,2
26178,78,2026-06-04,145,5
26179,79,2026-06-04,138,8
26180,80,2026-06-04,236,13
26181,81,2026-06-04,153,11
26182,82,2026-06-04,155,8
26183,83,2026-06-04,200,12
26184,84,2026-06-04,170,7
26185,85,2026-06-04,203,16
26186,86,2026-06-04,135,9
26187,87,2026-06-04,153,8
26188,88,2026-06-04,290,17
26189,89,2026-06-04,287,16
26190,90,2026-06-04,199,13
26191,91,2026-06-04,141,12
26192,92,2026-06-04,416,25
26193,93,2026-06-04,224,10
26194,94,2026-06-04,168,11
26195,95,2026-06-04,209,13
26196,96,2026-06-04,142,7
26197,97,2026-06-04,178,6
26198,98,2026-06-04,184,13
26199,99,2026-06-04,137,6
26200,100,2026-06-04,198,16
26201,1,2026-06-05,158,11
26202,2,2026-06-05,160,5
26203,3,2026-06-05,194,13
26204,4,2026-06-05,256,15
26205,5,2026-06-05,227,17
26206,6,2026-06-05,246,13
26207,7,2026-06-05,298,16
26208,8,2026-06-05,268,17
26209,9,2026-06-05,196,12
26210,10,2026-06-05,151,9
26211,11,2026-06-05,187,9
26212,12,2026-06-05,221,9
26213,13,2026-06-05,129,4
26214,14,2026-06-05,177,10
26215,15,2026-06-05,175,5
26216,16,2026-06-05,201,11
26217,17,2026-06-05,227,14
26218,18,2026-06-05,183,9
26219,19,2026-06-05,163,9
26220,20,2026-06-05,103,11
26221,21,2026-06-05,123,7
26222,22,2026-06-05,209,12
26223,23,2026-06-05,117,5
26224,24,2026-06-05,200,10
26225,25,2026-06-05,152,11
26226,26,2026-06-05,218,12
26227,27,2026-06-05,151,8
26228,28,2026-06-05,129,9
26229,29,2026-06-05,180,9
26230,30,2026-06-05,170,8
26231,31,2026-06-05,158,7
26232,32,2026-06-05,151,6
26233,33,2026-06-05,145,8
26234,34,2026-06-05,107,4
26235,35,2026-06-05,119,10
26236,36,2026-06-05,251,15
26237,37,2026-06-05,214,14
26238,38,2026-06-05,161,12
26239,39,2026-06-05,168,8
26240,40,2026-06-05,141,4
26241,41,2026-06-05,142,8
26242,42,2026-06-05,205,11
26243,43,2026-06-05,163,11
26244,44,2026-06-05,107,4
26245,45,2026-06-05,177,9
26246,46,2026-06-05,181,12
26247,47,2026-06-05,176,6
26248,48,2026-06-05,137,11
26249,49,2026-06-05,170,11
26250,50,2026-06-05,157,8
26251,51,2026-06-05,206,10
26252,52,2026-06-05,228,12
26253,53,2026-06-05,129,10
26254,54,2026-06-05,148,4
26255,55,2026-06-05,145,8
26256,56,2026-06-05,197,13
26257,57,2026-06-05,114,9
26258,58,2026-06-05,187,13
26259,59,2026-06-05,161,10
26260,60,2026-06-05,160,9
26261,61,2026-06-05,178,14
26262,62,2026-06-05,160,11
26263,63,2026-06-05,267,20
26264,64,2026-06-05,157,10
26265,65,2026-06-05,204,14
26266,66,2026-06-05,143,9
26267,67,2026-06-05,236,16
26268,68,2026-06-05,77,1
26269,69,2026-06-05,197,15
26270,70,2026-06-05,106,4
26271,71,2026-06-05,155,6
26272,72,2026-06-05,213,14
26273,73,2026-06-05,213,15
26274,74,2026-06-05,155,9
26275,75,2026-06-05,174,10
26276,76,2026-06-05,145,6
26277,77,2026-06-05,95,6
26278,78,2026-06-05,148,8
26279,79,2026-06-05,137,7
26280,80,2026-06-05,236,11
26281,81,2026-06-05,153,6
26282,82,2026-06-05,163,11
26283,83,2026-06-05,221,11
26284,84,2026-06-05,183,13
26285,85,2026-06-05,197,11
26286,86,2026-06-05,120,7
26287,87,2026-06-05,142,10
26288,88,2026-06-05,287,14
26289,89,2026-06-05,256,17
26290,90,2026-06-05,175,8
26291,91,2026-06-05,166,13
26292,92,2026-06-05,368,21
26293,93,2026-06-05,203,11
26294,94,2026-06-05,169,9
26295,95,2026-06-05,226,12
26296,96,2026-06-05,136,9
26297,97,2026-06-05,194,8
26298,98,2026-06-05,200,13
26299,99,2026-06-05,166,10
26300,100,2026-06-05,181,12
26301,1,2026-06-06,137,10
26302,2,2026-06-06,171,7
26303,3,2026-06-06,257,14
26304,4,2026-06-06,261,15
26305,5,2026-06-06,235,15
26306,6,2026-06-06,260,17
26307,7,2026-06-06,334,18
26308,8,2026-06-06,262,15
26309,9,2026-06-06,181,9
26310,10,2026-06-06,133,12
26311,11,2026-06-06,203,15
26312,12,2026-06-06,206,13
26313,13,2026-06-06,135,8
26314,14,2026-06-06,175,11
26315,15,2026-06-06,152,9
26316,16,2026-06-06,178,11
26317,17,2026-06-06,253,12
26318,18,2026-06-06,186,9
26319,19,2026-06-06,150,6
26320,20,2026-06-06,106,6
26321,21,2026-06-06,115,5
26322,22,2026-06-06,213,13
26323,23,2026-06-06,143,10
26324,24,2026-06-06,209,15
26325,25,2026-06-06,143,9
26326,26,2026-06-06,211,12
26327,27,2026-06-06,170,9
26328,28,2026-06-06,113,9
26329,29,2026-06-06,183,10
26330,30,2026-06-06,179,9
26331,31,2026-06-06,136,9
26332,32,2026-06-06,166,7
26333,33,2026-06-06,157,5
26334,34,2026-06-06,107,6
26335,35,2026-06-06,108,5
26336,36,2026-06-06,247,10
26337,37,2026-06-06,239,15
26338,38,2026-06-06,130,7
26339,39,2026-06-06,144,3
26340,40,2026-06-06,132,10
26341,41,2026-06-06,160,8
26342,42,2026-06-06,195,12
26343,43,2026-06-06,140,4
26344,44,2026-06-06,112,10
26345,45,2026-06-06,219,15
26346,46,2026-06-06,199,10
26347,47,2026-06-06,167,12
26348,48,2026-06-06,140,10
26349,49,2026-06-06,158,10
26350,50,2026-06-06,182,11
26351,51,2026-06-06,188,6
26352,52,2026-06-06,223,13
26353,53,2026-06-06,113,6
26354,54,2026-06-06,117,7
26355,55,2026-06-06,163,8
26356,56,2026-06-06,212,12
26357,57,2026-06-06,118,7
26358,58,2026-06-06,178,10
26359,59,2026-06-06,178,10
26360,60,2026-06-06,153,6
26361,61,2026-06-06,197,12
26362,62,2026-06-06,151,6
26363,63,2026-06-06,277,15
26364,64,2026-06-06,169,12
26365,65,2026-06-06,186,14
26366,66,2026-06-06,161,11
26367,67,2026-06-06,188,9
26368,68,2026-06-06,88,8
26369,69,2026-06-06,214,10
26370,70,2026-06-06,93,6
26371,71,2026-06-06,184,8
26372,72,2026-06-06,188,13
26373,73,2026-06-06,173,7
26374,74,2026-06-06,151,8
26375,75,2026-06-06,179,12
26376,76,2026-06-06,188,10
26377,77,2026-06-06,92,6
26378,78,2026-06-06,158,9
26379,79,2026-06-06,113,8
26380,80,2026-06-06,242,14
26381,81,2026-06-06,165,9
26382,82,2026-06-06,157,8
26383,83,2026-06-06,204,9
26384,84,2026-06-06,194,7
26385,85,2026-06-06,200,14
26386,86,2026-06-06,138,8
26387,87,2026-06-06,163,10
26388,88,2026-06-06,280,14
26389,89,2026-06-06,487,28
26390,90,2026-06-06,188,12
26391,91,2026-06-06,131,8
26392,92,2026-06-06,392,20
26393,93,2026-06-06,226,14
26394,94,2026-06-06,175,11
26395,95,2026-06-06,235,13
26396,96,2026-06-06,136,8
26397,97,2026-06-06,175,9
26398,98,2026-06-06,206,10
26399,99,2026-06-06,174,8
26400,100,2026-06-06,188,8
26401,1,2026-06-07,83,7
26402,2,2026-06-07,89,4
26403,3,2026-06-07,94,8
26404,4,2026-06-07,140,7
26405,5,2026-06-07,156,7
26406,6,2026-06-07,152,9
26407,7,2026-06-07,149,6
26408,8,2026-06-07,144,7
26409,9,2026-06-07,101,5
26410,10,2026-06-07,87,6
26411,11,2026-06-07,134,7
26412,12,2026-06-07,134,5
26413,13,2026-06-07,94,5
26414,14,2026-06-07,76,7
26415,15,2026-06-07,89,2
26416,16,2026-06-07,111,7
26417,17,2026-06-07,126,8
26418,18,2026-06-07,103,4
26419,19,2026-06-07,65,6
26420,20,2026-06-07,69,4
26421,21,2026-06-07,65,3
26422,22,2026-06-07,117,7
26423,23,2026-06-07,76,4
26424,24,2026-06-07,130,9
26425,25,2026-06-07,82,6
26426,26,2026-06-07,127,6
26427,27,2026-06-07,81,5
26428,28,2026-06-07,77,4
26429,29,2026-06-07,119,9
26430,30,2026-06-07,108,4
26431,31,2026-06-07,73,5
26432,32,2026-06-07,102,7
26433,33,2026-06-07,73,0
26434,34,2026-06-07,69,2
26435,35,2026-06-07,69,4
26436,36,2026-06-07,134,6
26437,37,2026-06-07,119,6
26438,38,2026-06-07,98,3
26439,39,2026-06-07,87,3
26440,40,2026-06-07,74,6
26441,41,2026-06-07,90,5
26442,42,2026-06-07,136,10
26443,43,2026-06-07,75,6
26444,44,2026-06-07,59,0
26445,45,2026-06-07,111,7
26446,46,2026-06-07,96,7
26447,47,2026-06-07,104,7
26448,48,2026-06-07,46,3
26449,49,2026-06-07,82,8
26450,50,2026-06-07,123,8
26451,51,2026-06-07,113,7
26452,52,2026-06-07,139,3
26453,53,2026-06-07,80,4
26454,54,2026-06-07,87,5
26455,55,2026-06-07,101,6
26456,56,2026-06-07,110,6
26457,57,2026-06-07,85,3
26458,58,2026-06-07,117,10
26459,59,2026-06-07,67,7
26460,60,2026-06-07,130,7
26461,61,2026-06-07,123,7
26462,62,2026-06-07,79,5
26463,63,2026-06-07,147,8
26464,64,2026-06-07,56,3
26465,65,2026-06-07,88,3
26466,66,2026-06-07,77,4
26467,67,2026-06-07,123,8
26468,68,2026-06-07,53,4
26469,69,2026-06-07,137,6
26470,70,2026-06-07,52,1
26471,71,2026-06-07,104,3
26472,72,2026-06-07,155,9
26473,73,2026-06-07,99,7
26474,74,2026-06-07,84,4
26475,75,2026-06-07,123,7
26476,76,2026-06-07,89,5
26477,77,2026-06-07,53,0
26478,78,2026-06-07,96,5
26479,79,2026-06-07,73,3
26480,80,2026-06-07,162,6
26481,81,2026-06-07,96,5
26482,82,2026-06-07,86,0
26483,83,2026-06-07,91,4
26484,84,2026-06-07,90,5
26485,85,2026-06-07,94,9
26486,86,2026-06-07,86,5
26487,87,2026-06-07,79,7
26488,88,2026-06-07,141,5
26489,89,2026-06-07,213,11
26490,90,2026-06-07,102,4
26491,91,2026-06-07,96,6
26492,92,2026-06-07,208,10
26493,93,2026-06-07,91,8
26494,94,2026-06-07,93,3
26495,95,2026-06-07,107,5
26496,96,2026-06-07,76,3
26497,97,2026-06-07,98,7
26498,98,2026-06-07,56,1
26499,99,2026-06-07,124,7
26500,100,2026-06-07,134,10
26501,1,2026-06-08,177,8
26502,2,2026-06-08,200,11
26503,3,2026-06-08,294,18
26504,4,2026-06-08,300,17
26505,5,2026-06-08,264,20
26506,6,2026-06-08,316,18
26507,7,2026-06-08,397,20
26508,8,2026-06-08,308,19
26509,9,2026-06-08,268,16
26510,10,2026-06-08,181,11
26511,11,2026-06-08,259,19
26512,12,2026-06-08,266,13
26513,13,2026-06-08,188,8
26514,14,2026-06-08,259,13
26515,15,2026-06-08,209,12
26516,16,2026-06-08,318,18
26517,17,2026-06-08,289,16
26518,18,2026-06-08,245,15
26519,19,2026-06-08,208,13
26520,20,2026-06-08,150,9
26521,21,2026-06-08,154,10
26522,22,2026-06-08,263,15
26523,23,2026-06-08,162,10
26524,24,2026-06-08,275,19
26525,25,2026-06-08,166,10
26526,26,2026-06-08,288,15
26527,27,2026-06-08,169,11
26528,28,2026-06-08,150,9
26529,29,2026-06-08,240,13
26530,30,2026-06-08,206,14
26531,31,2026-06-08,178,10
26532,32,2026-06-08,183,11
26533,33,2026-06-08,185,10
26534,34,2026-06-08,145,8
26535,35,2026-06-08,166,11
26536,36,2026-06-08,345,20
26537,37,2026-06-08,279,16
26538,38,2026-06-08,225,17
26539,39,2026-06-08,197,12
26540,40,2026-06-08,188,9
26541,41,2026-06-08,173,11
26542,42,2026-06-08,273,15
26543,43,2026-06-08,184,7
26544,44,2026-06-08,144,6
26545,45,2026-06-08,249,11
26546,46,2026-06-08,268,18
26547,47,2026-06-08,183,11
26548,48,2026-06-08,182,11
26549,49,2026-06-08,192,12
26550,50,2026-06-08,277,15
26551,51,2026-06-08,239,11
26552,52,2026-06-08,323,17
26553,53,2026-06-08,167,11
26554,54,2026-06-08,188,11
26555,55,2026-06-08,217,12
26556,56,2026-06-08,279,17
26557,57,2026-06-08,145,10
26558,58,2026-06-08,240,11
26559,59,2026-06-08,219,14
26560,60,2026-06-08,226,15
26561,61,2026-06-08,226,16
26562,62,2026-06-08,218,10
26563,63,2026-06-08,343,16
26564,64,2026-06-08,190,9
26565,65,2026-06-08,260,15
26566,66,2026-06-08,207,10
26567,67,2026-06-08,294,20
26568,68,2026-06-08,117,9
26569,69,2026-06-08,255,17
26570,70,2026-06-08,137,8
26571,71,2026-06-08,229,12
26572,72,2026-06-08,302,19
26573,73,2026-06-08,267,17
26574,74,2026-06-08,177,12
26575,75,2026-06-08,236,13
26576,76,2026-06-08,192,11
26577,77,2026-06-08,151,9
26578,78,2026-06-08,189,8
26579,79,2026-06-08,165,9
26580,80,2026-06-08,343,23
26581,81,2026-06-08,185,12
26582,82,2026-06-08,205,12
26583,83,2026-06-08,247,14
26584,84,2026-06-08,242,13
26585,85,2026-06-08,265,16
26586,86,2026-06-08,180,10
26587,87,2026-06-08,208,16
26588,88,2026-06-08,212,14
26589,89,2026-06-08,613,37
26590,90,2026-06-08,223,12
26591,91,2026-06-08,209,15
26592,92,2026-06-08,566,33
26593,93,2026-06-08,259,17
26594,94,2026-06-08,240,12
26595,95,2026-06-08,286,19
26596,96,2026-06-08,174,11
26597,97,2026-06-08,218,12
26598,98,2026-06-08,255,15
26599,99,2026-06-08,198,14
26600,100,2026-06-08,250,16
26601,1,2026-06-09,173,10
26602,2,2026-06-09,180,12
26603,3,2026-06-09,217,11
26604,4,2026-06-09,296,19
26605,5,2026-06-09,237,17
26606,6,2026-06-09,271,16
26607,7,2026-06-09,298,16
26608,8,2026-06-09,298,15
26609,9,2026-06-09,209,11
26610,10,2026-06-09,176,9
26611,11,2026-06-09,224,12
26612,12,2026-06-09,248,16
26613,13,2026-06-09,157,12
26614,14,2026-06-09,221,14
26615,15,2026-06-09,181,11
26616,16,2026-06-09,270,16
26617,17,2026-06-09,266,16
26618,18,2026-06-09,174,6
26619,19,2026-06-09,174,8
26620,20,2026-06-09,117,3
26621,21,2026-06-09,157,11
26622,22,2026-06-09,214,12
26623,23,2026-06-09,158,7
26624,24,2026-06-09,228,15
26625,25,2026-06-09,130,6
26626,26,2026-06-09,245,14
26627,27,2026-06-09,169,8
26628,28,2026-06-09,139,6
26629,29,2026-06-09,228,12
26630,30,2026-06-09,207,15
26631,31,2026-06-09,166,4
26632,32,2026-06-09,171,7
26633,33,2026-06-09,170,9
26634,34,2026-06-09,117,9
26635,35,2026-06-09,145,8
26636,36,2026-06-09,335,20
26637,37,2026-06-09,227,14
26638,38,2026-06-09,206,13
26639,39,2026-06-09,167,7
26640,40,2026-06-09,145,4
26641,41,2026-06-09,153,9
26642,42,2026-06-09,227,14
26643,43,2026-06-09,207,14
26644,44,2026-06-09,123,3
26645,45,2026-06-09,196,12
26646,46,2026-06-09,195,12
26647,47,2026-06-09,190,15
26648,48,2026-06-09,154,9
26649,49,2026-06-09,152,9
26650,50,2026-06-09,209,14
26651,51,2026-06-09,190,11
26652,52,2026-06-09,152,9
26653,53,2026-06-09,144,4
26654,54,2026-06-09,158,8
26655,55,2026-06-09,181,12
26656,56,2026-06-09,240,12
26657,57,2026-06-09,157,10
26658,58,2026-06-09,222,15
26659,59,2026-06-09,181,11
26660,60,2026-06-09,174,8
26661,61,2026-06-09,221,14
26662,62,2026-06-09,189,10
26663,63,2026-06-09,264,16
26664,64,2026-06-09,159,7
26665,65,2026-06-09,226,12
26666,66,2026-06-09,192,11
26667,67,2026-06-09,231,14
26668,68,2026-06-09,90,1
26669,69,2026-06-09,248,9
26670,70,2026-06-09,116,10
26671,71,2026-06-09,242,13
26672,72,2026-06-09,287,16
26673,73,2026-06-09,213,11
26674,74,2026-06-09,154,5
26675,75,2026-06-09,188,12
26676,76,2026-06-09,163,8
26677,77,2026-06-09,121,9
26678,78,2026-06-09,171,10
26679,79,2026-06-09,163,8
26680,80,2026-06-09,287,15
26681,81,2026-06-09,313,18
26682,82,2026-06-09,178,14
26683,83,2026-06-09,224,11
26684,84,2026-06-09,195,11
26685,85,2026-06-09,236,12
26686,86,2026-06-09,173,11
26687,87,2026-06-09,183,11
26688,88,2026-06-09,201,10
26689,89,2026-06-09,489,32
26690,90,2026-06-09,205,11
26691,91,2026-06-09,171,6
26692,92,2026-06-09,371,19
26693,93,2026-06-09,228,11
26694,94,2026-06-09,190,12
26695,95,2026-06-09,249,15
26696,96,2026-06-09,158,8
26697,97,2026-06-09,201,9
26698,98,2026-06-09,187,11
26699,99,2026-06-09,183,8
26700,100,2026-06-09,233,13
26701,1,2026-06-10,172,11
26702,2,2026-06-10,180,12
26703,3,2026-06-10,188,14
26704,4,2026-06-10,338,21
26705,5,2026-06-10,245,17
26706,6,2026-06-10,287,17
26707,7,2026-06-10,377,22
26708,8,2026-06-10,279,15
26709,9,2026-06-10,209,11
26710,10,2026-06-10,147,6
26711,11,2026-06-10,196,10
26712,12,2026-06-10,241,13
26713,13,2026-06-10,170,11
26714,14,2026-06-10,236,12
26715,15,2026-06-10,203,8
26716,16,2026-06-10,248,15
26717,17,2026-06-10,252,18
26718,18,2026-06-10,192,11
26719,19,2026-06-10,183,14
26720,20,2026-06-10,122,8
26721,21,2026-06-10,150,11
26722,22,2026-06-10,217,11
26723,23,2026-06-10,155,8
26724,24,2026-06-10,232,14
26725,25,2026-06-10,167,11
26726,26,2026-06-10,264,14
26727,27,2026-06-10,191,6
26728,28,2026-06-10,153,11
26729,29,2026-06-10,220,14
26730,30,2026-06-10,188,10
26731,31,2026-06-10,146,7
26732,32,2026-06-10,191,12
26733,33,2026-06-10,148,12
26734,34,2026-06-10,120,6
26735,35,2026-06-10,138,10
26736,36,2026-06-10,296,18
26737,37,2026-06-10,214,16
26738,38,2026-06-10,178,13
26739,39,2026-06-10,180,9
26740,40,2026-06-10,156,11
26741,41,2026-06-10,173,10
26742,42,2026-06-10,238,13
26743,43,2026-06-10,213,13
26744,44,2026-06-10,128,6
26745,45,2026-06-10,213,14
26746,46,2026-06-10,203,17
26747,47,2026-06-10,205,12
26748,48,2026-06-10,150,11
26749,49,2026-06-10,160,10
26750,50,2026-06-10,229,11
26751,51,2026-06-10,269,17
26752,52,2026-06-10,155,8
26753,53,2026-06-10,124,9
26754,54,2026-06-10,143,9
26755,55,2026-06-10,174,7
26756,56,2026-06-10,213,10
26757,57,2026-06-10,132,6
26758,58,2026-06-10,199,8
26759,59,2026-06-10,181,10
26760,60,2026-06-10,178,8
26761,61,2026-06-10,204,8
26762,62,2026-06-10,195,11
26763,63,2026-06-10,269,17
26764,64,2026-06-10,156,11
26765,65,2026-06-10,271,17
26766,66,2026-06-10,178,15
26767,67,2026-06-10,219,12
26768,68,2026-06-10,88,9
26769,69,2026-06-10,235,16
26770,70,2026-06-10,119,7
26771,71,2026-06-10,205,12
26772,72,2026-06-10,273,16
26773,73,2026-06-10,240,18
26774,74,2026-06-10,174,11
26775,75,2026-06-10,216,13
26776,76,2026-06-10,197,10
26777,77,2026-06-10,120,5
26778,78,2026-06-10,179,13
26779,79,2026-06-10,146,11
26780,80,2026-06-10,317,18
26781,81,2026-06-10,298,16
26782,82,2026-06-10,197,14
26783,83,2026-06-10,236,13
26784,84,2026-06-10,209,12
26785,85,2026-06-10,201,12
26786,86,2026-06-10,166,9
26787,87,2026-06-10,166,11
26788,88,2026-06-10,181,9
26789,89,2026-06-10,525,31
26790,90,2026-06-10,221,14
26791,91,2026-06-10,190,7
26792,92,2026-06-10,460,25
26793,93,2026-06-10,233,11
26794,94,2026-06-10,207,14
26795,95,2026-06-10,253,14
26796,96,2026-06-10,172,8
26797,97,2026-06-10,183,13
26798,98,2026-06-10,221,10
26799,99,2026-06-10,176,15
26800,100,2026-06-10,244,19
26801,1,2026-06-11,162,10
26802,2,2026-06-11,162,9
26803,3,2026-06-11,226,13
26804,4,2026-06-11,254,14
26805,5,2026-06-11,232,14
26806,6,2026-06-11,255,16
26807,7,2026-06-11,285,12
26808,8,2026-06-11,273,15
26809,9,2026-06-11,211,12
26810,10,2026-06-11,131,5
26811,11,2026-06-11,184,11
26812,12,2026-06-11,203,13
26813,13,2026-06-11,155,10
26814,14,2026-06-11,171,5
26815,15,2026-06-11,156,7
26816,16,2026-06-11,217,14
26817,17,2026-06-11,372,19
26818,18,2026-06-11,180,10
26819,19,2026-06-11,145,12
26820,20,2026-06-11,114,5
26821,21,2026-06-11,133,7
26822,22,2026-06-11,217,10
26823,23,2026-06-11,142,6
26824,24,2026-06-11,185,12
26825,25,2026-06-11,133,7
26826,26,2026-06-11,223,11
26827,27,2026-06-11,169,13
26828,28,2026-06-11,133,9
26829,29,2026-06-11,169,9
26830,30,2026-06-11,173,11
26831,31,2026-06-11,144,10
26832,32,2026-06-11,148,9
26833,33,2026-06-11,139,6
26834,34,2026-06-11,92,5
26835,35,2026-06-11,109,3
26836,36,2026-06-11,291,16
26837,37,2026-06-11,207,10
26838,38,2026-06-11,149,10
26839,39,2026-06-11,155,7
26840,40,2026-06-11,158,4
26841,41,2026-06-11,143,10
26842,42,2026-06-11,209,13
26843,43,2026-06-11,146,7
26844,44,2026-06-11,102,8
26845,45,2026-06-11,205,7
26846,46,2026-06-11,189,11
26847,47,2026-06-11,160,10
26848,48,2026-06-11,127,7
26849,49,2026-06-11,154,10
26850,50,2026-06-11,174,11
26851,51,2026-06-11,175,11
26852,52,2026-06-11,149,9
26853,53,2026-06-11,110,5
26854,54,2026-06-11,128,4
26855,55,2026-06-11,150,7
26856,56,2026-06-11,208,14
26857,57,2026-06-11,115,8
26858,58,2026-06-11,187,13
26859,59,2026-06-11,170,9
26860,60,2026-06-11,157,13
26861,61,2026-06-11,197,14
26862,62,2026-06-11,173,13
26863,63,2026-06-11,267,12
26864,64,2026-06-11,150,8
26865,65,2026-06-11,250,16
26866,66,2026-06-11,141,7
26867,67,2026-06-11,212,11
26868,68,2026-06-11,86,3
26869,69,2026-06-11,216,13
26870,70,2026-06-11,100,2
26871,71,2026-06-11,193,11
26872,72,2026-06-11,214,16
26873,73,2026-06-11,219,12
26874,74,2026-06-11,154,9
26875,75,2026-06-11,158,11
26876,76,2026-06-11,163,11
26877,77,2026-06-11,111,5
26878,78,2026-06-11,138,10
26879,79,2026-06-11,113,2
26880,80,2026-06-11,250,13
26881,81,2026-06-11,283,18
26882,82,2026-06-11,171,10
26883,83,2026-06-11,221,15
26884,84,2026-06-11,197,10
26885,85,2026-06-11,193,13
26886,86,2026-06-11,161,7
26887,87,2026-06-11,153,10
26888,88,2026-06-11,162,8
26889,89,2026-06-11,200,11
26890,90,2026-06-11,170,9
26891,91,2026-06-11,167,12
26892,92,2026-06-11,320,16
26893,93,2026-06-11,208,14
26894,94,2026-06-11,171,10
26895,95,2026-06-11,202,9
26896,96,2026-06-11,147,8
26897,97,2026-06-11,193,12
26898,98,2026-06-11,198,16
26899,99,2026-06-11,158,11
26900,100,2026-06-11,190,10
26901,1,2026-06-12,155,11
26902,2,2026-06-12,169,10
26903,3,2026-06-12,216,15
26904,4,2026-06-12,259,15
26905,5,2026-06-12,201,12
26906,6,2026-06-12,263,14
26907,7,2026-06-12,319,18
26908,8,2026-06-12,249,18
26909,9,2026-06-12,313,18
26910,10,2026-06-12,149,8
26911,11,2026-06-12,193,12
26912,12,2026-06-12,205,8
26913,13,2026-06-12,144,6
26914,14,2026-06-12,189,10
26915,15,2026-06-12,162,6
26916,16,2026-06-12,240,12
26917,17,2026-06-12,353,18
26918,18,2026-06-12,196,10
26919,19,2026-06-12,122,7
26920,20,2026-06-12,111,5
26921,21,2026-06-12,118,9
26922,22,2026-06-12,161,5
26923,23,2026-06-12,128,5
26924,24,2026-06-12,223,13
26925,25,2026-06-12,145,7
26926,26,2026-06-12,240,15
26927,27,2026-06-12,180,7
26928,28,2026-06-12,131,9
26929,29,2026-06-12,225,8
26930,30,2026-06-12,167,11
26931,31,2026-06-12,120,7
26932,32,2026-06-12,157,10
26933,33,2026-06-12,158,7
26934,34,2026-06-12,114,5
26935,35,2026-06-12,121,6
26936,36,2026-06-12,322,14
26937,37,2026-06-12,245,15
26938,38,2026-06-12,152,10
26939,39,2026-06-12,162,6
26940,40,2026-06-12,143,7
26941,41,2026-06-12,121,5
26942,42,2026-06-12,209,9
26943,43,2026-06-12,183,9
26944,44,2026-06-12,95,6
26945,45,2026-06-12,192,11
26946,46,2026-06-12,190,10
26947,47,2026-06-12,177,7
26948,48,2026-06-12,130,7
26949,49,2026-06-12,137,10
26950,50,2026-06-12,200,10
26951,51,2026-06-12,182,7
26952,52,2026-06-12,151,8
26953,53,2026-06-12,140,9
26954,54,2026-06-12,145,6
26955,55,2026-06-12,135,8
26956,56,2026-06-12,199,10
26957,57,2026-06-12,137,6
26958,58,2026-06-12,200,11
26959,59,2026-06-12,155,9
26960,60,2026-06-12,152,12
26961,61,2026-06-12,179,13
26962,62,2026-06-12,169,12
26963,63,2026-06-12,234,14
26964,64,2026-06-12,142,8
26965,65,2026-06-12,198,11
26966,66,2026-06-12,148,11
26967,67,2026-06-12,194,17
26968,68,2026-06-12,77,7
26969,69,2026-06-12,183,8
26970,70,2026-06-12,100,5
26971,71,2026-06-12,191,14
26972,72,2026-06-12,238,9
26973,73,2026-06-12,195,12
26974,74,2026-06-12,162,15
26975,75,2026-06-12,175,9
26976,76,2026-06-12,157,9
26977,77,2026-06-12,107,5
26978,78,2026-06-12,153,8
26979,79,2026-06-12,128,8
26980,80,2026-06-12,256,18
26981,81,2026-06-12,153,6
26982,82,2026-06-12,184,9
26983,83,2026-06-12,185,15
26984,84,2026-06-12,200,7
26985,85,2026-06-12,191,11
26986,86,2026-06-12,130,7
26987,87,2026-06-12,141,7
26988,88,2026-06-12,154,8
26989,89,2026-06-12,263,16
26990,90,2026-06-12,173,11
26991,91,2026-06-12,156,9
26992,92,2026-06-12,319,21
26993,93,2026-06-12,195,13
26994,94,2026-06-12,176,9
26995,95,2026-06-12,222,10
26996,96,2026-06-12,143,9
26997,97,2026-06-12,143,10
26998,98,2026-06-12,180,10
26999,99,2026-06-12,153,8
27000,100,2026-06-12,196,12
27001,1,2026-06-13,164,6
27002,2,2026-06-13,173,10
27003,3,2026-06-13,189,10
27004,4,2026-06-13,238,14
27005,5,2026-06-13,233,14
27006,6,2026-06-13,242,16
27007,7,2026-06-13,278,14
27008,8,2026-06-13,244,17
27009,9,2026-06-13,313,18
27010,10,2026-06-13,147,9
27011,11,2026-06-13,193,12
27012,12,2026-06-13,230,14
27013,13,2026-06-13,159,10
27014,14,2026-06-13,204,14
27015,15,2026-06-13,177,9
27016,16,2026-06-13,199,10
27017,17,2026-06-13,381,19
27018,18,2026-06-13,166,9
27019,19,2026-06-13,182,9
27020,20,2026-06-13,118,6
27021,21,2026-06-13,130,3
27022,22,2026-06-13,187,14
27023,23,2026-06-13,122,3
27024,24,2026-06-13,193,14
27025,25,2026-06-13,162,7
27026,26,2026-06-13,231,10
27027,27,2026-06-13,166,8
27028,28,2026-06-13,120,5
27029,29,2026-06-13,181,11
27030,30,2026-06-13,138,9
27031,31,2026-06-13,131,11
27032,32,2026-06-13,188,9
27033,33,2026-06-13,149,7
27034,34,2026-06-13,108,5
27035,35,2026-06-13,113,2
27036,36,2026-06-13,257,18
27037,37,2026-06-13,227,12
27038,38,2026-06-13,164,8
27039,39,2026-06-13,149,8
27040,40,2026-06-13,127,8
27041,41,2026-06-13,160,8
27042,42,2026-06-13,233,15
27043,43,2026-06-13,141,8
27044,44,2026-06-13,107,3
27045,45,2026-06-13,183,9
27046,46,2026-06-13,172,12
27047,47,2026-06-13,167,10
27048,48,2026-06-13,133,9
27049,49,2026-06-13,163,10
27050,50,2026-06-13,212,9
27051,51,2026-06-13,195,11
27052,52,2026-06-13,133,5
27053,53,2026-06-13,128,5
27054,54,2026-06-13,127,7
27055,55,2026-06-13,173,10
27056,56,2026-06-13,187,7
27057,57,2026-06-13,128,6
27058,58,2026-06-13,166,9
27059,59,2026-06-13,144,8
27060,60,2026-06-13,169,10
27061,61,2026-06-13,193,13
27062,62,2026-06-13,176,13
27063,63,2026-06-13,267,14
27064,64,2026-06-13,133,5
27065,65,2026-06-13,207,13
27066,66,2026-06-13,141,7
27067,67,2026-06-13,206,9
27068,68,2026-06-13,83,2
27069,69,2026-06-13,202,8
27070,70,2026-06-13,106,10
27071,71,2026-06-13,185,10
27072,72,2026-06-13,212,10
27073,73,2026-06-13,193,10
27074,74,2026-06-13,156,11
27075,75,2026-06-13,174,8
27076,76,2026-06-13,162,9
27077,77,2026-06-13,96,4
27078,78,2026-06-13,144,9
27079,79,2026-06-13,134,10
27080,80,2026-06-13,267,14
27081,81,2026-06-13,138,10
27082,82,2026-06-13,155,13
27083,83,2026-06-13,215,12
27084,84,2026-06-13,197,14
27085,85,2026-06-13,180,11
27086,86,2026-06-13,128,7
27087,87,2026-06-13,158,9
27088,88,2026-06-13,169,13
27089,89,2026-06-13,250,12
27090,90,2026-06-13,184,10
27091,91,2026-06-13,158,11
27092,92,2026-06-13,444,27
27093,93,2026-06-13,204,9
27094,94,2026-06-13,142,9
27095,95,2026-06-13,214,13
27096,96,2026-06-13,133,4
27097,97,2026-06-13,163,10
27098,98,2026-06-13,187,14
27099,99,2026-06-13,161,7
27100,100,2026-06-13,205,10
27101,1,2026-06-14,86,3
27102,2,2026-06-14,107,7
27103,3,2026-06-14,109,7
27104,4,2026-06-14,119,6
27105,5,2026-06-14,99,4
27106,6,2026-06-14,162,11
27107,7,2026-06-14,145,5
27108,8,2026-06-14,135,7
27109,9,2026-06-14,200,16
27110,10,2026-06-14,88,3
27111,11,2026-06-14,90,6
27112,12,2026-06-14,132,3
27113,13,2026-06-14,80,4
27114,14,2026-06-14,95,5
27115,15,2026-06-14,84,2
27116,16,2026-06-14,90,0
27117,17,2026-06-14,212,14
27118,18,2026-06-14,82,5
27119,19,2026-06-14,120,8
27120,20,2026-06-14,74,4
27121,21,2026-06-14,74,3
27122,22,2026-06-14,131,6
27123,23,2026-06-14,70,5
27124,24,2026-06-14,135,9
27125,25,2026-06-14,82,3
27126,26,2026-06-14,114,4
27127,27,2026-06-14,67,5
27128,28,2026-06-14,75,3
27129,29,2026-06-14,77,1
27130,30,2026-06-14,63,3
27131,31,2026-06-14,90,5
27132,32,2026-06-14,112,7
27133,33,2026-06-14,68,4
27134,34,2026-06-14,49,5
27135,35,2026-06-14,63,7
27136,36,2026-06-14,129,7
27137,37,2026-06-14,107,6
27138,38,2026-06-14,116,4
27139,39,2026-06-14,116,6
27140,40,2026-06-14,45,0
27141,41,2026-06-14,77,3
27142,42,2026-06-14,144,11
27143,43,2026-06-14,88,4
27144,44,2026-06-14,54,0
27145,45,2026-06-14,85,4
27146,46,2026-06-14,99,5
27147,47,2026-06-14,97,4
27148,48,2026-06-14,84,4
27149,49,2026-06-14,75,4
27150,50,2026-06-14,91,3
27151,51,2026-06-14,128,7
27152,52,2026-06-14,98,4
27153,53,2026-06-14,55,1
27154,54,2026-06-14,59,4
27155,55,2026-06-14,105,6
27156,56,2026-06-14,97,8
27157,57,2026-06-14,65,4
27158,58,2026-06-14,88,4
27159,59,2026-06-14,102,6
27160,60,2026-06-14,137,8
27161,61,2026-06-14,115,9
27162,62,2026-06-14,70,4
27163,63,2026-06-14,118,8
27164,64,2026-06-14,94,7
27165,65,2026-06-14,94,6
27166,66,2026-06-14,81,6
27167,67,2026-06-14,82,7
27168,68,2026-06-14,56,3
27169,69,2026-06-14,144,7
27170,70,2026-06-14,58,6
27171,71,2026-06-14,103,3
27172,72,2026-06-14,127,11
27173,73,2026-06-14,117,9
27174,74,2026-06-14,68,2
27175,75,2026-06-14,150,11
27176,76,2026-06-14,80,5
27177,77,2026-06-14,65,3
27178,78,2026-06-14,76,8
27179,79,2026-06-14,65,4
27180,80,2026-06-14,153,8
27181,81,2026-06-14,101,6
27182,82,2026-06-14,112,7
27183,83,2026-06-14,154,7
27184,84,2026-06-14,113,5
27185,85,2026-06-14,116,8
27186,86,2026-06-14,72,6
27187,87,2026-06-14,108,2
27188,88,2026-06-14,96,5
27189,89,2026-06-14,131,6
27190,90,2026-06-14,100,7
27191,91,2026-06-14,103,6
27192,92,2026-06-14,172,10
27193,93,2026-06-14,110,6
27194,94,2026-06-14,91,7
27195,95,2026-06-14,103,3
27196,96,2026-06-14,92,3
27197,97,2026-06-14,104,7
27198,98,2026-06-14,93,8
27199,99,2026-06-14,100,6
27200,100,2026-06-14,102,7
27201,1,2026-06-15,193,15
27202,2,2026-06-15,233,11
27203,3,2026-06-15,234,15
27204,4,2026-06-15,316,17
27205,5,2026-06-15,267,15
27206,6,2026-06-15,338,13
27207,7,2026-06-15,435,26
27208,8,2026-06-15,327,17
27209,9,2026-06-15,388,25
27210,10,2026-06-15,182,10
27211,11,2026-06-15,252,14
27212,12,2026-06-15,287,16
27213,13,2026-06-15,183,15
27214,14,2026-06-15,230,13
27215,15,2026-06-15,221,10
27216,16,2026-06-15,292,17
27217,17,2026-06-15,470,31
27218,18,2026-06-15,245,14
27219,19,2026-06-15,208,13
27220,20,2026-06-15,151,7
27221,21,2026-06-15,179,8
27222,22,2026-06-15,270,12
27223,23,2026-06-15,157,7
27224,24,2026-06-15,305,21
27225,25,2026-06-15,178,12
27226,26,2026-06-15,332,17
27227,27,2026-06-15,187,12
27228,28,2026-06-15,166,10
27229,29,2026-06-15,262,15
27230,30,2026-06-15,229,12
27231,31,2026-06-15,207,15
27232,32,2026-06-15,195,10
27233,33,2026-06-15,187,13
27234,34,2026-06-15,129,7
27235,35,2026-06-15,147,12
27236,36,2026-06-15,350,20
27237,37,2026-06-15,241,15
27238,38,2026-06-15,208,12
27239,39,2026-06-15,233,14
27240,40,2026-06-15,189,13
27241,41,2026-06-15,197,11
27242,42,2026-06-15,268,18
27243,43,2026-06-15,237,15
27244,44,2026-06-15,135,6
27245,45,2026-06-15,236,10
27246,46,2026-06-15,226,12
27247,47,2026-06-15,218,17
27248,48,2026-06-15,163,9
27249,49,2026-06-15,204,10
27250,50,2026-06-15,247,10
27251,51,2026-06-15,261,18
27252,52,2026-06-15,190,11
27253,53,2026-06-15,180,10
27254,54,2026-06-15,176,10
27255,55,2026-06-15,200,12
27256,56,2026-06-15,271,17
27257,57,2026-06-15,153,7
27258,58,2026-06-15,258,15
27259,59,2026-06-15,217,16
27260,60,2026-06-15,213,14
27261,61,2026-06-15,238,16
27262,62,2026-06-15,241,11
27263,63,2026-06-15,311,19
27264,64,2026-06-15,193,14
27265,65,2026-06-15,300,19
27266,66,2026-06-15,187,11
27267,67,2026-06-15,289,13
27268,68,2026-06-15,107,5
27269,69,2026-06-15,250,13
27270,70,2026-06-15,125,6
27271,71,2026-06-15,215,13
27272,72,2026-06-15,304,19
27273,73,2026-06-15,256,12
27274,74,2026-06-15,219,18
27275,75,2026-06-15,247,15
27276,76,2026-06-15,188,11
27277,77,2026-06-15,146,6
27278,78,2026-06-15,189,13
27279,79,2026-06-15,160,12
27280,80,2026-06-15,348,24
27281,81,2026-06-15,249,16
27282,82,2026-06-15,210,12
27283,83,2026-06-15,243,14
27284,84,2026-06-15,234,10
27285,85,2026-06-15,240,12
27286,86,2026-06-15,173,9
27287,87,2026-06-15,211,14
27288,88,2026-06-15,224,16
27289,89,2026-06-15,377,24
27290,90,2026-06-15,365,19
27291,91,2026-06-15,200,12
27292,92,2026-06-15,502,29
27293,93,2026-06-15,278,16
27294,94,2026-06-15,226,13
27295,95,2026-06-15,293,16
27296,96,2026-06-15,177,12
27297,97,2026-06-15,216,13
27298,98,2026-06-15,231,15
27299,99,2026-06-15,224,11
27300,100,2026-06-15,273,18
27301,1,2026-06-16,166,8
27302,2,2026-06-16,177,10
27303,3,2026-06-16,200,12
27304,4,2026-06-16,300,20
27305,5,2026-06-16,261,14
27306,6,2026-06-16,277,19
27307,7,2026-06-16,314,21
27308,8,2026-06-16,281,17
27309,9,2026-06-16,234,12
27310,10,2026-06-16,158,6
27311,11,2026-06-16,201,11
27312,12,2026-06-16,223,14
27313,13,2026-06-16,147,15
27314,14,2026-06-16,239,13
27315,15,2026-06-16,156,10
27316,16,2026-06-16,259,13
27317,17,2026-06-16,262,14
27318,18,2026-06-16,206,11
27319,19,2026-06-16,183,13
27320,20,2026-06-16,117,5
27321,21,2026-06-16,130,10
27322,22,2026-06-16,223,12
27323,23,2026-06-16,158,11
27324,24,2026-06-16,236,12
27325,25,2026-06-16,145,8
27326,26,2026-06-16,297,22
27327,27,2026-06-16,165,9
27328,28,2026-06-16,138,9
27329,29,2026-06-16,203,11
27330,30,2026-06-16,163,8
27331,31,2026-06-16,157,8
27332,32,2026-06-16,200,8
27333,33,2026-06-16,153,8
27334,34,2026-06-16,189,15
27335,35,2026-06-16,132,7
27336,36,2026-06-16,283,17
27337,37,2026-06-16,243,13
27338,38,2026-06-16,187,11
27339,39,2026-06-16,202,13
27340,40,2026-06-16,144,10
27341,41,2026-06-16,185,13
27342,42,2026-06-16,230,14
27343,43,2026-06-16,191,12
27344,44,2026-06-16,112,4
27345,45,2026-06-16,192,16
27346,46,2026-06-16,208,12
27347,47,2026-06-16,217,14
27348,48,2026-06-16,161,8
27349,49,2026-06-16,192,11
27350,50,2026-06-16,239,12
27351,51,2026-06-16,226,13
27352,52,2026-06-16,162,6
27353,53,2026-06-16,136,4
27354,54,2026-06-16,161,11
27355,55,2026-06-16,183,12
27356,56,2026-06-16,247,13
27357,57,2026-06-16,148,8
27358,58,2026-06-16,221,14
27359,59,2026-06-16,190,12
27360,60,2026-06-16,203,12
27361,61,2026-06-16,209,12
27362,62,2026-06-16,197,12
27363,63,2026-06-16,294,18
27364,64,2026-06-16,152,10
27365,65,2026-06-16,206,15
27366,66,2026-06-16,166,7
27367,67,2026-06-16,257,17
27368,68,2026-06-16,117,6
27369,69,2026-06-16,222,11
27370,70,2026-06-16,110,8
27371,71,2026-06-16,220,14
27372,72,2026-06-16,264,14
27373,73,2026-06-16,218,13
27374,74,2026-06-16,169,8
27375,75,2026-06-16,216,14
27376,76,2026-06-16,177,12
27377,77,2026-06-16,106,5
27378,78,2026-06-16,176,8
27379,79,2026-06-16,140,7
27380,80,2026-06-16,316,21
27381,81,2026-06-16,158,9
27382,82,2026-06-16,180,11
27383,83,2026-06-16,232,17
27384,84,2026-06-16,242,16
27385,85,2026-06-16,211,13
27386,86,2026-06-16,148,9
27387,87,2026-06-16,169,9
27388,88,2026-06-16,187,12
27389,89,2026-06-16,319,17
27390,90,2026-06-16,307,15
27391,91,2026-06-16,197,12
27392,92,2026-06-16,417,22
27393,93,2026-06-16,214,12
27394,94,2026-06-16,194,10
27395,95,2026-06-16,236,14
27396,96,2026-06-16,148,9
27397,97,2026-06-16,205,13
27398,98,2026-06-16,232,13
27399,99,2026-06-16,202,10
27400,100,2026-06-16,216,13
27401,1,2026-06-17,175,7
27402,2,2026-06-17,178,14
27403,3,2026-06-17,245,14
27404,4,2026-06-17,274,12
27405,5,2026-06-17,299,19
27406,6,2026-06-17,293,16
27407,7,2026-06-17,354,20
27408,8,2026-06-17,298,19
27409,9,2026-06-17,206,12
27410,10,2026-06-17,151,8
27411,11,2026-06-17,191,12
27412,12,2026-06-17,239,15
27413,13,2026-06-17,159,11
27414,14,2026-06-17,209,10
27415,15,2026-06-17,177,8
27416,16,2026-06-17,253,13
27417,17,2026-06-17,266,18
27418,18,2026-06-17,202,14
27419,19,2026-06-17,210,14
27420,20,2026-06-17,134,6
27421,21,2026-06-17,147,6
27422,22,2026-06-17,220,13
27423,23,2026-06-17,143,8
27424,24,2026-06-17,223,15
27425,25,2026-06-17,146,12
27426,26,2026-06-17,280,20
27427,27,2026-06-17,155,10
27428,28,2026-06-17,141,6
27429,29,2026-06-17,222,10
27430,30,2026-06-17,173,13
27431,31,2026-06-17,172,7
27432,32,2026-06-17,173,10
27433,33,2026-06-17,164,7
27434,34,2026-06-17,187,12
27435,35,2026-06-17,135,9
27436,36,2026-06-17,274,16
27437,37,2026-06-17,236,18
27438,38,2026-06-17,172,10
27439,39,2026-06-17,160,7
27440,40,2026-06-17,167,9
27441,41,2026-06-17,155,11
27442,42,2026-06-17,209,10
27443,43,2026-06-17,174,10
27444,44,2026-06-17,121,4
27445,45,2026-06-17,208,13
27446,46,2026-06-17,208,15
27447,47,2026-06-17,198,12
27448,48,2026-06-17,162,12
27449,49,2026-06-17,168,13
27450,50,2026-06-17,205,12
27451,51,2026-06-17,191,12
27452,52,2026-06-17,163,8
27453,53,2026-06-17,147,9
27454,54,2026-06-17,151,7
27455,55,2026-06-17,174,10
27456,56,2026-06-17,245,16
27457,57,2026-06-17,125,9
27458,58,2026-06-17,218,13
27459,59,2026-06-17,196,12
27460,60,2026-06-17,200,10
27461,61,2026-06-17,197,11
27462,62,2026-06-17,216,11
27463,63,2026-06-17,286,18
27464,64,2026-06-17,169,8
27465,65,2026-06-17,237,14
27466,66,2026-06-17,164,9
27467,67,2026-06-17,226,16
27468,68,2026-06-17,109,4
27469,69,2026-06-17,233,14
27470,70,2026-06-17,104,10
27471,71,2026-06-17,222,14
27472,72,2026-06-17,282,16
27473,73,2026-06-17,249,15
27474,74,2026-06-17,183,9
27475,75,2026-06-17,214,11
27476,76,2026-06-17,213,12
27477,77,2026-06-17,101,6
27478,78,2026-06-17,180,13
27479,79,2026-06-17,145,8
27480,80,2026-06-17,370,19
27481,81,2026-06-17,180,12
27482,82,2026-06-17,189,11
27483,83,2026-06-17,240,8
27484,84,2026-06-17,223,13
27485,85,2026-06-17,224,13
27486,86,2026-06-17,165,9
27487,87,2026-06-17,171,12
27488,88,2026-06-17,183,12
27489,89,2026-06-17,291,19
27490,90,2026-06-17,347,19
27491,91,2026-06-17,173,12
27492,92,2026-06-17,456,24
27493,93,2026-06-17,252,14
27494,94,2026-06-17,203,13
27495,95,2026-06-17,234,14
27496,96,2026-06-17,167,8
27497,97,2026-06-17,185,9
27498,98,2026-06-17,219,14
27499,99,2026-06-17,178,14
27500,100,2026-06-17,211,13
27501,1,2026-06-18,147,10
27502,2,2026-06-18,135,7
27503,3,2026-06-18,184,8
27504,4,2026-06-18,273,15
27505,5,2026-06-18,224,10
27506,6,2026-06-18,235,16
27507,7,2026-06-18,267,16
27508,8,2026-06-18,260,17
27509,9,2026-06-18,185,10
27510,10,2026-06-18,134,4
27511,11,2026-06-18,162,10
27512,12,2026-06-18,207,10
27513,13,2026-06-18,147,5
27514,14,2026-06-18,173,13
27515,15,2026-06-18,156,8
27516,16,2026-06-18,205,11
27517,17,2026-06-18,242,13
27518,18,2026-06-18,193,12
27519,19,2026-06-18,154,7
27520,20,2026-06-18,114,7
27521,21,2026-06-18,145,9
27522,22,2026-06-18,242,11
27523,23,2026-06-18,140,8
27524,24,2026-06-18,213,14
27525,25,2026-06-18,132,5
27526,26,2026-06-18,248,9
27527,27,2026-06-18,176,13
27528,28,2026-06-18,116,7
27529,29,2026-06-18,160,8
27530,30,2026-06-18,157,7
27531,31,2026-06-18,135,5
27532,32,2026-06-18,155,9
27533,33,2026-06-18,161,7
27534,34,2026-06-18,176,7
27535,35,2026-06-18,133,7
27536,36,2026-06-18,262,18
27537,37,2026-06-18,187,11
27538,38,2026-06-18,156,7
27539,39,2026-06-18,148,11
27540,40,2026-06-18,125,5
27541,41,2026-06-18,153,8
27542,42,2026-06-18,197,11
27543,43,2026-06-18,163,12
27544,44,2026-06-18,177,9
27545,45,2026-06-18,162,7
27546,46,2026-06-18,181,8
27547,47,2026-06-18,200,13
27548,48,2026-06-18,135,5
27549,49,2026-06-18,168,8
27550,50,2026-06-18,197,12
27551,51,2026-06-18,181,7
27552,52,2026-06-18,144,8
27553,53,2026-06-18,117,4
27554,54,2026-06-18,126,5
27555,55,2026-06-18,159,7
27556,56,2026-06-18,170,9
27557,57,2026-06-18,99,4
27558,58,2026-06-18,194,14
27559,59,2026-06-18,153,8
27560,60,2026-06-18,149,10
27561,61,2026-06-18,160,9
27562,62,2026-06-18,183,12
27563,63,2026-06-18,227,12
27564,64,2026-06-18,140,4
27565,65,2026-06-18,225,13
27566,66,2026-06-18,144,6
27567,67,2026-06-18,169,10
27568,68,2026-06-18,85,0
27569,69,2026-06-18,198,12
27570,70,2026-06-18,91,7
27571,71,2026-06-18,198,13
27572,72,2026-06-18,201,13
27573,73,2026-06-18,199,11
27574,74,2026-06-18,187,13
27575,75,2026-06-18,184,8
27576,76,2026-06-18,171,13
27577,77,2026-06-18,82,4
27578,78,2026-06-18,137,12
27579,79,2026-06-18,144,8
27580,80,2026-06-18,218,10
27581,81,2026-06-18,171,7
27582,82,2026-06-18,136,4
27583,83,2026-06-18,191,14
27584,84,2026-06-18,164,11
27585,85,2026-06-18,187,11
27586,86,2026-06-18,139,7
27587,87,2026-06-18,156,7
27588,88,2026-06-18,178,10
27589,89,2026-06-18,236,12
27590,90,2026-06-18,305,19
27591,91,2026-06-18,175,8
27592,92,2026-06-18,367,21
27593,93,2026-06-18,220,10
27594,94,2026-06-18,156,9
27595,95,2026-06-18,190,10
27596,96,2026-06-18,132,7
27597,97,2026-06-18,182,14
27598,98,2026-06-18,191,12
27599,99,2026-06-18,140,11
27600,100,2026-06-18,217,15
27601,1,2026-06-19,153,7
27602,2,2026-06-19,200,12
27603,3,2026-06-19,232,12
27604,4,2026-06-19,273,13
27605,5,2026-06-19,209,12
27606,6,2026-06-19,236,13
27607,7,2026-06-19,334,19
27608,8,2026-06-19,287,21
27609,9,2026-06-19,172,9
27610,10,2026-06-19,130,8
27611,11,2026-06-19,198,12
27612,12,2026-06-19,206,11
27613,13,2026-06-19,131,7
27614,14,2026-06-19,165,8
27615,15,2026-06-19,166,8
27616,16,2026-06-19,212,13
27617,17,2026-06-19,226,17
27618,18,2026-06-19,177,9
27619,19,2026-06-19,132,4
27620,20,2026-06-19,103,5
27621,21,2026-06-19,109,1
27622,22,2026-06-19,179,10
27623,23,2026-06-19,128,7
27624,24,2026-06-19,208,10
27625,25,2026-06-19,130,9
27626,26,2026-06-19,214,14
27627,27,2026-06-19,167,12
27628,28,2026-06-19,118,6
27629,29,2026-06-19,203,7
27630,30,2026-06-19,147,9
27631,31,2026-06-19,144,11
27632,32,2026-06-19,163,9
27633,33,2026-06-19,159,10
27634,34,2026-06-19,173,7
27635,35,2026-06-19,125,10
27636,36,2026-06-19,249,14
27637,37,2026-06-19,204,9
27638,38,2026-06-19,161,5
27639,39,2026-06-19,152,8
27640,40,2026-06-19,134,6
27641,41,2026-06-19,156,11
27642,42,2026-06-19,187,7
27643,43,2026-06-19,146,8
27644,44,2026-06-19,180,10
27645,45,2026-06-19,197,9
27646,46,2026-06-19,178,7
27647,47,2026-06-19,173,9
27648,48,2026-06-19,141,7
27649,49,2026-06-19,136,6
27650,50,2026-06-19,200,10
27651,51,2026-06-19,202,16
27652,52,2026-06-19,143,10
27653,53,2026-06-19,108,4
27654,54,2026-06-19,136,4
27655,55,2026-06-19,148,7
27656,56,2026-06-19,224,17
27657,57,2026-06-19,119,7
27658,58,2026-06-19,189,13
27659,59,2026-06-19,166,12
27660,60,2026-06-19,152,13
27661,61,2026-06-19,189,13
27662,62,2026-06-19,159,14
27663,63,2026-06-19,235,16
27664,64,2026-06-19,149,7
27665,65,2026-06-19,226,14
27666,66,2026-06-19,162,9
27667,67,2026-06-19,208,14
27668,68,2026-06-19,91,4
27669,69,2026-06-19,190,8
27670,70,2026-06-19,90,4
27671,71,2026-06-19,196,9
27672,72,2026-06-19,238,12
27673,73,2026-06-19,192,12
27674,74,2026-06-19,157,9
27675,75,2026-06-19,177,10
27676,76,2026-06-19,163,6
27677,77,2026-06-19,87,2
27678,78,2026-06-19,134,11
27679,79,2026-06-19,126,7
27680,80,2026-06-19,257,16
27681,81,2026-06-19,167,10
27682,82,2026-06-19,174,12
27683,83,2026-06-19,203,10
27684,84,2026-06-19,167,13
27685,85,2026-06-19,192,14
27686,86,2026-06-19,130,9
27687,87,2026-06-19,159,8
27688,88,2026-06-19,168,9
27689,89,2026-06-19,240,14
27690,90,2026-06-19,300,20
27691,91,2026-06-19,156,13
27692,92,2026-06-19,402,27
27693,93,2026-06-19,200,10
27694,94,2026-06-19,149,9
27695,95,2026-06-19,205,12
27696,96,2026-06-19,126,8
27697,97,2026-06-19,155,8
27698,98,2026-06-19,196,14
27699,99,2026-06-19,157,7
27700,100,2026-06-19,190,12
27701,1,2026-06-20,172,10
27702,2,2026-06-20,193,11
27703,3,2026-06-20,210,9
27704,4,2026-06-20,279,19
27705,5,2026-06-20,250,14
27706,6,2026-06-20,228,15
27707,7,2026-06-20,273,17
27708,8,2026-06-20,272,18
27709,9,2026-06-20,221,12
27710,10,2026-06-20,137,8
27711,11,2026-06-20,186,9
27712,12,2026-06-20,210,15
27713,13,2026-06-20,145,7
27714,14,2026-06-20,179,9
27715,15,2026-06-20,165,12
27716,16,2026-06-20,210,12
27717,17,2026-06-20,264,19
27718,18,2026-06-20,191,9
27719,19,2026-06-20,166,10
27720,20,2026-06-20,98,5
27721,21,2026-06-20,128,4
27722,22,2026-06-20,199,7
27723,23,2026-06-20,122,8
27724,24,2026-06-20,188,11
27725,25,2026-06-20,142,11
27726,26,2026-06-20,243,11
27727,27,2026-06-20,162,7
27728,28,2026-06-20,143,5
27729,29,2026-06-20,187,8
27730,30,2026-06-20,142,6
27731,31,2026-06-20,143,8
27732,32,2026-06-20,164,8
27733,33,2026-06-20,142,6
27734,34,2026-06-20,182,7
27735,35,2026-06-20,124,5
27736,36,2026-06-20,262,11
27737,37,2026-06-20,183,14
27738,38,2026-06-20,179,11
27739,39,2026-06-20,156,11
27740,40,2026-06-20,111,7
27741,41,2026-06-20,136,6
27742,42,2026-06-20,202,8
27743,43,2026-06-20,163,7
27744,44,2026-06-20,188,12
27745,45,2026-06-20,164,10
27746,46,2026-06-20,188,9
27747,47,2026-06-20,154,11
27748,48,2026-06-20,128,9
27749,49,2026-06-20,160,11
27750,50,2026-06-20,171,10
27751,51,2026-06-20,193,9
27752,52,2026-06-20,138,4
27753,53,2026-06-20,116,4
27754,54,2026-06-20,142,5
27755,55,2026-06-20,177,6
27756,56,2026-06-20,164,13
27757,57,2026-06-20,115,6
27758,58,2026-06-20,182,10
27759,59,2026-06-20,157,9
27760,60,2026-06-20,157,9
27761,61,2026-06-20,177,10
27762,62,2026-06-20,149,9
27763,63,2026-06-20,232,13
27764,64,2026-06-20,146,9
27765,65,2026-06-20,211,13
27766,66,2026-06-20,140,10
27767,67,2026-06-20,213,13
27768,68,2026-06-20,92,5
27769,69,2026-06-20,215,16
27770,70,2026-06-20,89,4
27771,71,2026-06-20,175,9
27772,72,2026-06-20,201,10
27773,73,2026-06-20,193,13
27774,74,2026-06-20,163,11
27775,75,2026-06-20,193,14
27776,76,2026-06-20,158,10
27777,77,2026-06-20,110,4
27778,78,2026-06-20,155,7
27779,79,2026-06-20,131,9
27780,80,2026-06-20,262,15
27781,81,2026-06-20,175,9
27782,82,2026-06-20,172,7
27783,83,2026-06-20,341,22
27784,84,2026-06-20,196,5
27785,85,2026-06-20,172,11
27786,86,2026-06-20,134,8
27787,87,2026-06-20,146,10
27788,88,2026-06-20,183,10
27789,89,2026-06-20,271,17
27790,90,2026-06-20,275,15
27791,91,2026-06-20,150,9
27792,92,2026-06-20,428,26
27793,93,2026-06-20,216,10
27794,94,2026-06-20,193,12
27795,95,2026-06-20,234,9
27796,96,2026-06-20,127,7
27797,97,2026-06-20,172,11
27798,98,2026-06-20,180,9
27799,99,2026-06-20,153,11
27800,100,2026-06-20,167,4
27801,1,2026-06-21,97,3
27802,2,2026-06-21,105,3
27803,3,2026-06-21,91,4
27804,4,2026-06-21,142,7
27805,5,2026-06-21,114,7
27806,6,2026-06-21,158,10
27807,7,2026-06-21,227,16
27808,8,2026-06-21,144,9
27809,9,2026-06-21,125,7
27810,10,2026-06-21,68,7
27811,11,2026-06-21,109,4
27812,12,2026-06-21,116,5
27813,13,2026-06-21,73,3
27814,14,2026-06-21,91,6
27815,15,2026-06-21,116,5
27816,16,2026-06-21,114,6
27817,17,2026-06-21,120,8
27818,18,2026-06-21,92,2
27819,19,2026-06-21,87,2
27820,20,2026-06-21,73,3
27821,21,2026-06-21,53,3
27822,22,2026-06-21,99,5
27823,23,2026-06-21,98,3
27824,24,2026-06-21,120,4
27825,25,2026-06-21,73,3
27826,26,2026-06-21,122,5
27827,27,2026-06-21,65,2
27828,28,2026-06-21,91,4
27829,29,2026-06-21,123,9
27830,30,2026-06-21,116,7
27831,31,2026-06-21,57,1
27832,32,2026-06-21,108,8
27833,33,2026-06-21,75,1
27834,34,2026-06-21,100,7
27835,35,2026-06-21,75,7
27836,36,2026-06-21,154,7
27837,37,2026-06-21,101,3
27838,38,2026-06-21,90,3
27839,39,2026-06-21,89,6
27840,40,2026-06-21,97,4
27841,41,2026-06-21,107,6
27842,42,2026-06-21,114,4
27843,43,2026-06-21,103,7
27844,44,2026-06-21,89,10
27845,45,2026-06-21,86,6
27846,46,2026-06-21,123,7
27847,47,2026-06-21,120,6
27848,48,2026-06-21,78,6
27849,49,2026-06-21,74,5
27850,50,2026-06-21,124,6
27851,51,2026-06-21,136,12
27852,52,2026-06-21,71,5
27853,53,2026-06-21,81,5
27854,54,2026-06-21,94,3
27855,55,2026-06-21,100,9
27856,56,2026-06-21,135,7
27857,57,2026-06-21,55,1
27858,58,2026-06-21,84,1
27859,59,2026-06-21,101,3
27860,60,2026-06-21,89,4
27861,61,2026-06-21,103,6
27862,62,2026-06-21,89,5
27863,63,2026-06-21,132,8
27864,64,2026-06-21,98,5
27865,65,2026-06-21,142,10
27866,66,2026-06-21,85,8
27867,67,2026-06-21,120,4
27868,68,2026-06-21,52,1
27869,69,2026-06-21,103,5
27870,70,2026-06-21,59,4
27871,71,2026-06-21,105,6
27872,72,2026-06-21,127,6
27873,73,2026-06-21,112,11
27874,74,2026-06-21,80,8
27875,75,2026-06-21,101,6
27876,76,2026-06-21,100,2
27877,77,2026-06-21,63,2
27878,78,2026-06-21,80,3
27879,79,2026-06-21,64,2
27880,80,2026-06-21,148,9
27881,81,2026-06-21,83,5
27882,82,2026-06-21,98,5
27883,83,2026-06-21,224,14
27884,84,2026-06-21,131,7
27885,85,2026-06-21,139,9
27886,86,2026-06-21,85,8
27887,87,2026-06-21,92,8
27888,88,2026-06-21,90,7
27889,89,2026-06-21,179,9
27890,90,2026-06-21,111,4
27891,91,2026-06-21,96,6
27892,92,2026-06-21,255,18
27893,93,2026-06-21,106,10
27894,94,2026-06-21,110,3
27895,95,2026-06-21,130,6
27896,96,2026-06-21,79,3
27897,97,2026-06-21,117,6
27898,98,2026-06-21,91,4
27899,99,2026-06-21,112,7
27900,100,2026-06-21,114,5
27901,1,2026-06-22,211,12
27902,2,2026-06-22,203,14
27903,3,2026-06-22,260,15
27904,4,2026-06-22,364,25
27905,5,2026-06-22,291,19
27906,6,2026-06-22,531,33
27907,7,2026-06-22,397,22
27908,8,2026-06-22,306,20
27909,9,2026-06-22,250,14
27910,10,2026-06-22,179,9
27911,11,2026-06-22,235,11
27912,12,2026-06-22,260,15
27913,13,2026-06-22,179,13
27914,14,2026-06-22,265,14
27915,15,2026-06-22,210,16
27916,16,2026-06-22,289,18
27917,17,2026-06-22,303,18
27918,18,2026-06-22,227,14
27919,19,2026-06-22,197,14
27920,20,2026-06-22,142,5
27921,21,2026-06-22,177,9
27922,22,2026-06-22,297,17
27923,23,2026-06-22,148,5
27924,24,2026-06-22,262,18
27925,25,2026-06-22,176,10
27926,26,2026-06-22,289,15
27927,27,2026-06-22,192,10
27928,28,2026-06-22,169,9
27929,29,2026-06-22,258,14
27930,30,2026-06-22,227,11
27931,31,2026-06-22,178,8
27932,32,2026-06-22,215,12
27933,33,2026-06-22,182,10
27934,34,2026-06-22,118,6
27935,35,2026-06-22,155,11
27936,36,2026-06-22,342,18
27937,37,2026-06-22,275,18
27938,38,2026-06-22,199,11
27939,39,2026-06-22,212,10
27940,40,2026-06-22,173,11
27941,41,2026-06-22,173,8
27942,42,2026-06-22,290,21
27943,43,2026-06-22,220,12
27944,44,2026-06-22,239,13
27945,45,2026-06-22,235,12
27946,46,2026-06-22,228,12
27947,47,2026-06-22,208,13
27948,48,2026-06-22,174,11
27949,49,2026-06-22,210,13
27950,50,2026-06-22,225,11
27951,51,2026-06-22,241,14
27952,52,2026-06-22,196,14
27953,53,2026-06-22,152,10
27954,54,2026-06-22,191,13
27955,55,2026-06-22,211,11
27956,56,2026-06-22,258,11
27957,57,2026-06-22,158,10
27958,58,2026-06-22,237,15
27959,59,2026-06-22,213,12
27960,60,2026-06-22,224,13
27961,61,2026-06-22,250,14
27962,62,2026-06-22,213,16
27963,63,2026-06-22,308,16
27964,64,2026-06-22,168,10
27965,65,2026-06-22,277,17
27966,66,2026-06-22,214,7
27967,67,2026-06-22,282,18
27968,68,2026-06-22,124,6
27969,69,2026-06-22,251,11
27970,70,2026-06-22,132,3
27971,71,2026-06-22,288,17
27972,72,2026-06-22,284,16
27973,73,2026-06-22,258,15
27974,74,2026-06-22,222,15
27975,75,2026-06-22,230,16
27976,76,2026-06-22,212,11
27977,77,2026-06-22,128,8
27978,78,2026-06-22,185,8
27979,79,2026-06-22,166,9
27980,80,2026-06-22,325,22
27981,81,2026-06-22,193,8
27982,82,2026-06-22,221,12
27983,83,2026-06-22,412,21
27984,84,2026-06-22,238,13
27985,85,2026-06-22,248,11
27986,86,2026-06-22,178,11
27987,87,2026-06-22,195,12
27988,88,2026-06-22,234,14
27989,89,2026-06-22,360,18
27990,90,2026-06-22,244,15
27991,91,2026-06-22,215,10
27992,92,2026-06-22,517,31
27993,93,2026-06-22,285,17
27994,94,2026-06-22,224,12
27995,95,2026-06-22,276,18
27996,96,2026-06-22,171,12
27997,97,2026-06-22,216,16
27998,98,2026-06-22,258,11
27999,99,2026-06-22,216,17
28000,100,2026-06-22,258,16
28001,1,2026-06-23,174,7
28002,2,2026-06-23,187,9
28003,3,2026-06-23,204,10
28004,4,2026-06-23,330,16
28005,5,2026-06-23,270,15
28006,6,2026-06-23,485,30
28007,7,2026-06-23,339,20
28008,8,2026-06-23,255,16
28009,9,2026-06-23,199,14
28010,10,2026-06-23,155,9
28011,11,2026-06-23,195,10
28012,12,2026-06-23,248,13
28013,13,2026-06-23,149,8
28014,14,2026-06-23,240,12
28015,15,2026-06-23,193,11
28016,16,2026-06-23,269,17
28017,17,2026-06-23,259,18
28018,18,2026-06-23,157,7
28019,19,2026-06-23,178,12
28020,20,2026-06-23,129,12
28021,21,2026-06-23,153,11
28022,22,2026-06-23,208,11
28023,23,2026-06-23,143,11
28024,24,2026-06-23,245,18
28025,25,2026-06-23,151,7
28026,26,2026-06-23,274,15
28027,27,2026-06-23,206,8
28028,28,2026-06-23,115,5
28029,29,2026-06-23,228,14
28030,30,2026-06-23,187,8
28031,31,2026-06-23,162,11
28032,32,2026-06-23,160,8
28033,33,2026-06-23,162,8
28034,34,2026-06-23,111,5
28035,35,2026-06-23,129,6
28036,36,2026-06-23,305,17
28037,37,2026-06-23,251,17
28038,38,2026-06-23,205,13
28039,39,2026-06-23,187,11
28040,40,2026-06-23,139,8
28041,41,2026-06-23,168,11
28042,42,2026-06-23,246,13
28043,43,2026-06-23,196,11
28044,44,2026-06-23,185,8
28045,45,2026-06-23,189,14
28046,46,2026-06-23,219,13
28047,47,2026-06-23,175,10
28048,48,2026-06-23,138,4
28049,49,2026-06-23,177,13
28050,50,2026-06-23,216,12
28051,51,2026-06-23,240,14
28052,52,2026-06-23,174,12
28053,53,2026-06-23,138,6
28054,54,2026-06-23,155,8
28055,55,2026-06-23,195,14
28056,56,2026-06-23,253,13
28057,57,2026-06-23,138,6
28058,58,2026-06-23,216,14
28059,59,2026-06-23,186,11
28060,60,2026-06-23,179,11
28061,61,2026-06-23,232,12
28062,62,2026-06-23,181,9
28063,63,2026-06-23,289,14
28064,64,2026-06-23,155,5
28065,65,2026-06-23,266,18
28066,66,2026-06-23,149,8
28067,67,2026-06-23,262,17
28068,68,2026-06-23,110,5
28069,69,2026-06-23,216,14
28070,70,2026-06-23,115,11
28071,71,2026-06-23,190,11
28072,72,2026-06-23,286,16
28073,73,2026-06-23,228,10
28074,74,2026-06-23,162,9
28075,75,2026-06-23,226,13
28076,76,2026-06-23,176,12
28077,77,2026-06-23,123,4
28078,78,2026-06-23,169,8
28079,79,2026-06-23,158,9
28080,80,2026-06-23,305,20
28081,81,2026-06-23,186,14
28082,82,2026-06-23,196,11
28083,83,2026-06-23,390,22
28084,84,2026-06-23,214,10
28085,85,2026-06-23,233,15
28086,86,2026-06-23,165,9
28087,87,2026-06-23,145,11
28088,88,2026-06-23,196,11
28089,89,2026-06-23,318,16
28090,90,2026-06-23,189,12
28091,91,2026-06-23,196,10
28092,92,2026-06-23,473,25
28093,93,2026-06-23,241,15
28094,94,2026-06-23,190,10
28095,95,2026-06-23,225,15
28096,96,2026-06-23,146,9
28097,97,2026-06-23,194,9
28098,98,2026-06-23,198,10
28099,99,2026-06-23,175,11
28100,100,2026-06-23,210,16
28101,1,2026-06-24,172,9
28102,2,2026-06-24,201,12
28103,3,2026-06-24,214,8
28104,4,2026-06-24,269,15
28105,5,2026-06-24,276,18
28106,6,2026-06-24,470,29
28107,7,2026-06-24,371,23
28108,8,2026-06-24,261,12
28109,9,2026-06-24,191,11
28110,10,2026-06-24,156,9
28111,11,2026-06-24,202,12
28112,12,2026-06-24,245,12
28113,13,2026-06-24,154,6
28114,14,2026-06-24,199,11
28115,15,2026-06-24,190,13
28116,16,2026-06-24,228,14
28117,17,2026-06-24,258,15
28118,18,2026-06-24,217,14
28119,19,2026-06-24,186,11
28120,20,2026-06-24,134,7
28121,21,2026-06-24,148,7
28122,22,2026-06-24,176,10
28123,23,2026-06-24,155,10
28124,24,2026-06-24,233,14
28125,25,2026-06-24,163,9
28126,26,2026-06-24,244,11
28127,27,2026-06-24,167,7
28128,28,2026-06-24,131,12
28129,29,2026-06-24,193,11
28130,30,2026-06-24,186,9
28131,31,2026-06-24,179,8
28132,32,2026-06-24,201,12
28133,33,2026-06-24,150,7
28134,34,2026-06-24,122,10
28135,35,2026-06-24,131,7
28136,36,2026-06-24,299,19
28137,37,2026-06-24,229,15
28138,38,2026-06-24,209,14
28139,39,2026-06-24,183,11
28140,40,2026-06-24,145,7
28141,41,2026-06-24,163,9
28142,42,2026-06-24,240,13
28143,43,2026-06-24,299,17
28144,44,2026-06-24,97,5
28145,45,2026-06-24,192,10
28146,46,2026-06-24,176,8
28147,47,2026-06-24,219,11
28148,48,2026-06-24,170,11
28149,49,2026-06-24,163,8
28150,50,2026-06-24,234,13
28151,51,2026-06-24,255,18
28152,52,2026-06-24,177,10
28153,53,2026-06-24,113,3
28154,54,2026-06-24,156,6
28155,55,2026-06-24,187,10
28156,56,2026-06-24,228,13
28157,57,2026-06-24,136,9
28158,58,2026-06-24,220,15
28159,59,2026-06-24,168,10
28160,60,2026-06-24,162,7
28161,61,2026-06-24,235,14
28162,62,2026-06-24,200,11
28163,63,2026-06-24,233,17
28164,64,2026-06-24,180,6
28165,65,2026-06-24,257,14
28166,66,2026-06-24,145,8
28167,67,2026-06-24,211,12
28168,68,2026-06-24,101,4
28169,69,2026-06-24,259,11
28170,70,2026-06-24,122,8
28171,71,2026-06-24,223,15
28172,72,2026-06-24,415,22
28173,73,2026-06-24,249,15
28174,74,2026-06-24,183,10
28175,75,2026-06-24,197,9
28176,76,2026-06-24,170,9
28177,77,2026-06-24,114,9
28178,78,2026-06-24,191,11
28179,79,2026-06-24,136,7
28180,80,2026-06-24,293,17
28181,81,2026-06-24,189,13
28182,82,2026-06-24,163,8
28183,83,2026-06-24,388,23
28184,84,2026-06-24,201,12
28185,85,2026-06-24,197,11
28186,86,2026-06-24,147,12
28187,87,2026-06-24,163,9
28188,88,2026-06-24,193,13
28189,89,2026-06-24,295,16
28190,90,2026-06-24,190,12
28191,91,2026-06-24,179,10
28192,92,2026-06-24,467,27
28193,93,2026-06-24,236,15
28194,94,2026-06-24,201,11
28195,95,2026-06-24,252,14
28196,96,2026-06-24,157,9
28197,97,2026-06-24,187,13
28198,98,2026-06-24,218,15
28199,99,2026-06-24,193,7
28200,100,2026-06-24,238,13
28201,1,2026-06-25,134,5
28202,2,2026-06-25,181,13
28203,3,2026-06-25,183,9
28204,4,2026-06-25,212,15
28205,5,2026-06-25,230,14
28206,6,2026-06-25,380,26
28207,7,2026-06-25,304,19
28208,8,2026-06-25,270,16
28209,9,2026-06-25,201,10
28210,10,2026-06-25,139,8
28211,11,2026-06-25,154,6
28212,12,2026-06-25,229,14
28213,13,2026-06-25,158,6
28214,14,2026-06-25,183,6
28215,15,2026-06-25,156,6
28216,16,2026-06-25,209,14
28217,17,2026-06-25,265,16
28218,18,2026-06-25,174,9
28219,19,2026-06-25,180,9
28220,20,2026-06-25,111,6
28221,21,2026-06-25,124,9
28222,22,2026-06-25,193,13
28223,23,2026-06-25,128,8
28224,24,2026-06-25,230,16
28225,25,2026-06-25,146,8
28226,26,2026-06-25,222,12
28227,27,2026-06-25,149,13
28228,28,2026-06-25,120,5
28229,29,2026-06-25,186,10
28230,30,2026-06-25,155,11
28231,31,2026-06-25,148,8
28232,32,2026-06-25,181,10
28233,33,2026-06-25,152,9
28234,34,2026-06-25,107,5
28235,35,2026-06-25,124,9
28236,36,2026-06-25,263,15
28237,37,2026-06-25,185,11
28238,38,2026-06-25,168,8
28239,39,2026-06-25,166,5
28240,40,2026-06-25,121,12
28241,41,2026-06-25,139,10
28242,42,2026-06-25,194,9
28243,43,2026-06-25,298,15
28244,44,2026-06-25,107,5
28245,45,2026-06-25,171,11
28246,46,2026-06-25,190,11
28247,47,2026-06-25,193,14
28248,48,2026-06-25,125,4
28249,49,2026-06-25,131,7
28250,50,2026-06-25,208,12
28251,51,2026-06-25,188,7
28252,52,2026-06-25,135,9
28253,53,2026-06-25,120,8
28254,54,2026-06-25,118,4
28255,55,2026-06-25,143,10
28256,56,2026-06-25,192,11
28257,57,2026-06-25,123,10
28258,58,2026-06-25,192,8
28259,59,2026-06-25,167,9
28260,60,2026-06-25,134,5
28261,61,2026-06-25,185,11
28262,62,2026-06-25,153,9
28263,63,2026-06-25,259,16
28264,64,2026-06-25,145,9
28265,65,2026-06-25,203,10
28266,66,2026-06-25,143,9
28267,67,2026-06-25,216,15
28268,68,2026-06-25,92,6
28269,69,2026-06-25,204,13
28270,70,2026-06-25,111,8
28271,71,2026-06-25,174,7
28272,72,2026-06-25,382,23
28273,73,2026-06-25,176,10
28274,74,2026-06-25,137,7
28275,75,2026-06-25,148,8
28276,76,2026-06-25,161,9
28277,77,2026-06-25,96,7
28278,78,2026-06-25,166,7
28279,79,2026-06-25,129,11
28280,80,2026-06-25,273,16
28281,81,2026-06-25,142,8
28282,82,2026-06-25,161,8
28283,83,2026-06-25,341,21
28284,84,2026-06-25,180,11
28285,85,2026-06-25,219,14
28286,86,2026-06-25,125,9
28287,87,2026-06-25,167,9
28288,88,2026-06-25,161,10
28289,89,2026-06-25,301,17
28290,90,2026-06-25,198,13
28291,91,2026-06-25,130,6
28292,92,2026-06-25,386,23
28293,93,2026-06-25,205,10
28294,94,2026-06-25,165,11
28295,95,2026-06-25,200,13
28296,96,2026-06-25,111,8
28297,97,2026-06-25,159,11
28298,98,2026-06-25,168,12
28299,99,2026-06-25,156,8
28300,100,2026-06-25,183,12
28301,1,2026-06-26,152,11
28302,2,2026-06-26,192,13
28303,3,2026-06-26,198,9
28304,4,2026-06-26,265,13
28305,5,2026-06-26,203,10
28306,6,2026-06-26,246,13
28307,7,2026-06-26,327,18
28308,8,2026-06-26,244,15
28309,9,2026-06-26,163,7
28310,10,2026-06-26,122,6
28311,11,2026-06-26,186,10
28312,12,2026-06-26,182,10
28313,13,2026-06-26,144,8
28314,14,2026-06-26,193,16
28315,15,2026-06-26,159,8
28316,16,2026-06-26,228,11
28317,17,2026-06-26,243,15
28318,18,2026-06-26,176,12
28319,19,2026-06-26,154,9
28320,20,2026-06-26,107,6
28321,21,2026-06-26,143,5
28322,22,2026-06-26,193,8
28323,23,2026-06-26,123,3
28324,24,2026-06-26,183,9
28325,25,2026-06-26,128,6
28326,26,2026-06-26,239,13
28327,27,2026-06-26,172,7
28328,28,2026-06-26,131,10
28329,29,2026-06-26,188,14
28330,30,2026-06-26,150,9
28331,31,2026-06-26,149,12
28332,32,2026-06-26,153,8
28333,33,2026-06-26,153,4
28334,34,2026-06-26,103,7
28335,35,2026-06-26,132,9
28336,36,2026-06-26,241,16
28337,37,2026-06-26,193,9
28338,38,2026-06-26,177,9
28339,39,2026-06-26,171,9
28340,40,2026-06-26,147,12
28341,41,2026-06-26,133,7
28342,42,2026-06-26,210,12
28343,43,2026-06-26,263,16
28344,44,2026-06-26,105,6
28345,45,2026-06-26,205,11
28346,46,2026-06-26,149,7
28347,47,2026-06-26,155,10
28348,48,2026-06-26,133,11
28349,49,2026-06-26,149,8
28350,50,2026-06-26,180,10
28351,51,2026-06-26,200,11
28352,52,2026-06-26,151,11
28353,53,2026-06-26,142,8
28354,54,2026-06-26,128,6
28355,55,2026-06-26,165,10
28356,56,2026-06-26,205,11
28357,57,2026-06-26,111,7
28358,58,2026-06-26,194,9
28359,59,2026-06-26,174,12
28360,60,2026-06-26,169,10
28361,61,2026-06-26,194,14
28362,62,2026-06-26,153,8
28363,63,2026-06-26,252,13
28364,64,2026-06-26,159,10
28365,65,2026-06-26,230,15
28366,66,2026-06-26,181,14
28367,67,2026-06-26,194,12
28368,68,2026-06-26,89,7
28369,69,2026-06-26,207,13
28370,70,2026-06-26,98,6
28371,71,2026-06-26,192,14
28372,72,2026-06-26,355,21
28373,73,2026-06-26,202,12
28374,74,2026-06-26,143,10
28375,75,2026-06-26,173,12
28376,76,2026-06-26,162,12
28377,77,2026-06-26,101,6
28378,78,2026-06-26,141,10
28379,79,2026-06-26,147,11
28380,80,2026-06-26,256,15
28381,81,2026-06-26,170,9
28382,82,2026-06-26,153,9
28383,83,2026-06-26,189,6
28384,84,2026-06-26,190,12
28385,85,2026-06-26,185,11
28386,86,2026-06-26,146,11
28387,87,2026-06-26,138,4
28388,88,2026-06-26,147,8
28389,89,2026-06-26,272,14
28390,90,2026-06-26,155,6
28391,91,2026-06-26,127,9
28392,92,2026-06-26,395,23
28393,93,2026-06-26,185,12
28394,94,2026-06-26,183,11
28395,95,2026-06-26,203,12
28396,96,2026-06-26,125,10
28397,97,2026-06-26,176,13
28398,98,2026-06-26,205,13
28399,99,2026-06-26,169,10
28400,100,2026-06-26,181,10
28401,1,2026-06-27,173,9
28402,2,2026-06-27,168,9
28403,3,2026-06-27,222,10
28404,4,2026-06-27,302,14
28405,5,2026-06-27,218,12
28406,6,2026-06-27,271,17
28407,7,2026-06-27,330,20
28408,8,2026-06-27,259,16
28409,9,2026-06-27,196,10
28410,10,2026-06-27,145,6
28411,11,2026-06-27,181,10
28412,12,2026-06-27,185,12
28413,13,2026-06-27,136,8
28414,14,2026-06-27,171,6
28415,15,2026-06-27,147,6
28416,16,2026-06-27,207,13
28417,17,2026-06-27,245,15
28418,18,2026-06-27,163,7
28419,19,2026-06-27,167,12
28420,20,2026-06-27,121,6
28421,21,2026-06-27,136,6
28422,22,2026-06-27,211,15
28423,23,2026-06-27,130,8
28424,24,2026-06-27,214,14
28425,25,2026-06-27,132,7
28426,26,2026-06-27,184,9
28427,27,2026-06-27,152,9
28428,28,2026-06-27,116,6
28429,29,2026-06-27,175,6
28430,30,2026-06-27,167,11
28431,31,2026-06-27,170,13
28432,32,2026-06-27,190,10
28433,33,2026-06-27,156,5
28434,34,2026-06-27,108,2
28435,35,2026-06-27,127,9
28436,36,2026-06-27,255,15
28437,37,2026-06-27,214,16
28438,38,2026-06-27,144,9
28439,39,2026-06-27,157,8
28440,40,2026-06-27,147,10
28441,41,2026-06-27,145,11
28442,42,2026-06-27,218,10
28443,43,2026-06-27,167,12
28444,44,2026-06-27,101,7
28445,45,2026-06-27,167,10
28446,46,2026-06-27,183,10
28447,47,2026-06-27,196,13
28448,48,2026-06-27,147,7
28449,49,2026-06-27,154,13
28450,50,2026-06-27,187,8
28451,51,2026-06-27,194,9
28452,52,2026-06-27,123,5
28453,53,2026-06-27,145,9
28454,54,2026-06-27,143,6
28455,55,2026-06-27,172,8
28456,56,2026-06-27,198,10
28457,57,2026-06-27,117,9
28458,58,2026-06-27,189,11
28459,59,2026-06-27,164,10
28460,60,2026-06-27,179,12
28461,61,2026-06-27,193,15
28462,62,2026-06-27,142,5
28463,63,2026-06-27,238,13
28464,64,2026-06-27,122,7
28465,65,2026-06-27,210,16
28466,66,2026-06-27,159,10
28467,67,2026-06-27,208,14
28468,68,2026-06-27,100,6
28469,69,2026-06-27,198,10
28470,70,2026-06-27,90,3
28471,71,2026-06-27,178,10
28472,72,2026-06-27,214,12
28473,73,2026-06-27,216,17
28474,74,2026-06-27,155,7
28475,75,2026-06-27,193,11
28476,76,2026-06-27,168,9
28477,77,2026-06-27,114,8
28478,78,2026-06-27,151,6
28479,79,2026-06-27,131,5
28480,80,2026-06-27,264,11
28481,81,2026-06-27,171,12
28482,82,2026-06-27,184,12
28483,83,2026-06-27,199,10
28484,84,2026-06-27,207,10
28485,85,2026-06-27,173,6
28486,86,2026-06-27,156,8
28487,87,2026-06-27,150,11
28488,88,2026-06-27,154,6
28489,89,2026-06-27,299,18
28490,90,2026-06-27,177,11
28491,91,2026-06-27,155,9
28492,92,2026-06-27,349,23
28493,93,2026-06-27,187,12
28494,94,2026-06-27,141,8
28495,95,2026-06-27,221,12
28496,96,2026-06-27,147,10
28497,97,2026-06-27,181,9
28498,98,2026-06-27,207,12
28499,99,2026-06-27,154,11
28500,100,2026-06-27,217,10
28501,1,2026-06-28,98,3
28502,2,2026-06-28,100,5
28503,3,2026-06-28,153,9
28504,4,2026-06-28,171,10
28505,5,2026-06-28,162,11
28506,6,2026-06-28,129,6
28507,7,2026-06-28,164,8
28508,8,2026-06-28,131,6
28509,9,2026-06-28,97,3
28510,10,2026-06-28,86,4
28511,11,2026-06-28,119,3
28512,12,2026-06-28,121,8
28513,13,2026-06-28,60,4
28514,14,2026-06-28,102,9
28515,15,2026-06-28,98,8
28516,16,2026-06-28,134,12
28517,17,2026-06-28,173,11
28518,18,2026-06-28,76,1
28519,19,2026-06-28,72,6
28520,20,2026-06-28,77,1
28521,21,2026-06-28,60,4
28522,22,2026-06-28,95,2
28523,23,2026-06-28,85,3
28524,24,2026-06-28,108,7
28525,25,2026-06-28,73,5
28526,26,2026-06-28,150,8
28527,27,2026-06-28,89,5
28528,28,2026-06-28,66,4
28529,29,2026-06-28,92,4
28530,30,2026-06-28,132,7
28531,31,2026-06-28,57,6
28532,32,2026-06-28,89,4
28533,33,2026-06-28,87,3
28534,34,2026-06-28,69,4
28535,35,2026-06-28,62,6
28536,36,2026-06-28,144,7
28537,37,2026-06-28,132,8
28538,38,2026-06-28,77,7
28539,39,2026-06-28,83,7
28540,40,2026-06-28,73,0
28541,41,2026-06-28,99,4
28542,42,2026-06-28,119,5
28543,43,2026-06-28,102,2
28544,44,2026-06-28,63,4
28545,45,2026-06-28,99,9
28546,46,2026-06-28,106,5
28547,47,2026-06-28,106,3
28548,48,2026-06-28,62,4
28549,49,2026-06-28,69,1
28550,50,2026-06-28,114,5
28551,51,2026-06-28,119,5
28552,52,2026-06-28,73,4
28553,53,2026-06-28,68,2
28554,54,2026-06-28,80,0
28555,55,2026-06-28,94,4
28556,56,2026-06-28,141,6
28557,57,2026-06-28,72,1
28558,58,2026-06-28,113,7
28559,59,2026-06-28,99,5
28560,60,2026-06-28,74,5
28561,61,2026-06-28,123,7
28562,62,2026-06-28,88,6
28563,63,2026-06-28,142,9
28564,64,2026-06-28,84,5
28565,65,2026-06-28,125,7
28566,66,2026-06-28,87,3
28567,67,2026-06-28,139,5
28568,68,2026-06-28,48,2
28569,69,2026-06-28,103,6
28570,70,2026-06-28,49,1
28571,71,2026-06-28,87,5
28572,72,2026-06-28,136,10
28573,73,2026-06-28,132,8
28574,74,2026-06-28,73,1
28575,75,2026-06-28,99,4
28576,76,2026-06-28,103,9
28577,77,2026-06-28,98,3
28578,78,2026-06-28,100,9
28579,79,2026-06-28,105,6
28580,80,2026-06-28,135,6
28581,81,2026-06-28,83,6
28582,82,2026-06-28,96,1
28583,83,2026-06-28,98,4
28584,84,2026-06-28,99,5
28585,85,2026-06-28,93,4
28586,86,2026-06-28,77,2
28587,87,2026-06-28,86,8
28588,88,2026-06-28,108,10
28589,89,2026-06-28,161,14
28590,90,2026-06-28,115,6
28591,91,2026-06-28,93,2
28592,92,2026-06-28,227,13
28593,93,2026-06-28,121,4
28594,94,2026-06-28,80,5
28595,95,2026-06-28,144,6
28596,96,2026-06-28,73,4
28597,97,2026-06-28,99,0
28598,98,2026-06-28,115,6
28599,99,2026-06-28,92,6
28600,100,2026-06-28,128,9
28601,1,2026-06-29,192,13
28602,2,2026-06-29,200,12
28603,3,2026-06-29,253,11
28604,4,2026-06-29,343,18
28605,5,2026-06-29,304,18
28606,6,2026-06-29,324,22
28607,7,2026-06-29,388,24
28608,8,2026-06-29,345,23
28609,9,2026-06-29,247,14
28610,10,2026-06-29,193,13
28611,11,2026-06-29,225,11
28612,12,2026-06-29,281,14
28613,13,2026-06-29,180,14
28614,14,2026-06-29,253,11
28615,15,2026-06-29,190,12
28616,16,2026-06-29,292,19
28617,17,2026-06-29,311,16
28618,18,2026-06-29,228,12
28619,19,2026-06-29,221,15
28620,20,2026-06-29,134,8
28621,21,2026-06-29,155,5
28622,22,2026-06-29,258,17
28623,23,2026-06-29,167,6
28624,24,2026-06-29,272,14
28625,25,2026-06-29,152,11
28626,26,2026-06-29,324,20
28627,27,2026-06-29,219,14
28628,28,2026-06-29,165,10
28629,29,2026-06-29,238,18
28630,30,2026-06-29,217,12
28631,31,2026-06-29,198,10
28632,32,2026-06-29,185,10
28633,33,2026-06-29,187,7
28634,34,2026-06-29,133,8
28635,35,2026-06-29,179,9
28636,36,2026-06-29,324,19
28637,37,2026-06-29,271,15
28638,38,2026-06-29,208,12
28639,39,2026-06-29,190,10
28640,40,2026-06-29,167,13
28641,41,2026-06-29,165,15
28642,42,2026-06-29,244,16
28643,43,2026-06-29,216,8
28644,44,2026-06-29,145,5
28645,45,2026-06-29,254,16
28646,46,2026-06-29,268,16
28647,47,2026-06-29,221,11
28648,48,2026-06-29,194,14
28649,49,2026-06-29,203,11
28650,50,2026-06-29,253,18
28651,51,2026-06-29,272,15
28652,52,2026-06-29,163,10
28653,53,2026-06-29,156,9
28654,54,2026-06-29,184,11
28655,55,2026-06-29,213,10
28656,56,2026-06-29,269,15
28657,57,2026-06-29,149,4
28658,58,2026-06-29,246,15
28659,59,2026-06-29,227,15
28660,60,2026-06-29,243,13
28661,61,2026-06-29,263,18
28662,62,2026-06-29,219,10
28663,63,2026-06-29,540,32
28664,64,2026-06-29,195,12
28665,65,2026-06-29,283,19
28666,66,2026-06-29,208,15
28667,67,2026-06-29,270,17
28668,68,2026-06-29,117,6
28669,69,2026-06-29,299,19
28670,70,2026-06-29,134,6
28671,71,2026-06-29,262,16
28672,72,2026-06-29,314,21
28673,73,2026-06-29,251,15
28674,74,2026-06-29,197,10
28675,75,2026-06-29,204,10
28676,76,2026-06-29,200,11
28677,77,2026-06-29,224,13
28678,78,2026-06-29,209,15
28679,79,2026-06-29,176,12
28680,80,2026-06-29,339,19
28681,81,2026-06-29,200,12
28682,82,2026-06-29,235,16
28683,83,2026-06-29,290,17
28684,84,2026-06-29,223,13
28685,85,2026-06-29,224,12
28686,86,2026-06-29,216,12
28687,87,2026-06-29,202,11
28688,88,2026-06-29,195,12
28689,89,2026-06-29,361,20
28690,90,2026-06-29,227,13
28691,91,2026-06-29,206,11
28692,92,2026-06-29,526,30
28693,93,2026-06-29,274,20
28694,94,2026-06-29,221,14
28695,95,2026-06-29,297,21
28696,96,2026-06-29,158,11
28697,97,2026-06-29,251,17
28698,98,2026-06-29,241,11
28699,99,2026-06-29,215,16
28700,100,2026-06-29,260,13
28701,1,2026-06-30,172,9
28702,2,2026-06-30,221,13
28703,3,2026-06-30,196,8
28704,4,2026-06-30,282,14
28705,5,2026-06-30,258,14
28706,6,2026-06-30,325,20
28707,7,2026-06-30,331,19
28708,8,2026-06-30,304,12
28709,9,2026-06-30,209,15
28710,10,2026-06-30,151,9
28711,11,2026-06-30,224,11
28712,12,2026-06-30,242,9
28713,13,2026-06-30,160,13
28714,14,2026-06-30,192,11
28715,15,2026-06-30,162,6
28716,16,2026-06-30,230,17
28717,17,2026-06-30,285,17
28718,18,2026-06-30,228,14
28719,19,2026-06-30,167,9
28720,20,2026-06-30,129,6
28721,21,2026-06-30,136,10
28722,22,2026-06-30,230,13
28723,23,2026-06-30,127,9
28724,24,2026-06-30,267,12
28725,25,2026-06-30,158,8
28726,26,2026-06-30,246,16
28727,27,2026-06-30,186,12
28728,28,2026-06-30,143,8
28729,29,2026-06-30,224,8
28730,30,2026-06-30,207,11
28731,31,2026-06-30,162,11
28732,32,2026-06-30,195,11
28733,33,2026-06-30,154,8
28734,34,2026-06-30,114,8
28735,35,2026-06-30,130,6
28736,36,2026-06-30,333,17
28737,37,2026-06-30,212,10
28738,38,2026-06-30,201,11
28739,39,2026-06-30,158,8
28740,40,2026-06-30,140,10
28741,41,2026-06-30,143,7
28742,42,2026-06-30,240,17
28743,43,2026-06-30,167,8
28744,44,2026-06-30,129,7
28745,45,2026-06-30,221,13
28746,46,2026-06-30,216,13
28747,47,2026-06-30,198,10
28748,48,2026-06-30,160,8
28749,49,2026-06-30,173,14
28750,50,2026-06-30,219,13
28751,51,2026-06-30,230,11
28752,52,2026-06-30,152,9
28753,53,2026-06-30,131,7
28754,54,2026-06-30,147,5
28755,55,2026-06-30,199,14
28756,56,2026-06-30,226,13
28757,57,2026-06-30,140,7
28758,58,2026-06-30,221,10
28759,59,2026-06-30,173,8
28760,60,2026-06-30,189,13
28761,61,2026-06-30,201,10
28762,62,2026-06-30,198,12
28763,63,2026-06-30,452,29
28764,64,2026-06-30,175,10
28765,65,2026-06-30,241,17
28766,66,2026-06-30,151,10
28767,67,2026-06-30,207,12
28768,68,2026-06-30,95,2
28769,69,2026-06-30,224,16
28770,70,2026-06-30,117,6
28771,71,2026-06-30,234,11
28772,72,2026-06-30,249,13
28773,73,2026-06-30,230,11
28774,74,2026-06-30,167,7
28775,75,2026-06-30,192,9
28776,76,2026-06-30,168,10
28777,77,2026-06-30,185,8
28778,78,2026-06-30,176,6
28779,79,2026-06-30,122,4
28780,80,2026-06-30,337,22
28781,81,2026-06-30,196,14
28782,82,2026-06-30,167,9
28783,83,2026-06-30,262,13
28784,84,2026-06-30,215,11
28785,85,2026-06-30,183,9
28786,86,2026-06-30,167,7
28787,87,2026-06-30,159,7
28788,88,2026-06-30,196,12
28789,89,2026-06-30,298,18
28790,90,2026-06-30,190,11
28791,91,2026-06-30,183,8
28792,92,2026-06-30,381,25
28793,93,2026-06-30,262,17
28794,94,2026-06-30,206,13
28795,95,2026-06-30,260,15
28796,96,2026-06-30,145,6
28797,97,2026-06-30,202,15
28798,98,2026-06-30,227,15
28799,99,2026-06-30,198,13
28800,100,2026-06-30,188,13
28801,1,2026-07-01,157,7
28802,2,2026-07-01,171,10
28803,3,2026-07-01,238,11
28804,4,2026-07-01,290,15
28805,5,2026-07-01,268,15
28806,6,2026-07-01,308,16
28807,7,2026-07-01,341,18
28808,8,2026-07-01,300,14
28809,9,2026-07-01,230,16
28810,10,2026-07-01,166,10
28811,11,2026-07-01,168,5
28812,12,2026-07-01,254,16
28813,13,2026-07-01,165,9
28814,14,2026-07-01,218,16
28815,15,2026-07-01,162,8
28816,16,2026-07-01,234,15
28817,17,2026-07-01,273,16
28818,18,2026-07-01,197,13
28819,19,2026-07-01,195,8
28820,20,2026-07-01,138,7
28821,21,2026-07-01,140,9
28822,22,2026-07-01,227,10
28823,23,2026-07-01,140,11
28824,24,2026-07-01,211,11
28825,25,2026-07-01,145,8
28826,26,2026-07-01,238,17
28827,27,2026-07-01,179,9
28828,28,2026-07-01,152,5
28829,29,2026-07-01,223,10
28830,30,2026-07-01,192,11
28831,31,2026-07-01,162,8
28832,32,2026-07-01,209,13
28833,33,2026-07-01,177,10
28834,34,2026-07-01,127,8
28835,35,2026-07-01,136,6
28836,36,2026-07-01,306,19
28837,37,2026-07-01,224,13
28838,38,2026-07-01,162,10
28839,39,2026-07-01,196,9
28840,40,2026-07-01,125,2
28841,41,2026-07-01,154,10
28842,42,2026-07-01,246,16
28843,43,2026-07-01,203,16
28844,44,2026-07-01,128,8
28845,45,2026-07-01,221,11
28846,46,2026-07-01,228,11
28847,47,2026-07-01,224,18
28848,48,2026-07-01,144,10
28849,49,2026-07-01,174,10
28850,50,2026-07-01,200,15
28851,51,2026-07-01,225,11
28852,52,2026-07-01,164,6
28853,53,2026-07-01,147,9
28854,54,2026-07-01,156,7
28855,55,2026-07-01,175,8
28856,56,2026-07-01,223,11
28857,57,2026-07-01,128,9
28858,58,2026-07-01,225,10
28859,59,2026-07-01,198,12
28860,60,2026-07-01,177,13
28861,61,2026-07-01,222,16
28862,62,2026-07-01,183,8
28863,63,2026-07-01,481,29
28864,64,2026-07-01,173,8
28865,65,2026-07-01,258,14
28866,66,2026-07-01,172,6
28867,67,2026-07-01,252,10
28868,68,2026-07-01,111,4
28869,69,2026-07-01,240,13
28870,70,2026-07-01,115,6
28871,71,2026-07-01,223,15
28872,72,2026-07-01,247,15
28873,73,2026-07-01,226,13
28874,74,2026-07-01,174,10
28875,75,2026-07-01,198,11
28876,76,2026-07-01,174,9
28877,77,2026-07-01,191,11
28878,78,2026-07-01,174,9
28879,79,2026-07-01,159,11
28880,80,2026-07-01,299,21
28881,81,2026-07-01,180,8
28882,82,2026-07-01,184,7
28883,83,2026-07-01,232,15
28884,84,2026-07-01,199,12
28885,85,2026-07-01,188,11
28886,86,2026-07-01,157,7
28887,87,2026-07-01,159,11
28888,88,2026-07-01,187,12
28889,89,2026-07-01,297,16
28890,90,2026-07-01,221,13
28891,91,2026-07-01,177,11
28892,92,2026-07-01,476,25
28893,93,2026-07-01,227,11
28894,94,2026-07-01,179,4
28895,95,2026-07-01,254,15
28896,96,2026-07-01,126,8
28897,97,2026-07-01,184,12
28898,98,2026-07-01,225,13
28899,99,2026-07-01,163,10
28900,100,2026-07-01,219,11
28901,1,2026-07-02,146,12
28902,2,2026-07-02,186,8
28903,3,2026-07-02,177,8
28904,4,2026-07-02,266,17
28905,5,2026-07-02,208,15
28906,6,2026-07-02,261,15
28907,7,2026-07-02,272,12
28908,8,2026-07-02,271,13
28909,9,2026-07-02,194,11
28910,10,2026-07-02,128,6
28911,11,2026-07-02,212,11
28912,12,2026-07-02,195,12
28913,13,2026-07-02,140,9
28914,14,2026-07-02,188,10
28915,15,2026-07-02,172,10
28916,16,2026-07-02,214,11
28917,17,2026-07-02,205,15
28918,18,2026-07-02,169,11
28919,19,2026-07-02,158,7
28920,20,2026-07-02,113,3
28921,21,2026-07-02,130,8
28922,22,2026-07-02,150,11
28923,23,2026-07-02,141,7
28924,24,2026-07-02,234,14
28925,25,2026-07-02,138,6
28926,26,2026-07-02,217,10
28927,27,2026-07-02,153,10
28928,28,2026-07-02,120,7
28929,29,2026-07-02,197,16
28930,30,2026-07-02,176,11
28931,31,2026-07-02,143,6
28932,32,2026-07-02,175,10
28933,33,2026-07-02,152,8
28934,34,2026-07-02,90,7
28935,35,2026-07-02,124,6
28936,36,2026-07-02,287,16
28937,37,2026-07-02,218,13
28938,38,2026-07-02,197,10
28939,39,2026-07-02,147,8
28940,40,2026-07-02,150,9
28941,41,2026-07-02,138,9
28942,42,2026-07-02,214,13
28943,43,2026-07-02,150,10
28944,44,2026-07-02,96,6
28945,45,2026-07-02,176,11
28946,46,2026-07-02,209,12
28947,47,2026-07-02,180,10
28948,48,2026-07-02,119,8
28949,49,2026-07-02,155,9
28950,50,2026-07-02,189,10
28951,51,2026-07-02,207,16
28952,52,2026-07-02,152,9
28953,53,2026-07-02,131,9
28954,54,2026-07-02,126,10
28955,55,2026-07-02,138,7
28956,56,2026-07-02,228,13
28957,57,2026-07-02,130,6
28958,58,2026-07-02,180,13
28959,59,2026-07-02,156,8
28960,60,2026-07-02,162,8
28961,61,2026-07-02,158,13
28962,62,2026-07-02,152,9
28963,63,2026-07-02,359,20
28964,64,2026-07-02,136,6
28965,65,2026-07-02,200,12
28966,66,2026-07-02,150,11
28967,67,2026-07-02,228,9
28968,68,2026-07-02,96,3
28969,69,2026-07-02,230,16
28970,70,2026-07-02,95,4
28971,71,2026-07-02,211,10
28972,72,2026-07-02,232,14
28973,73,2026-07-02,198,10
28974,74,2026-07-02,146,8
28975,75,2026-07-02,196,11
28976,76,2026-07-02,188,7
28977,77,2026-07-02,165,11
28978,78,2026-07-02,145,10
28979,79,2026-07-02,123,5
28980,80,2026-07-02,266,13
28981,81,2026-07-02,167,13
28982,82,2026-07-02,156,9
28983,83,2026-07-02,201,10
28984,84,2026-07-02,188,8
28985,85,2026-07-02,187,9
28986,86,2026-07-02,140,12
28987,87,2026-07-02,143,6
28988,88,2026-07-02,186,10
28989,89,2026-07-02,317,18
28990,90,2026-07-02,173,9
28991,91,2026-07-02,173,10
28992,92,2026-07-02,426,26
28993,93,2026-07-02,222,8
28994,94,2026-07-02,168,12
28995,95,2026-07-02,188,11
28996,96,2026-07-02,147,8
28997,97,2026-07-02,172,12
28998,98,2026-07-02,176,8
28999,99,2026-07-02,176,10
29000,100,2026-07-02,212,13
29001,1,2026-07-03,140,7
29002,2,2026-07-03,160,10
29003,3,2026-07-03,205,16
29004,4,2026-07-03,263,18
29005,5,2026-07-03,246,15
29006,6,2026-07-03,252,12
29007,7,2026-07-03,278,14
29008,8,2026-07-03,255,12
29009,9,2026-07-03,190,12
29010,10,2026-07-03,124,10
29011,11,2026-07-03,152,8
29012,12,2026-07-03,210,13
29013,13,2026-07-03,128,9
29014,14,2026-07-03,187,10
29015,15,2026-07-03,141,9
29016,16,2026-07-03,207,13
29017,17,2026-07-03,231,13
29018,18,2026-07-03,181,6
29019,19,2026-07-03,172,7
29020,20,2026-07-03,96,4
29021,21,2026-07-03,138,7
29022,22,2026-07-03,196,14
29023,23,2026-07-03,136,7
29024,24,2026-07-03,225,14
29025,25,2026-07-03,158,11
29026,26,2026-07-03,208,14
29027,27,2026-07-03,163,10
29028,28,2026-07-03,115,6
29029,29,2026-07-03,187,11
29030,30,2026-07-03,186,11
29031,31,2026-07-03,141,11
29032,32,2026-07-03,161,10
29033,33,2026-07-03,147,8
29034,34,2026-07-03,100,7
29035,35,2026-07-03,126,5
29036,36,2026-07-03,258,11
29037,37,2026-07-03,174,10
29038,38,2026-07-03,169,11
29039,39,2026-07-03,189,9
29040,40,2026-07-03,150,6
29041,41,2026-07-03,143,11
29042,42,2026-07-03,199,13
29043,43,2026-07-03,143,5
29044,44,2026-07-03,91,6
29045,45,2026-07-03,171,8
29046,46,2026-07-03,172,8
29047,47,2026-07-03,147,6
29048,48,2026-07-03,145,11
29049,49,2026-07-03,145,7
29050,50,2026-07-03,159,10
29051,51,2026-07-03,192,13
29052,52,2026-07-03,124,6
29053,53,2026-07-03,113,7
29054,54,2026-07-03,146,9
29055,55,2026-07-03,153,10
29056,56,2026-07-03,224,13
29057,57,2026-07-03,111,5
29058,58,2026-07-03,193,11
29059,59,2026-07-03,200,9
29060,60,2026-07-03,179,10
29061,61,2026-07-03,192,8
29062,62,2026-07-03,155,11
29063,63,2026-07-03,403,26
29064,64,2026-07-03,125,8
29065,65,2026-07-03,168,9
29066,66,2026-07-03,162,9
29067,67,2026-07-03,233,14
29068,68,2026-07-03,98,4
29069,69,2026-07-03,193,11
29070,70,2026-07-03,98,4
29071,71,2026-07-03,177,7
29072,72,2026-07-03,232,14
29073,73,2026-07-03,185,6
29074,74,2026-07-03,146,8
29075,75,2026-07-03,193,14
29076,76,2026-07-03,142,11
29077,77,2026-07-03,173,13
29078,78,2026-07-03,147,8
29079,79,2026-07-03,125,6
29080,80,2026-07-03,293,14
29081,81,2026-07-03,169,11
29082,82,2026-07-03,159,6
29083,83,2026-07-03,308,17
29084,84,2026-07-03,216,16
29085,85,2026-07-03,205,12
29086,86,2026-07-03,149,8
29087,87,2026-07-03,167,8
29088,88,2026-07-03,174,13
29089,89,2026-07-03,290,10
29090,90,2026-07-03,173,10
29091,91,2026-07-03,164,9
29092,92,2026-07-03,405,28
29093,93,2026-07-03,208,11
29094,94,2026-07-03,153,12
29095,95,2026-07-03,216,14
29096,96,2026-07-03,128,10
29097,97,2026-07-03,167,9
29098,98,2026-07-03,213,12
29099,99,2026-07-03,159,6
29100,100,2026-07-03,173,5
29101,1,2026-07-04,170,10
29102,2,2026-07-04,145,9
29103,3,2026-07-04,196,12
29104,4,2026-07-04,298,19
29105,5,2026-07-04,221,14
29106,6,2026-07-04,262,16
29107,7,2026-07-04,301,14
29108,8,2026-07-04,230,9
29109,9,2026-07-04,176,9
29110,10,2026-07-04,127,7
29111,11,2026-07-04,165,8
29112,12,2026-07-04,217,16
29113,13,2026-07-04,148,8
29114,14,2026-07-04,183,15
29115,15,2026-07-04,172,12
29116,16,2026-07-04,211,11
29117,17,2026-07-04,189,6
29118,18,2026-07-04,165,7
29119,19,2026-07-04,158,6
29120,20,2026-07-04,120,10
29121,21,2026-07-04,135,10
29122,22,2026-07-04,209,12
29123,23,2026-07-04,120,5
29124,24,2026-07-04,212,16
29125,25,2026-07-04,123,2
29126,26,2026-07-04,199,11
29127,27,2026-07-04,174,11
29128,28,2026-07-04,120,7
29129,29,2026-07-04,199,13
29130,30,2026-07-04,180,10
29131,31,2026-07-04,143,7
29132,32,2026-07-04,182,9
29133,33,2026-07-04,141,8
29134,34,2026-07-04,118,8
29135,35,2026-07-04,124,3
29136,36,2026-07-04,265,14
29137,37,2026-07-04,195,11
29138,38,2026-07-04,156,9
29139,39,2026-07-04,165,11
29140,40,2026-07-04,142,8
29141,41,2026-07-04,138,10
29142,42,2026-07-04,196,12
29143,43,2026-07-04,181,8
29144,44,2026-07-04,103,7
29145,45,2026-07-04,208,13
29146,46,2026-07-04,174,10
29147,47,2026-07-04,167,8
29148,48,2026-07-04,135,7
29149,49,2026-07-04,150,7
29150,50,2026-07-04,174,5
29151,51,2026-07-04,178,10
29152,52,2026-07-04,141,9
29153,53,2026-07-04,130,8
29154,54,2026-07-04,95,6
29155,55,2026-07-04,167,8
29156,56,2026-07-04,205,11
29157,57,2026-07-04,119,4
29158,58,2026-07-04,180,6
29159,59,2026-07-04,165,7
29160,60,2026-07-04,171,8
29161,61,2026-07-04,190,14
29162,62,2026-07-04,160,9
29163,63,2026-07-04,436,28
29164,64,2026-07-04,148,11
29165,65,2026-07-04,191,9
29166,66,2026-07-04,172,12
29167,67,2026-07-04,173,8
29168,68,2026-07-04,84,7
29169,69,2026-07-04,209,12
29170,70,2026-07-04,105,9
29171,71,2026-07-04,193,8
29172,72,2026-07-04,179,10
29173,73,2026-07-04,201,14
29174,74,2026-07-04,148,8
29175,75,2026-07-04,190,16
29176,76,2026-07-04,149,10
29177,77,2026-07-04,100,4
29178,78,2026-07-04,154,11
29179,79,2026-07-04,132,5
29180,80,2026-07-04,233,20
29181,81,2026-07-04,164,11
29182,82,2026-07-04,177,11
29183,83,2026-07-04,342,15
29184,84,2026-07-04,190,8
29185,85,2026-07-04,216,12
29186,86,2026-07-04,151,10
29187,87,2026-07-04,167,11
29188,88,2026-07-04,169,11
29189,89,2026-07-04,259,18
29190,90,2026-07-04,199,11
29191,91,2026-07-04,138,8
29192,92,2026-07-04,352,18
29193,93,2026-07-04,219,12
29194,94,2026-07-04,177,11
29195,95,2026-07-04,199,13
29196,96,2026-07-04,131,11
29197,97,2026-07-04,174,11
29198,98,2026-07-04,192,8
29199,99,2026-07-04,196,14
29200,100,2026-07-04,188,6
29201,1,2026-07-05,78,3
29202,2,2026-07-05,104,3
29203,3,2026-07-05,94,5
29204,4,2026-07-05,114,7
29205,5,2026-07-05,132,9
29206,6,2026-07-05,163,13
29207,7,2026-07-05,190,7
29208,8,2026-07-05,161,9
29209,9,2026-07-05,101,3
29210,10,2026-07-05,76,5
29211,11,2026-07-05,75,5
29212,12,2026-07-05,105,8
29213,13,2026-07-05,91,7
29214,14,2026-07-05,92,10
29215,15,2026-07-05,98,5
29216,16,2026-07-05,131,7
29217,17,2026-07-05,177,10
29218,18,2026-07-05,100,7
29219,19,2026-07-05,70,3
29220,20,2026-07-05,70,4
29221,21,2026-07-05,65,3
29222,22,2026-07-05,114,7
29223,23,2026-07-05,86,1
29224,24,2026-07-05,133,9
29225,25,2026-07-05,72,5
29226,26,2026-07-05,115,7
29227,27,2026-07-05,80,6
29228,28,2026-07-05,65,4
29229,29,2026-07-05,98,4
29230,30,2026-07-05,79,4
29231,31,2026-07-05,87,6
29232,32,2026-07-05,94,6
29233,33,2026-07-05,108,7
29234,34,2026-07-05,59,3
29235,35,2026-07-05,75,2
29236,36,2026-07-05,154,10
29237,37,2026-07-05,116,4
29238,38,2026-07-05,75,6
29239,39,2026-07-05,84,6
29240,40,2026-07-05,66,4
29241,41,2026-07-05,76,8
29242,42,2026-07-05,124,6
29243,43,2026-07-05,99,10
29244,44,2026-07-05,60,3
29245,45,2026-07-05,124,4
29246,46,2026-07-05,86,5
29247,47,2026-07-05,79,4
29248,48,2026-07-05,99,4
29249,49,2026-07-05,93,7
29250,50,2026-07-05,90,6
29251,51,2026-07-05,86,10
29252,52,2026-07-05,72,5
29253,53,2026-07-05,56,6
29254,54,2026-07-05,75,8
29255,55,2026-07-05,86,3
29256,56,2026-07-05,134,4
29257,57,2026-07-05,73,4
29258,58,2026-07-05,117,10
29259,59,2026-07-05,88,8
29260,60,2026-07-05,103,7
29261,61,2026-07-05,108,3
29262,62,2026-07-05,94,8
29263,63,2026-07-05,245,14
29264,64,2026-07-05,84,4
29265,65,2026-07-05,130,8
29266,66,2026-07-05,69,2
29267,67,2026-07-05,127,10
29268,68,2026-07-05,47,0
29269,69,2026-07-05,105,10
29270,70,2026-07-05,49,1
29271,71,2026-07-05,107,3
29272,72,2026-07-05,118,7
29273,73,2026-07-05,121,6
29274,74,2026-07-05,103,6
29275,75,2026-07-05,96,7
29276,76,2026-07-05,103,8
29277,77,2026-07-05,59,3
29278,78,2026-07-05,73,3
29279,79,2026-07-05,81,1
29280,80,2026-07-05,146,7
29281,81,2026-07-05,105,0
29282,82,2026-07-05,96,7
29283,83,2026-07-05,184,11
29284,84,2026-07-05,95,1
29285,85,2026-07-05,127,5
29286,86,2026-07-05,78,4
29287,87,2026-07-05,101,3
29288,88,2026-07-05,101,6
29289,89,2026-07-05,139,10
29290,90,2026-07-05,142,8
29291,91,2026-07-05,80,4
29292,92,2026-07-05,196,10
29293,93,2026-07-05,131,7
29294,94,2026-07-05,102,8
29295,95,2026-07-05,113,6
29296,96,2026-07-05,66,0
29297,97,2026-07-05,120,3
29298,98,2026-07-05,122,5
29299,99,2026-07-05,102,5
29300,100,2026-07-05,123,6
29301,1,2026-07-06,220,13
29302,2,2026-07-06,213,13
29303,3,2026-07-06,268,11
29304,4,2026-07-06,353,20
29305,5,2026-07-06,333,20
29306,6,2026-07-06,346,25
29307,7,2026-07-06,415,23
29308,8,2026-07-06,367,21
29309,9,2026-07-06,229,9
29310,10,2026-07-06,180,5
29311,11,2026-07-06,246,13
29312,12,2026-07-06,276,14
29313,13,2026-07-06,162,14
29314,14,2026-07-06,253,15
29315,15,2026-07-06,190,12
29316,16,2026-07-06,278,20
29317,17,2026-07-06,346,19
29318,18,2026-07-06,234,12
29319,19,2026-07-06,233,14
29320,20,2026-07-06,154,10
29321,21,2026-07-06,165,10
29322,22,2026-07-06,309,19
29323,23,2026-07-06,179,9
29324,24,2026-07-06,270,15
29325,25,2026-07-06,181,10
29326,26,2026-07-06,303,18
29327,27,2026-07-06,221,14
29328,28,2026-07-06,174,12
29329,29,2026-07-06,256,14
29330,30,2026-07-06,209,13
29331,31,2026-07-06,188,11
29332,32,2026-07-06,203,14
29333,33,2026-07-06,171,11
29334,34,2026-07-06,136,4
29335,35,2026-07-06,164,9
29336,36,2026-07-06,351,19
29337,37,2026-07-06,286,19
29338,38,2026-07-06,224,16
29339,39,2026-07-06,222,15
29340,40,2026-07-06,200,15
29341,41,2026-07-06,172,10
29342,42,2026-07-06,278,17
29343,43,2026-07-06,221,13
29344,44,2026-07-06,129,4
29345,45,2026-07-06,246,13
29346,46,2026-07-06,258,16
29347,47,2026-07-06,241,15
29348,48,2026-07-06,172,12
29349,49,2026-07-06,207,11
29350,50,2026-07-06,248,12
29351,51,2026-07-06,250,18
29352,52,2026-07-06,194,15
29353,53,2026-07-06,166,9
29354,54,2026-07-06,184,11
29355,55,2026-07-06,232,13
29356,56,2026-07-06,252,17
29357,57,2026-07-06,156,10
29358,58,2026-07-06,248,13
29359,59,2026-07-06,209,10
29360,60,2026-07-06,233,13
29361,61,2026-07-06,259,14
29362,62,2026-07-06,228,14
29363,63,2026-07-06,330,20
29364,64,2026-07-06,184,9
29365,65,2026-07-06,296,20
29366,66,2026-07-06,199,10
29367,67,2026-07-06,269,16
29368,68,2026-07-06,116,8
29369,69,2026-07-06,240,12
29370,70,2026-07-06,129,5
29371,71,2026-07-06,227,11
29372,72,2026-07-06,267,13
29373,73,2026-07-06,237,17
29374,74,2026-07-06,193,13
29375,75,2026-07-06,214,11
29376,76,2026-07-06,346,22
29377,77,2026-07-06,135,9
29378,78,2026-07-06,191,12
29379,79,2026-07-06,155,8
29380,80,2026-07-06,312,16
29381,81,2026-07-06,200,10
29382,82,2026-07-06,247,16
29383,83,2026-07-06,395,23
29384,84,2026-07-06,236,13
29385,85,2026-07-06,234,14
29386,86,2026-07-06,168,8
29387,87,2026-07-06,197,10
29388,88,2026-07-06,232,11
29389,89,2026-07-06,375,21
29390,90,2026-07-06,219,13
29391,91,2026-07-06,208,8
29392,92,2026-07-06,477,28
29393,93,2026-07-06,303,16
29394,94,2026-07-06,222,15
29395,95,2026-07-06,327,17
29396,96,2026-07-06,168,8
29397,97,2026-07-06,227,11
29398,98,2026-07-06,246,11
29399,99,2026-07-06,219,12
29400,100,2026-07-06,272,12
29401,1,2026-07-07,179,14
29402,2,2026-07-07,186,12
29403,3,2026-07-07,244,14
29404,4,2026-07-07,317,18
29405,5,2026-07-07,236,17
29406,6,2026-07-07,265,19
29407,7,2026-07-07,367,23
29408,8,2026-07-07,263,15
29409,9,2026-07-07,177,10
29410,10,2026-07-07,173,9
29411,11,2026-07-07,223,10
29412,12,2026-07-07,221,17
29413,13,2026-07-07,139,10
29414,14,2026-07-07,201,14
29415,15,2026-07-07,165,9
29416,16,2026-07-07,289,19
29417,17,2026-07-07,259,16
29418,18,2026-07-07,190,12
29419,19,2026-07-07,155,8
29420,20,2026-07-07,124,6
29421,21,2026-07-07,135,6
29422,22,2026-07-07,223,13
29423,23,2026-07-07,143,10
29424,24,2026-07-07,246,13
29425,25,2026-07-07,176,7
29426,26,2026-07-07,241,15
29427,27,2026-07-07,168,8
29428,28,2026-07-07,145,7
29429,29,2026-07-07,211,10
29430,30,2026-07-07,192,15
29431,31,2026-07-07,162,9
29432,32,2026-07-07,188,12
29433,33,2026-07-07,168,10
29434,34,2026-07-07,114,9
29435,35,2026-07-07,131,9
29436,36,2026-07-07,279,17
29437,37,2026-07-07,235,17
29438,38,2026-07-07,180,11
29439,39,2026-07-07,188,13
29440,40,2026-07-07,155,5
29441,41,2026-07-07,175,7
29442,42,2026-07-07,238,14
29443,43,2026-07-07,174,8
29444,44,2026-07-07,120,7
29445,45,2026-07-07,201,9
29446,46,2026-07-07,214,13
29447,47,2026-07-07,200,8
29448,48,2026-07-07,168,11
29449,49,2026-07-07,159,12
29450,50,2026-07-07,221,12
29451,51,2026-07-07,202,13
29452,52,2026-07-07,147,9
29453,53,2026-07-07,160,7
29454,54,2026-07-07,165,8
29455,55,2026-07-07,197,9
29456,56,2026-07-07,247,16
29457,57,2026-07-07,118,6
29458,58,2026-07-07,210,9
29459,59,2026-07-07,185,11
29460,60,2026-07-07,220,12
29461,61,2026-07-07,181,10
29462,62,2026-07-07,204,11
29463,63,2026-07-07,268,17
29464,64,2026-07-07,162,9
29465,65,2026-07-07,228,15
29466,66,2026-07-07,166,10
29467,67,2026-07-07,245,16
29468,68,2026-07-07,93,7
29469,69,2026-07-07,231,12
29470,70,2026-07-07,116,9
29471,71,2026-07-07,200,15
29472,72,2026-07-07,276,14
29473,73,2026-07-07,206,9
29474,74,2026-07-07,182,12
29475,75,2026-07-07,220,12
29476,76,2026-07-07,296,19
29477,77,2026-07-07,119,5
29478,78,2026-07-07,180,10
29479,79,2026-07-07,162,8
29480,80,2026-07-07,305,22
29481,81,2026-07-07,164,7
29482,82,2026-07-07,200,9
29483,83,2026-07-07,379,19
29484,84,2026-07-07,190,7
29485,85,2026-07-07,196,13
29486,86,2026-07-07,163,10
29487,87,2026-07-07,168,11
29488,88,2026-07-07,169,9
29489,89,2026-07-07,297,18
29490,90,2026-07-07,208,10
29491,91,2026-07-07,173,12
29492,92,2026-07-07,445,28
29493,93,2026-07-07,225,14
29494,94,2026-07-07,171,12
29495,95,2026-07-07,231,16
29496,96,2026-07-07,139,9
29497,97,2026-07-07,202,9
29498,98,2026-07-07,194,12
29499,99,2026-07-07,194,10
29500,100,2026-07-07,194,10
29501,1,2026-07-08,187,14
29502,2,2026-07-08,215,12
29503,3,2026-07-08,216,14
29504,4,2026-07-08,310,17
29505,5,2026-07-08,262,15
29506,6,2026-07-08,311,18
29507,7,2026-07-08,329,19
29508,8,2026-07-08,262,20
29509,9,2026-07-08,194,11
29510,10,2026-07-08,150,11
29511,11,2026-07-08,237,12
29512,12,2026-07-08,224,11
29513,13,2026-07-08,147,4
29514,14,2026-07-08,210,10
29515,15,2026-07-08,176,8
29516,16,2026-07-08,221,12
29517,17,2026-07-08,289,15
29518,18,2026-07-08,207,15
29519,19,2026-07-08,170,9
29520,20,2026-07-08,127,7
29521,21,2026-07-08,141,7
29522,22,2026-07-08,211,12
29523,23,2026-07-08,151,7
29524,24,2026-07-08,258,19
29525,25,2026-07-08,142,6
29526,26,2026-07-08,253,14
29527,27,2026-07-08,175,7
29528,28,2026-07-08,146,7
29529,29,2026-07-08,234,12
29530,30,2026-07-08,180,12
29531,31,2026-07-08,154,8
29532,32,2026-07-08,201,11
29533,33,2026-07-08,161,11
29534,34,2026-07-08,109,7
29535,35,2026-07-08,140,12
29536,36,2026-07-08,286,16
29537,37,2026-07-08,215,10
29538,38,2026-07-08,191,7
29539,39,2026-07-08,189,10
29540,40,2026-07-08,159,8
29541,41,2026-07-08,173,6
29542,42,2026-07-08,233,15
29543,43,2026-07-08,183,7
29544,44,2026-07-08,116,7
29545,45,2026-07-08,242,16
29546,46,2026-07-08,204,14
29547,47,2026-07-08,196,11
29548,48,2026-07-08,141,3
29549,49,2026-07-08,170,11
29550,50,2026-07-08,202,14
29551,51,2026-07-08,222,14
29552,52,2026-07-08,157,11
29553,53,2026-07-08,139,9
29554,54,2026-07-08,136,9
29555,55,2026-07-08,191,13
29556,56,2026-07-08,252,15
29557,57,2026-07-08,149,4
29558,58,2026-07-08,207,13
29559,59,2026-07-08,179,10
29560,60,2026-07-08,167,9
29561,61,2026-07-08,219,14
29562,62,2026-07-08,183,11
29563,63,2026-07-08,267,19
29564,64,2026-07-08,171,11
29565,65,2026-07-08,211,10
29566,66,2026-07-08,182,10
29567,67,2026-07-08,216,13
29568,68,2026-07-08,104,5
29569,69,2026-07-08,226,13
29570,70,2026-07-08,119,5
29571,71,2026-07-08,213,12
29572,72,2026-07-08,230,12
29573,73,2026-07-08,204,11
29574,74,2026-07-08,178,10
29575,75,2026-07-08,221,12
29576,76,2026-07-08,287,19
29577,77,2026-07-08,104,7
29578,78,2026-07-08,154,10
29579,79,2026-07-08,154,9
29580,80,2026-07-08,300,13
29581,81,2026-07-08,189,12
29582,82,2026-07-08,182,11
29583,83,2026-07-08,252,19
29584,84,2026-07-08,198,11
29585,85,2026-07-08,205,11
29586,86,2026-07-08,157,10
29587,87,2026-07-08,165,10
29588,88,2026-07-08,184,11
29589,89,2026-07-08,314,17
29590,90,2026-07-08,181,10
29591,91,2026-07-08,170,10
29592,92,2026-07-08,441,25
29593,93,2026-07-08,236,15
29594,94,2026-07-08,187,12
29595,95,2026-07-08,235,15
29596,96,2026-07-08,148,7
29597,97,2026-07-08,209,14
29598,98,2026-07-08,195,14
29599,99,2026-07-08,215,11
29600,100,2026-07-08,213,12
29601,1,2026-07-09,138,7
29602,2,2026-07-09,170,9
29603,3,2026-07-09,178,12
29604,4,2026-07-09,248,13
29605,5,2026-07-09,247,14
29606,6,2026-07-09,229,12
29607,7,2026-07-09,279,18
29608,8,2026-07-09,221,11
29609,9,2026-07-09,176,8
29610,10,2026-07-09,140,7
29611,11,2026-07-09,187,15
29612,12,2026-07-09,218,14
29613,13,2026-07-09,139,5
29614,14,2026-07-09,169,8
29615,15,2026-07-09,155,9
29616,16,2026-07-09,237,17
29617,17,2026-07-09,255,16
29618,18,2026-07-09,199,12
29619,19,2026-07-09,171,9
29620,20,2026-07-09,107,7
29621,21,2026-07-09,121,6
29622,22,2026-07-09,201,16
29623,23,2026-07-09,125,7
29624,24,2026-07-09,234,12
29625,25,2026-07-09,128,9
29626,26,2026-07-09,236,14
29627,27,2026-07-09,154,6
29628,28,2026-07-09,113,1
29629,29,2026-07-09,192,8
29630,30,2026-07-09,170,11
29631,31,2026-07-09,158,11
29632,32,2026-07-09,165,12
29633,33,2026-07-09,142,11
29634,34,2026-07-09,95,5
29635,35,2026-07-09,120,12
29636,36,2026-07-09,242,12
29637,37,2026-07-09,224,15
29638,38,2026-07-09,166,11
29639,39,2026-07-09,151,10
29640,40,2026-07-09,127,6
29641,41,2026-07-09,138,11
29642,42,2026-07-09,213,12
29643,43,2026-07-09,164,13
29644,44,2026-07-09,87,5
29645,45,2026-07-09,189,12
29646,46,2026-07-09,174,11
29647,47,2026-07-09,180,9
29648,48,2026-07-09,125,8
29649,49,2026-07-09,160,12
29650,50,2026-07-09,180,10
29651,51,2026-07-09,201,12
29652,52,2026-07-09,128,5
29653,53,2026-07-09,117,8
29654,54,2026-07-09,122,5
29655,55,2026-07-09,170,12
29656,56,2026-07-09,206,10
29657,57,2026-07-09,135,8
29658,58,2026-07-09,196,9
29659,59,2026-07-09,169,8
29660,60,2026-07-09,151,12
29661,61,2026-07-09,186,12
29662,62,2026-07-09,199,12
29663,63,2026-07-09,254,14
29664,64,2026-07-09,149,10
29665,65,2026-07-09,182,9
29666,66,2026-07-09,158,8
29667,67,2026-07-09,196,13
29668,68,2026-07-09,87,6
29669,69,2026-07-09,226,11
29670,70,2026-07-09,98,7
29671,71,2026-07-09,206,12
29672,72,2026-07-09,239,15
29673,73,2026-07-09,170,11
29674,74,2026-07-09,154,7
29675,75,2026-07-09,177,9
29676,76,2026-07-09,179,8
29677,77,2026-07-09,95,2
29678,78,2026-07-09,137,6
29679,79,2026-07-09,137,8
29680,80,2026-07-09,287,14
29681,81,2026-07-09,158,7
29682,82,2026-07-09,159,9
29683,83,2026-07-09,174,12
29684,84,2026-07-09,183,10
29685,85,2026-07-09,162,9
29686,86,2026-07-09,123,6
29687,87,2026-07-09,151,11
29688,88,2026-07-09,173,8
29689,89,2026-07-09,305,18
29690,90,2026-07-09,171,7
29691,91,2026-07-09,158,10
29692,92,2026-07-09,418,23
29693,93,2026-07-09,160,8
29694,94,2026-07-09,176,15
29695,95,2026-07-09,251,13
29696,96,2026-07-09,132,5
29697,97,2026-07-09,169,8
29698,98,2026-07-09,194,11
29699,99,2026-07-09,157,9
29700,100,2026-07-09,176,11
29701,1,2026-07-10,137,8
29702,2,2026-07-10,156,8
29703,3,2026-07-10,201,11
29704,4,2026-07-10,266,13
29705,5,2026-07-10,220,14
29706,6,2026-07-10,283,14
29707,7,2026-07-10,300,16
29708,8,2026-07-10,273,11
29709,9,2026-07-10,194,9
29710,10,2026-07-10,136,11
29711,11,2026-07-10,172,6
29712,12,2026-07-10,208,14
29713,13,2026-07-10,135,5
29714,14,2026-07-10,188,10
29715,15,2026-07-10,143,8
29716,16,2026-07-10,193,9
29717,17,2026-07-10,260,15
29718,18,2026-07-10,172,10
29719,19,2026-07-10,183,10
29720,20,2026-07-10,110,6
29721,21,2026-07-10,113,5
29722,22,2026-07-10,205,9
29723,23,2026-07-10,130,6
29724,24,2026-07-10,211,12
29725,25,2026-07-10,111,8
29726,26,2026-07-10,212,7
29727,27,2026-07-10,175,11
29728,28,2026-07-10,122,9
29729,29,2026-07-10,213,12
29730,30,2026-07-10,169,12
29731,31,2026-07-10,138,9
29732,32,2026-07-10,171,6
29733,33,2026-07-10,164,6
29734,34,2026-07-10,95,5
29735,35,2026-07-10,124,5
29736,36,2026-07-10,268,15
29737,37,2026-07-10,165,10
29738,38,2026-07-10,165,8
29739,39,2026-07-10,168,14
29740,40,2026-07-10,150,5
29741,41,2026-07-10,133,10
29742,42,2026-07-10,197,12
29743,43,2026-07-10,165,6
29744,44,2026-07-10,112,7
29745,45,2026-07-10,182,13
29746,46,2026-07-10,170,9
29747,47,2026-07-10,164,9
29748,48,2026-07-10,132,8
29749,49,2026-07-10,129,3
29750,50,2026-07-10,179,12
29751,51,2026-07-10,211,13
29752,52,2026-07-10,144,8
29753,53,2026-07-10,130,7
29754,54,2026-07-10,139,9
29755,55,2026-07-10,163,11
29756,56,2026-07-10,187,13
29757,57,2026-07-10,122,5
29758,58,2026-07-10,212,14
29759,59,2026-07-10,180,9
29760,60,2026-07-10,138,6
29761,61,2026-07-10,180,11
29762,62,2026-07-10,187,13
29763,63,2026-07-10,279,17
29764,64,2026-07-10,141,9
29765,65,2026-07-10,217,14
29766,66,2026-07-10,126,4
29767,67,2026-07-10,233,14
29768,68,2026-07-10,92,4
29769,69,2026-07-10,216,7
29770,70,2026-07-10,90,5
29771,71,2026-07-10,209,12
29772,72,2026-07-10,206,11
29773,73,2026-07-10,183,11
29774,74,2026-07-10,127,10
29775,75,2026-07-10,167,12
29776,76,2026-07-10,173,9
29777,77,2026-07-10,89,5
29778,78,2026-07-10,145,10
29779,79,2026-07-10,119,10
29780,80,2026-07-10,304,19
29781,81,2026-07-10,147,7
29782,82,2026-07-10,181,9
29783,83,2026-07-10,193,12
29784,84,2026-07-10,186,11
29785,85,2026-07-10,150,11
29786,86,2026-07-10,132,10
29787,87,2026-07-10,165,11
29788,88,2026-07-10,189,7
29789,89,2026-07-10,236,14
29790,90,2026-07-10,197,12
29791,91,2026-07-10,171,9
29792,92,2026-07-10,400,24
29793,93,2026-07-10,206,9
29794,94,2026-07-10,186,10
29795,95,2026-07-10,222,13
29796,96,2026-07-10,122,8
29797,97,2026-07-10,172,12
29798,98,2026-07-10,215,11
29799,99,2026-07-10,158,7
29800,100,2026-07-10,197,13
29801,1,2026-07-11,152,6
29802,2,2026-07-11,152,6
29803,3,2026-07-11,182,11
29804,4,2026-07-11,251,15
29805,5,2026-07-11,200,13
29806,6,2026-07-11,211,13
29807,7,2026-07-11,308,19
29808,8,2026-07-11,241,17
29809,9,2026-07-11,197,13
29810,10,2026-07-11,135,7
29811,11,2026-07-11,159,5
29812,12,2026-07-11,206,12
29813,13,2026-07-11,120,5
29814,14,2026-07-11,178,11
29815,15,2026-07-11,171,6
29816,16,2026-07-11,243,15
29817,17,2026-07-11,235,13
29818,18,2026-07-11,184,11
29819,19,2026-07-11,169,6
29820,20,2026-07-11,104,6
29821,21,2026-07-11,142,11
29822,22,2026-07-11,197,12
29823,23,2026-07-11,134,7
29824,24,2026-07-11,190,9
29825,25,2026-07-11,155,9
29826,26,2026-07-11,227,18
29827,27,2026-07-11,155,10
29828,28,2026-07-11,115,7
29829,29,2026-07-11,204,14
29830,30,2026-07-11,157,7
29831,31,2026-07-11,129,6
29832,32,2026-07-11,190,14
29833,33,2026-07-11,134,7
29834,34,2026-07-11,117,9
29835,35,2026-07-11,119,8
29836,36,2026-07-11,276,18
29837,37,2026-07-11,208,12
29838,38,2026-07-11,183,8
29839,39,2026-07-11,164,10
29840,40,2026-07-11,131,2
29841,41,2026-07-11,160,8
29842,42,2026-07-11,164,7
29843,43,2026-07-11,165,6
29844,44,2026-07-11,98,4
29845,45,2026-07-11,190,11
29846,46,2026-07-11,201,9
29847,47,2026-07-11,174,13
29848,48,2026-07-11,134,7
29849,49,2026-07-11,135,7
29850,50,2026-07-11,199,12
29851,51,2026-07-11,221,15
29852,52,2026-07-11,146,6
29853,53,2026-07-11,110,3
29854,54,2026-07-11,123,11
29855,55,2026-07-11,181,10
29856,56,2026-07-11,192,11
29857,57,2026-07-11,128,6
29858,58,2026-07-11,185,10
29859,59,2026-07-11,149,8
29860,60,2026-07-11,163,10
29861,61,2026-07-11,214,11
29862,62,2026-07-11,154,5
29863,63,2026-07-11,275,14
29864,64,2026-07-11,136,9
29865,65,2026-07-11,215,12
29866,66,2026-07-11,162,11
29867,67,2026-07-11,214,15
29868,68,2026-07-11,93,4
29869,69,2026-07-11,219,15
29870,70,2026-07-11,108,4
29871,71,2026-07-11,214,9
29872,72,2026-07-11,229,16
29873,73,2026-07-11,210,10
29874,74,2026-07-11,133,9
29875,75,2026-07-11,163,11
29876,76,2026-07-11,152,10
29877,77,2026-07-11,96,3
29878,78,2026-07-11,140,7
29879,79,2026-07-11,125,8
29880,80,2026-07-11,253,18
29881,81,2026-07-11,158,8
29882,82,2026-07-11,154,11
29883,83,2026-07-11,216,9
29884,84,2026-07-11,161,9
29885,85,2026-07-11,166,13
29886,86,2026-07-11,149,8
29887,87,2026-07-11,154,13
29888,88,2026-07-11,160,10
29889,89,2026-07-11,252,13
29890,90,2026-07-11,172,12
29891,91,2026-07-11,145,6
29892,92,2026-07-11,374,22
29893,93,2026-07-11,227,16
29894,94,2026-07-11,160,7
29895,95,2026-07-11,213,10
29896,96,2026-07-11,141,5
29897,97,2026-07-11,169,7
29898,98,2026-07-11,201,14
29899,99,2026-07-11,157,6
29900,100,2026-07-11,156,12
29901,1,2026-07-12,87,2
29902,2,2026-07-12,75,1
29903,3,2026-07-12,79,4
29904,4,2026-07-12,182,8
29905,5,2026-07-12,123,2
29906,6,2026-07-12,125,6
29907,7,2026-07-12,190,10
29908,8,2026-07-12,139,7
29909,9,2026-07-12,108,5
29910,10,2026-07-12,82,4
29911,11,2026-07-12,130,7
29912,12,2026-07-12,106,5
29913,13,2026-07-12,50,6
29914,14,2026-07-12,93,5
29915,15,2026-07-12,104,6
29916,16,2026-07-12,127,9
29917,17,2026-07-12,131,7
29918,18,2026-07-12,104,6
29919,19,2026-07-12,83,4
29920,20,2026-07-12,54,1
29921,21,2026-07-12,70,2
29922,22,2026-07-12,109,9
29923,23,2026-07-12,73,4
29924,24,2026-07-12,111,6
29925,25,2026-07-12,94,10
29926,26,2026-07-12,104,3
29927,27,2026-07-12,85,7
29928,28,2026-07-12,82,1
29929,29,2026-07-12,82,8
29930,30,2026-07-12,96,8
29931,31,2026-07-12,86,3
29932,32,2026-07-12,83,6
29933,33,2026-07-12,89,8
29934,34,2026-07-12,67,4
29935,35,2026-07-12,67,0
29936,36,2026-07-12,159,12
29937,37,2026-07-12,108,4
29938,38,2026-07-12,93,4
29939,39,2026-07-12,107,8
29940,40,2026-07-12,50,5
29941,41,2026-07-12,102,3
29942,42,2026-07-12,135,7
29943,43,2026-07-12,90,8
29944,44,2026-07-12,58,5
29945,45,2026-07-12,117,7
29946,46,2026-07-12,90,3
29947,47,2026-07-12,117,5
29948,48,2026-07-12,81,9
29949,49,2026-07-12,88,5
29950,50,2026-07-12,117,5
29951,51,2026-07-12,134,8
29952,52,2026-07-12,75,1
29953,53,2026-07-12,71,4
29954,54,2026-07-12,69,3
29955,55,2026-07-12,102,7
29956,56,2026-07-12,121,5
29957,57,2026-07-12,75,4
29958,58,2026-07-12,118,7
29959,59,2026-07-12,116,6
29960,60,2026-07-12,73,5
29961,61,2026-07-12,92,4
29962,62,2026-07-12,85,4
29963,63,2026-07-12,152,10
29964,64,2026-07-12,78,3
29965,65,2026-07-12,122,5
29966,66,2026-07-12,88,1
29967,67,2026-07-12,138,8
29968,68,2026-07-12,56,1
29969,69,2026-07-12,135,7
29970,70,2026-07-12,53,4
29971,71,2026-07-12,126,7
29972,72,2026-07-12,108,6
29973,73,2026-07-12,113,6
29974,74,2026-07-12,100,8
29975,75,2026-07-12,93,3
29976,76,2026-07-12,125,7
29977,77,2026-07-12,55,2
29978,78,2026-07-12,96,6
29979,79,2026-07-12,70,6
29980,80,2026-07-12,142,9
29981,81,2026-07-12,118,6
29982,82,2026-07-12,88,1
29983,83,2026-07-12,135,5
29984,84,2026-07-12,87,7
29985,85,2026-07-12,101,6
29986,86,2026-07-12,68,2
29987,87,2026-07-12,76,4
29988,88,2026-07-12,113,7
29989,89,2026-07-12,133,5
29990,90,2026-07-12,116,6
29991,91,2026-07-12,90,5
29992,92,2026-07-12,230,12
29993,93,2026-07-12,118,9
29994,94,2026-07-12,101,6
29995,95,2026-07-12,81,3
29996,96,2026-07-12,72,1
29997,97,2026-07-12,82,4
29998,98,2026-07-12,121,5
29999,99,2026-07-12,105,8
30000,100,2026-07-12,113,8
30001,1,2026-07-13,211,16
30002,2,2026-07-13,212,14
30003,3,2026-07-13,240,14
30004,4,2026-07-13,338,18
30005,5,2026-07-13,320,18
30006,6,2026-07-13,341,21
30007,7,2026-07-13,366,21
30008,8,2026-07-13,353,20
30009,9,2026-07-13,246,15
30010,10,2026-07-13,171,11
30011,11,2026-07-13,254,15
30012,12,2026-07-13,274,13
30013,13,2026-07-13,188,10
30014,14,2026-07-13,238,15
30015,15,2026-07-13,219,15
30016,16,2026-07-13,280,14
30017,17,2026-07-13,335,18
30018,18,2026-07-13,242,18
30019,19,2026-07-13,182,10
30020,20,2026-07-13,145,10
30021,21,2026-07-13,170,11
30022,22,2026-07-13,250,14
30023,23,2026-07-13,159,12
30024,24,2026-07-13,264,13
30025,25,2026-07-13,179,8
30026,26,2026-07-13,270,15
30027,27,2026-07-13,196,15
30028,28,2026-07-13,156,14
30029,29,2026-07-13,297,17
30030,30,2026-07-13,238,14
30031,31,2026-07-13,167,7
30032,32,2026-07-13,218,13
30033,33,2026-07-13,188,12
30034,34,2026-07-13,127,8
30035,35,2026-07-13,156,8
30036,36,2026-07-13,336,24
30037,37,2026-07-13,267,18
30038,38,2026-07-13,208,12
30039,39,2026-07-13,219,11
30040,40,2026-07-13,176,10
30041,41,2026-07-13,198,14
30042,42,2026-07-13,272,15
30043,43,2026-07-13,205,14
30044,44,2026-07-13,144,10
30045,45,2026-07-13,260,16
30046,46,2026-07-13,240,18
30047,47,2026-07-13,203,9
30048,48,2026-07-13,194,12
30049,49,2026-07-13,205,14
30050,50,2026-07-13,262,13
30051,51,2026-07-13,275,17
30052,52,2026-07-13,185,11
30053,53,2026-07-13,147,7
30054,54,2026-07-13,169,9
30055,55,2026-07-13,209,11
30056,56,2026-07-13,295,16
30057,57,2026-07-13,143,5
30058,58,2026-07-13,255,15
30059,59,2026-07-13,210,10
30060,60,2026-07-13,215,15
30061,61,2026-07-13,246,14
30062,62,2026-07-13,225,12
30063,63,2026-07-13,339,22
30064,64,2026-07-13,196,13
30065,65,2026-07-13,291,16
30066,66,2026-07-13,204,9
30067,67,2026-07-13,285,20
30068,68,2026-07-13,120,6
30069,69,2026-07-13,249,15
30070,70,2026-07-13,124,6
30071,71,2026-07-13,260,19
30072,72,2026-07-13,271,17
30073,73,2026-07-13,242,15
30074,74,2026-07-13,201,11
30075,75,2026-07-13,260,16
30076,76,2026-07-13,201,10
30077,77,2026-07-13,127,8
30078,78,2026-07-13,199,8
30079,79,2026-07-13,168,11
30080,80,2026-07-13,310,17
30081,81,2026-07-13,200,12
30082,82,2026-07-13,194,9
30083,83,2026-07-13,246,13
30084,84,2026-07-13,255,15
30085,85,2026-07-13,249,16
30086,86,2026-07-13,184,12
30087,87,2026-07-13,208,15
30088,88,2026-07-13,234,10
30089,89,2026-07-13,344,20
30090,90,2026-07-13,211,15
30091,91,2026-07-13,212,11
30092,92,2026-07-13,512,31
30093,93,2026-07-13,268,14
30094,94,2026-07-13,223,15
30095,95,2026-07-13,286,20
30096,96,2026-07-13,192,11
30097,97,2026-07-13,221,13
30098,98,2026-07-13,238,10
30099,99,2026-07-13,226,11
30100,100,2026-07-13,269,18
30101,1,2026-07-14,192,7
30102,2,2026-07-14,166,8
30103,3,2026-07-14,206,16
30104,4,2026-07-14,296,16
30105,5,2026-07-14,245,11
30106,6,2026-07-14,280,18
30107,7,2026-07-14,284,20
30108,8,2026-07-14,275,21
30109,9,2026-07-14,241,11
30110,10,2026-07-14,151,9
30111,11,2026-07-14,200,9
30112,12,2026-07-14,225,16
30113,13,2026-07-14,156,9
30114,14,2026-07-14,191,12
30115,15,2026-07-14,158,8
30116,16,2026-07-14,242,14
30117,17,2026-07-14,241,14
30118,18,2026-07-14,207,16
30119,19,2026-07-14,199,13
30120,20,2026-07-14,115,8
30121,21,2026-07-14,127,6
30122,22,2026-07-14,230,10
30123,23,2026-07-14,143,9
30124,24,2026-07-14,245,11
30125,25,2026-07-14,166,8
30126,26,2026-07-14,231,14
30127,27,2026-07-14,167,8
30128,28,2026-07-14,136,5
30129,29,2026-07-14,208,11
30130,30,2026-07-14,174,8
30131,31,2026-07-14,172,8
30132,32,2026-07-14,173,10
30133,33,2026-07-14,169,9
30134,34,2026-07-14,118,6
30135,35,2026-07-14,164,12
30136,36,2026-07-14,299,16
30137,37,2026-07-14,220,15
30138,38,2026-07-14,176,12
30139,39,2026-07-14,193,13
30140,40,2026-07-14,155,8
30141,41,2026-07-14,169,10
30142,42,2026-07-14,223,11
30143,43,2026-07-14,191,6
30144,44,2026-07-14,113,5
30145,45,2026-07-14,208,13
30146,46,2026-07-14,223,12
30147,47,2026-07-14,170,11
30148,48,2026-07-14,169,13
30149,49,2026-07-14,190,11
30150,50,2026-07-14,224,12
30151,51,2026-07-14,207,9
30152,52,2026-07-14,151,8
30153,53,2026-07-14,129,8
30154,54,2026-07-14,148,8
30155,55,2026-07-14,180,11
30156,56,2026-07-14,235,13
30157,57,2026-07-14,138,8
30158,58,2026-07-14,198,14
30159,59,2026-07-14,169,7
30160,60,2026-07-14,192,12
30161,61,2026-07-14,222,12
30162,62,2026-07-14,194,12
30163,63,2026-07-14,278,14
30164,64,2026-07-14,164,9
30165,65,2026-07-14,219,10
30166,66,2026-07-14,184,10
30167,67,2026-07-14,255,14
30168,68,2026-07-14,97,11
30169,69,2026-07-14,232,18
30170,70,2026-07-14,130,11
30171,71,2026-07-14,187,13
30172,72,2026-07-14,269,17
30173,73,2026-07-14,208,12
30174,74,2026-07-14,179,11
30175,75,2026-07-14,213,11
30176,76,2026-07-14,158,9
30177,77,2026-07-14,116,7
30178,78,2026-07-14,157,10
30179,79,2026-07-14,163,8
30180,80,2026-07-14,256,12
30181,81,2026-07-14,162,9
30182,82,2026-07-14,172,12
30183,83,2026-07-14,249,17
30184,84,2026-07-14,203,8
30185,85,2026-07-14,224,13
30186,86,2026-07-14,164,9
30187,87,2026-07-14,196,11
30188,88,2026-07-14,201,11
30189,89,2026-07-14,296,17
30190,90,2026-07-14,188,11
30191,91,2026-07-14,181,13
30192,92,2026-07-14,402,28
30193,93,2026-07-14,208,11
30194,94,2026-07-14,192,8
30195,95,2026-07-14,234,15
30196,96,2026-07-14,152,8
30197,97,2026-07-14,194,11
30198,98,2026-07-14,210,10
30199,99,2026-07-14,206,14
30200,100,2026-07-14,220,12
30201,1,2026-07-15,168,13
30202,2,2026-07-15,192,10
30203,3,2026-07-15,231,13
30204,4,2026-07-15,294,16
30205,5,2026-07-15,290,15
30206,6,2026-07-15,232,12
30207,7,2026-07-15,340,17
30208,8,2026-07-15,284,16
30209,9,2026-07-15,216,11
30210,10,2026-07-15,148,10
30211,11,2026-07-15,202,14
30212,12,2026-07-15,197,12
30213,13,2026-07-15,161,11
30214,14,2026-07-15,224,13
30215,15,2026-07-15,165,6
30216,16,2026-07-15,219,14
30217,17,2026-07-15,263,16
30218,18,2026-07-15,194,13
30219,19,2026-07-15,186,9
30220,20,2026-07-15,129,6
30221,21,2026-07-15,141,9
30222,22,2026-07-15,220,14
30223,23,2026-07-15,163,9
30224,24,2026-07-15,259,15
30225,25,2026-07-15,141,4
30226,26,2026-07-15,235,16
30227,27,2026-07-15,198,11
30228,28,2026-07-15,138,11
30229,29,2026-07-15,210,11
30230,30,2026-07-15,182,10
30231,31,2026-07-15,160,7
30232,32,2026-07-15,189,14
30233,33,2026-07-15,189,10
30234,34,2026-07-15,123,8
30235,35,2026-07-15,145,8
30236,36,2026-07-15,265,13
30237,37,2026-07-15,224,13
30238,38,2026-07-15,199,16
30239,39,2026-07-15,176,10
30240,40,2026-07-15,160,7
30241,41,2026-07-15,179,8
30242,42,2026-07-15,272,15
30243,43,2026-07-15,193,13
30244,44,2026-07-15,138,9
30245,45,2026-07-15,232,13
30246,46,2026-07-15,214,14
30247,47,2026-07-15,205,11
30248,48,2026-07-15,167,8
30249,49,2026-07-15,163,8
30250,50,2026-07-15,223,10
30251,51,2026-07-15,231,18
30252,52,2026-07-15,151,10
30253,53,2026-07-15,133,6
30254,54,2026-07-15,135,7
30255,55,2026-07-15,213,8
30256,56,2026-07-15,233,15
30257,57,2026-07-15,146,9
30258,58,2026-07-15,205,15
30259,59,2026-07-15,165,8
30260,60,2026-07-15,188,10
30261,61,2026-07-15,205,14
30262,62,2026-07-15,177,11
30263,63,2026-07-15,288,17
30264,64,2026-07-15,178,11
30265,65,2026-07-15,252,15
30266,66,2026-07-15,192,12
30267,67,2026-07-15,232,11
30268,68,2026-07-15,105,5
30269,69,2026-07-15,249,15
30270,70,2026-07-15,120,7
30271,71,2026-07-15,230,13
30272,72,2026-07-15,242,13
30273,73,2026-07-15,235,11
30274,74,2026-07-15,178,10
30275,75,2026-07-15,206,10
30276,76,2026-07-15,174,10
30277,77,2026-07-15,112,7
30278,78,2026-07-15,175,9
30279,79,2026-07-15,143,4
30280,80,2026-07-15,351,20
30281,81,2026-07-15,172,10
30282,82,2026-07-15,206,13
30283,83,2026-07-15,195,10
30284,84,2026-07-15,226,12
30285,85,2026-07-15,211,10
30286,86,2026-07-15,151,10
30287,87,2026-07-15,186,10
30288,88,2026-07-15,204,11
30289,89,2026-07-15,293,21
30290,90,2026-07-15,184,8
30291,91,2026-07-15,164,8
30292,92,2026-07-15,453,29
30293,93,2026-07-15,214,14
30294,94,2026-07-15,198,14
30295,95,2026-07-15,245,16
30296,96,2026-07-15,151,10
30297,97,2026-07-15,221,13
30298,98,2026-07-15,237,11
30299,99,2026-07-15,191,11
30300,100,2026-07-15,241,13
30301,1,2026-07-16,134,7
30302,2,2026-07-16,185,10
30303,3,2026-07-16,203,12
30304,4,2026-07-16,304,20
30305,5,2026-07-16,250,14
30306,6,2026-07-16,249,15
30307,7,2026-07-16,329,19
30308,8,2026-07-16,241,13
30309,9,2026-07-16,203,11
30310,10,2026-07-16,137,10
30311,11,2026-07-16,186,10
30312,12,2026-07-16,170,10
30313,13,2026-07-16,123,5
30314,14,2026-07-16,201,16
30315,15,2026-07-16,145,6
30316,16,2026-07-16,194,12
30317,17,2026-07-16,254,14
30318,18,2026-07-16,184,6
30319,19,2026-07-16,164,10
30320,20,2026-07-16,116,5
30321,21,2026-07-16,111,8
30322,22,2026-07-16,209,15
30323,23,2026-07-16,134,9
30324,24,2026-07-16,194,13
30325,25,2026-07-16,137,6
30326,26,2026-07-16,218,13
30327,27,2026-07-16,161,6
30328,28,2026-07-16,113,7
30329,29,2026-07-16,163,7
30330,30,2026-07-16,169,11
30331,31,2026-07-16,146,8
30332,32,2026-07-16,142,10
30333,33,2026-07-16,141,10
30334,34,2026-07-16,121,7
30335,35,2026-07-16,124,7
30336,36,2026-07-16,284,14
30337,37,2026-07-16,208,12
30338,38,2026-07-16,166,8
30339,39,2026-07-16,177,11
30340,40,2026-07-16,150,9
30341,41,2026-07-16,138,7
30342,42,2026-07-16,202,11
30343,43,2026-07-16,138,11
30344,44,2026-07-16,103,7
30345,45,2026-07-16,181,13
30346,46,2026-07-16,149,8
30347,47,2026-07-16,156,7
30348,48,2026-07-16,143,8
30349,49,2026-07-16,144,8
30350,50,2026-07-16,177,10
30351,51,2026-07-16,213,14
30352,52,2026-07-16,145,7
30353,53,2026-07-16,107,4
30354,54,2026-07-16,125,7
30355,55,2026-07-16,145,7
30356,56,2026-07-16,198,13
30357,57,2026-07-16,121,6
30358,58,2026-07-16,172,11
30359,59,2026-07-16,157,11
30360,60,2026-07-16,149,10
30361,61,2026-07-16,205,12
30362,62,2026-07-16,170,8
30363,63,2026-07-16,242,13
30364,64,2026-07-16,137,8
30365,65,2026-07-16,229,13
30366,66,2026-07-16,166,9
30367,67,2026-07-16,196,14
30368,68,2026-07-16,96,6
30369,69,2026-07-16,198,11
30370,70,2026-07-16,106,6
30371,71,2026-07-16,208,8
30372,72,2026-07-16,215,12
30373,73,2026-07-16,203,8
30374,74,2026-07-16,168,9
30375,75,2026-07-16,201,13
30376,76,2026-07-16,133,8
30377,77,2026-07-16,99,7
30378,78,2026-07-16,163,7
30379,79,2026-07-16,113,8
30380,80,2026-07-16,240,14
30381,81,2026-07-16,152,9
30382,82,2026-07-16,172,8
30383,83,2026-07-16,222,12
30384,84,2026-07-16,179,11
30385,85,2026-07-16,167,3
30386,86,2026-07-16,147,12
30387,87,2026-07-16,161,6
30388,88,2026-07-16,208,15
30389,89,2026-07-16,312,14
30390,90,2026-07-16,186,10
30391,91,2026-07-16,144,9
30392,92,2026-07-16,375,21
30393,93,2026-07-16,214,13
30394,94,2026-07-16,180,10
30395,95,2026-07-16,213,14
30396,96,2026-07-16,118,7
30397,97,2026-07-16,178,9
30398,98,2026-07-16,184,10
30399,99,2026-07-16,127,7
30400,100,2026-07-16,183,9
30401,1,2026-07-17,151,11
30402,2,2026-07-17,172,10
30403,3,2026-07-17,168,12
30404,4,2026-07-17,249,14
30405,5,2026-07-17,256,16
30406,6,2026-07-17,269,18
30407,7,2026-07-17,305,16
30408,8,2026-07-17,297,17
30409,9,2026-07-17,203,11
30410,10,2026-07-17,141,5
30411,11,2026-07-17,191,11
30412,12,2026-07-17,186,11
30413,13,2026-07-17,153,8
30414,14,2026-07-17,194,13
30415,15,2026-07-17,167,10
30416,16,2026-07-17,203,11
30417,17,2026-07-17,236,13
30418,18,2026-07-17,162,7
30419,19,2026-07-17,162,8
30420,20,2026-07-17,102,6
30421,21,2026-07-17,123,5
30422,22,2026-07-17,196,11
30423,23,2026-07-17,124,7
30424,24,2026-07-17,227,16
30425,25,2026-07-17,121,10
30426,26,2026-07-17,205,10
30427,27,2026-07-17,162,10
30428,28,2026-07-17,115,3
30429,29,2026-07-17,176,7
30430,30,2026-07-17,173,8
30431,31,2026-07-17,142,9
30432,32,2026-07-17,170,11
30433,33,2026-07-17,146,8
30434,34,2026-07-17,100,5
30435,35,2026-07-17,133,8
30436,36,2026-07-17,294,13
30437,37,2026-07-17,188,11
30438,38,2026-07-17,167,8
30439,39,2026-07-17,160,10
30440,40,2026-07-17,131,9
30441,41,2026-07-17,141,9
30442,42,2026-07-17,200,13
30443,43,2026-07-17,140,8
30444,44,2026-07-17,120,8
30445,45,2026-07-17,191,9
30446,46,2026-07-17,171,10
30447,47,2026-07-17,155,9
30448,48,2026-07-17,142,6
30449,49,2026-07-17,139,10
30450,50,2026-07-17,188,13
30451,51,2026-07-17,176,9
30452,52,2026-07-17,158,8
30453,53,2026-07-17,127,5
30454,54,2026-07-17,122,6
30455,55,2026-07-17,155,13
30456,56,2026-07-17,219,11
30457,57,2026-07-17,117,8
30458,58,2026-07-17,207,13
30459,59,2026-07-17,154,12
30460,60,2026-07-17,166,10
30461,61,2026-07-17,190,9
30462,62,2026-07-17,158,11
30463,63,2026-07-17,217,13
30464,64,2026-07-17,147,10
30465,65,2026-07-17,212,14
30466,66,2026-07-17,150,10
30467,67,2026-07-17,215,8
30468,68,2026-07-17,90,5
30469,69,2026-07-17,206,11
30470,70,2026-07-17,95,8
30471,71,2026-07-17,175,9
30472,72,2026-07-17,260,20
30473,73,2026-07-17,183,10
30474,74,2026-07-17,159,11
30475,75,2026-07-17,184,13
30476,76,2026-07-17,166,10
30477,77,2026-07-17,104,6
30478,78,2026-07-17,113,7
30479,79,2026-07-17,126,9
30480,80,2026-07-17,282,17
30481,81,2026-07-17,158,11
30482,82,2026-07-17,157,7
30483,83,2026-07-17,215,11
30484,84,2026-07-17,186,8
30485,85,2026-07-17,185,11
30486,86,2026-07-17,137,9
30487,87,2026-07-17,182,10
30488,88,2026-07-17,172,11
30489,89,2026-07-17,233,14
30490,90,2026-07-17,183,14
30491,91,2026-07-17,157,11
30492,92,2026-07-17,387,27
30493,93,2026-07-17,221,14
30494,94,2026-07-17,188,9
30495,95,2026-07-17,191,11
30496,96,2026-07-17,135,10
30497,97,2026-07-17,172,8
30498,98,2026-07-17,194,7
30499,99,2026-07-17,193,10
30500,100,2026-07-17,209,11
30501,1,2026-07-18,160,8
30502,2,2026-07-18,173,14
30503,3,2026-07-18,175,14
30504,4,2026-07-18,253,11
30505,5,2026-07-18,245,12
30506,6,2026-07-18,276,16
30507,7,2026-07-18,312,18
30508,8,2026-07-18,257,15
30509,9,2026-07-18,170,8
30510,10,2026-07-18,133,8
30511,11,2026-07-18,194,13
30512,12,2026-07-18,208,7
30513,13,2026-07-18,145,7
30514,14,2026-07-18,190,11
30515,15,2026-07-18,140,7
30516,16,2026-07-18,189,10
30517,17,2026-07-18,268,14
30518,18,2026-07-18,166,11
30519,19,2026-07-18,166,10
30520,20,2026-07-18,105,7
30521,21,2026-07-18,134,8
30522,22,2026-07-18,224,20
30523,23,2026-07-18,160,8
30524,24,2026-07-18,213,17
30525,25,2026-07-18,125,9
30526,26,2026-07-18,192,11
30527,27,2026-07-18,161,11
30528,28,2026-07-18,200,12
30529,29,2026-07-18,196,9
30530,30,2026-07-18,163,7
30531,31,2026-07-18,151,10
30532,32,2026-07-18,152,9
30533,33,2026-07-18,159,6
30534,34,2026-07-18,118,2
30535,35,2026-07-18,118,10
30536,36,2026-07-18,277,16
30537,37,2026-07-18,209,13
30538,38,2026-07-18,158,11
30539,39,2026-07-18,159,11
30540,40,2026-07-18,133,10
30541,41,2026-07-18,137,6
30542,42,2026-07-18,212,15
30543,43,2026-07-18,164,9
30544,44,2026-07-18,114,6
30545,45,2026-07-18,186,9
30546,46,2026-07-18,179,8
30547,47,2026-07-18,155,10
30548,48,2026-07-18,137,10
30549,49,2026-07-18,130,5
30550,50,2026-07-18,210,9
30551,51,2026-07-18,204,12
30552,52,2026-07-18,153,11
30553,53,2026-07-18,121,8
30554,54,2026-07-18,136,7
30555,55,2026-07-18,144,9
30556,56,2026-07-18,206,12
30557,57,2026-07-18,131,10
30558,58,2026-07-18,196,13
30559,59,2026-07-18,185,12
30560,60,2026-07-18,169,8
30561,61,2026-07-18,200,10
30562,62,2026-07-18,178,12
30563,63,2026-07-18,286,19
30564,64,2026-07-18,156,10
30565,65,2026-07-18,223,13
30566,66,2026-07-18,144,11
30567,67,2026-07-18,196,12
30568,68,2026-07-18,91,1
30569,69,2026-07-18,197,13
30570,70,2026-07-18,92,3
30571,71,2026-07-18,188,10
30572,72,2026-07-18,274,19
30573,73,2026-07-18,238,13
30574,74,2026-07-18,141,8
30575,75,2026-07-18,186,13
30576,76,2026-07-18,163,10
30577,77,2026-07-18,90,5
30578,78,2026-07-18,132,7
30579,79,2026-07-18,120,9
30580,80,2026-07-18,257,15
30581,81,2026-07-18,152,10
30582,82,2026-07-18,183,12
30583,83,2026-07-18,186,14
30584,84,2026-07-18,190,7
30585,85,2026-07-18,158,11
30586,86,2026-07-18,146,10
30587,87,2026-07-18,155,10
30588,88,2026-07-18,166,7
30589,89,2026-07-18,269,17
30590,90,2026-07-18,195,13
30591,91,2026-07-18,161,10
30592,92,2026-07-18,409,27
30593,93,2026-07-18,199,9
30594,94,2026-07-18,159,10
30595,95,2026-07-18,221,13
30596,96,2026-07-18,131,15
30597,97,2026-07-18,180,13
30598,98,2026-07-18,177,8
30599,99,2026-07-18,170,9
30600,100,2026-07-18,193,7
30601,1,2026-07-19,113,7
30602,2,2026-07-19,85,7
30603,3,2026-07-19,97,5
30604,4,2026-07-19,132,8
30605,5,2026-07-19,143,7
30606,6,2026-07-19,113,4
30607,7,2026-07-19,159,8
30608,8,2026-07-19,154,8
30609,9,2026-07-19,101,5
30610,10,2026-07-19,64,2
30611,11,2026-07-19,108,7
30612,12,2026-07-19,115,4
30613,13,2026-07-19,70,3
30614,14,2026-07-19,96,6
30615,15,2026-07-19,98,3
30616,16,2026-07-19,138,10
30617,17,2026-07-19,150,9
30618,18,2026-07-19,109,6
30619,19,2026-07-19,115,7
30620,20,2026-07-19,73,4
30621,21,2026-07-19,52,2
30622,22,2026-07-19,118,6
30623,23,2026-07-19,77,2
30624,24,2026-07-19,120,6
30625,25,2026-07-19,53,0
30626,26,2026-07-19,167,9
30627,27,2026-07-19,97,5
30628,28,2026-07-19,123,5
30629,29,2026-07-19,108,5
30630,30,2026-07-19,101,9
30631,31,2026-07-19,83,3
30632,32,2026-07-19,121,7
30633,33,2026-07-19,66,6
30634,34,2026-07-19,50,1
30635,35,2026-07-19,60,2
30636,36,2026-07-19,192,12
30637,37,2026-07-19,105,6
30638,38,2026-07-19,80,5
30639,39,2026-07-19,90,2
30640,40,2026-07-19,81,6
30641,41,2026-07-19,64,2
30642,42,2026-07-19,113,6
30643,43,2026-07-19,108,5
30644,44,2026-07-19,54,3
30645,45,2026-07-19,140,7
30646,46,2026-07-19,99,8
30647,47,2026-07-19,75,3
30648,48,2026-07-19,79,3
30649,49,2026-07-19,80,5
30650,50,2026-07-19,83,8
30651,51,2026-07-19,120,10
30652,52,2026-07-19,88,4
30653,53,2026-07-19,63,4
30654,54,2026-07-19,90,3
30655,55,2026-07-19,90,9
30656,56,2026-07-19,132,7
30657,57,2026-07-19,73,4
30658,58,2026-07-19,118,7
30659,59,2026-07-19,92,3
30660,60,2026-07-19,109,5
30661,61,2026-07-19,130,6
30662,62,2026-07-19,85,4
30663,63,2026-07-19,162,11
30664,64,2026-07-19,68,7
30665,65,2026-07-19,141,8
30666,66,2026-07-19,94,7
30667,67,2026-07-19,119,4
30668,68,2026-07-19,56,5
30669,69,2026-07-19,120,7
30670,70,2026-07-19,68,5
30671,71,2026-07-19,133,10
30672,72,2026-07-19,116,9
30673,73,2026-07-19,100,2
30674,74,2026-07-19,90,4
30675,75,2026-07-19,75,4
30676,76,2026-07-19,91,5
30677,77,2026-07-19,67,0
30678,78,2026-07-19,76,3
30679,79,2026-07-19,77,3
30680,80,2026-07-19,179,11
30681,81,2026-07-19,116,5
30682,82,2026-07-19,98,4
30683,83,2026-07-19,101,9
30684,84,2026-07-19,117,10
30685,85,2026-07-19,83,4
30686,86,2026-07-19,87,4
30687,87,2026-07-19,99,9
30688,88,2026-07-19,94,2
30689,89,2026-07-19,160,6
30690,90,2026-07-19,118,4
30691,91,2026-07-19,107,5
30692,92,2026-07-19,196,6
30693,93,2026-07-19,114,5
30694,94,2026-07-19,88,7
30695,95,2026-07-19,126,8
30696,96,2026-07-19,86,4
30697,97,2026-07-19,104,5
30698,98,2026-07-19,96,2
30699,99,2026-07-19,86,4
30700,100,2026-07-19,113,3
30701,1,2026-07-20,207,11
30702,2,2026-07-20,203,13
30703,3,2026-07-20,252,18
30704,4,2026-07-20,345,18
30705,5,2026-07-20,315,21
30706,6,2026-07-20,307,19
30707,7,2026-07-20,371,21
30708,8,2026-07-20,327,19
30709,9,2026-07-20,239,10
30710,10,2026-07-20,166,9
30711,11,2026-07-20,249,15
30712,12,2026-07-20,271,17
30713,13,2026-07-20,176,10
30714,14,2026-07-20,246,14
30715,15,2026-07-20,202,7
30716,16,2026-07-20,256,14
30717,17,2026-07-20,289,19
30718,18,2026-07-20,258,14
30719,19,2026-07-20,207,11
30720,20,2026-07-20,147,6
30721,21,2026-07-20,166,11
30722,22,2026-07-20,299,21
30723,23,2026-07-20,163,7
30724,24,2026-07-20,292,17
30725,25,2026-07-20,168,6
30726,26,2026-07-20,316,20
30727,27,2026-07-20,186,11
30728,28,2026-07-20,269,16
30729,29,2026-07-20,261,18
30730,30,2026-07-20,230,14
30731,31,2026-07-20,197,13
30732,32,2026-07-20,228,11
30733,33,2026-07-20,193,11
30734,34,2026-07-20,136,10
30735,35,2026-07-20,181,13
30736,36,2026-07-20,352,20
30737,37,2026-07-20,263,16
30738,38,2026-07-20,216,15
30739,39,2026-07-20,226,11
30740,40,2026-07-20,164,10
30741,41,2026-07-20,186,9
30742,42,2026-07-20,268,13
30743,43,2026-07-20,231,11
30744,44,2026-07-20,138,7
30745,45,2026-07-20,227,15
30746,46,2026-07-20,263,11
30747,47,2026-07-20,214,11
30748,48,2026-07-20,185,11
30749,49,2026-07-20,195,12
30750,50,2026-07-20,244,13
30751,51,2026-07-20,252,14
30752,52,2026-07-20,183,9
30753,53,2026-07-20,147,7
30754,54,2026-07-20,180,10
30755,55,2026-07-20,209,12
30756,56,2026-07-20,271,18
30757,57,2026-07-20,160,10
30758,58,2026-07-20,247,13
30759,59,2026-07-20,232,13
30760,60,2026-07-20,190,8
30761,61,2026-07-20,216,13
30762,62,2026-07-20,223,14
30763,63,2026-07-20,308,18
30764,64,2026-07-20,179,10
30765,65,2026-07-20,277,18
30766,66,2026-07-20,195,10
30767,67,2026-07-20,250,11
30768,68,2026-07-20,123,6
30769,69,2026-07-20,268,19
30770,70,2026-07-20,134,6
30771,71,2026-07-20,254,13
30772,72,2026-07-20,335,19
30773,73,2026-07-20,263,16
30774,74,2026-07-20,185,15
30775,75,2026-07-20,221,14
30776,76,2026-07-20,349,21
30777,77,2026-07-20,131,4
30778,78,2026-07-20,202,9
30779,79,2026-07-20,180,10
30780,80,2026-07-20,338,17
30781,81,2026-07-20,199,11
30782,82,2026-07-20,209,15
30783,83,2026-07-20,272,17
30784,84,2026-07-20,239,14
30785,85,2026-07-20,240,14
30786,86,2026-07-20,153,12
30787,87,2026-07-20,198,11
30788,88,2026-07-20,222,14
30789,89,2026-07-20,362,20
30790,90,2026-07-20,244,16
30791,91,2026-07-20,203,14
30792,92,2026-07-20,534,32
30793,93,2026-07-20,281,16
30794,94,2026-07-20,189,12
30795,95,2026-07-20,266,16
30796,96,2026-07-20,178,10
30797,97,2026-07-20,213,12
30798,98,2026-07-20,269,17
30799,99,2026-07-20,215,12
30800,100,2026-07-20,282,19
30801,1,2026-07-21,175,10
30802,2,2026-07-21,202,11
30803,3,2026-07-21,226,11
30804,4,2026-07-21,292,19
30805,5,2026-07-21,246,14
30806,6,2026-07-21,287,14
30807,7,2026-07-21,340,23
30808,8,2026-07-21,300,22
30809,9,2026-07-21,229,11
30810,10,2026-07-21,153,7
30811,11,2026-07-21,236,13
30812,12,2026-07-21,219,16
30813,13,2026-07-21,158,10
30814,14,2026-07-21,199,13
30815,15,2026-07-21,179,10
30816,16,2026-07-21,271,14
30817,17,2026-07-21,260,16
30818,18,2026-07-21,207,11
30819,19,2026-07-21,201,13
30820,20,2026-07-21,120,10
30821,21,2026-07-21,153,8
30822,22,2026-07-21,210,14
30823,23,2026-07-21,127,7
30824,24,2026-07-21,237,14
30825,25,2026-07-21,143,8
30826,26,2026-07-21,227,14
30827,27,2026-07-21,169,7
30828,28,2026-07-21,214,15
30829,29,2026-07-21,236,13
30830,30,2026-07-21,173,13
30831,31,2026-07-21,128,8
30832,32,2026-07-21,171,12
30833,33,2026-07-21,177,9
30834,34,2026-07-21,104,7
30835,35,2026-07-21,150,7
30836,36,2026-07-21,298,19
30837,37,2026-07-21,221,10
30838,38,2026-07-21,194,10
30839,39,2026-07-21,165,9
30840,40,2026-07-21,172,11
30841,41,2026-07-21,152,11
30842,42,2026-07-21,223,15
30843,43,2026-07-21,185,12
30844,44,2026-07-21,130,6
30845,45,2026-07-21,218,14
30846,46,2026-07-21,195,9
30847,47,2026-07-21,196,11
30848,48,2026-07-21,174,14
30849,49,2026-07-21,162,8
30850,50,2026-07-21,231,11
30851,51,2026-07-21,214,13
30852,52,2026-07-21,167,10
30853,53,2026-07-21,122,4
30854,54,2026-07-21,145,7
30855,55,2026-07-21,194,13
30856,56,2026-07-21,257,16
30857,57,2026-07-21,140,4
30858,58,2026-07-21,234,11
30859,59,2026-07-21,212,13
30860,60,2026-07-21,194,11
30861,61,2026-07-21,232,13
30862,62,2026-07-21,189,10
30863,63,2026-07-21,271,15
30864,64,2026-07-21,155,9
30865,65,2026-07-21,254,15
30866,66,2026-07-21,203,17
30867,67,2026-07-21,220,10
30868,68,2026-07-21,100,6
30869,69,2026-07-21,216,13
30870,70,2026-07-21,120,9
30871,71,2026-07-21,217,13
30872,72,2026-07-21,275,15
30873,73,2026-07-21,259,19
30874,74,2026-07-21,165,13
30875,75,2026-07-21,198,11
30876,76,2026-07-21,308,18
30877,77,2026-07-21,128,2
30878,78,2026-07-21,176,13
30879,79,2026-07-21,150,10
30880,80,2026-07-21,281,18
30881,81,2026-07-21,199,11
30882,82,2026-07-21,192,11
30883,83,2026-07-21,244,15
30884,84,2026-07-21,226,17
30885,85,2026-07-21,188,11
30886,86,2026-07-21,159,11
30887,87,2026-07-21,181,11
30888,88,2026-07-21,183,11
30889,89,2026-07-21,349,19
30890,90,2026-07-21,194,10
30891,91,2026-07-21,194,12
30892,92,2026-07-21,458,24
30893,93,2026-07-21,200,14
30894,94,2026-07-21,166,9
30895,95,2026-07-21,251,14
30896,96,2026-07-21,146,9
30897,97,2026-07-21,204,15
30898,98,2026-07-21,217,13
30899,99,2026-07-21,200,9
30900,100,2026-07-21,232,15
30901,1,2026-07-22,168,10
30902,2,2026-07-22,180,11
30903,3,2026-07-22,199,13
30904,4,2026-07-22,324,21
30905,5,2026-07-22,301,17
30906,6,2026-07-22,297,16
30907,7,2026-07-22,355,21
30908,8,2026-07-22,278,18
30909,9,2026-07-22,217,10
30910,10,2026-07-22,154,8
30911,11,2026-07-22,198,11
30912,12,2026-07-22,234,16
30913,13,2026-07-22,146,6
30914,14,2026-07-22,200,13
30915,15,2026-07-22,152,7
30916,16,2026-07-22,293,17
30917,17,2026-07-22,250,13
30918,18,2026-07-22,192,13
30919,19,2026-07-22,194,10
30920,20,2026-07-22,132,10
30921,21,2026-07-22,153,9
30922,22,2026-07-22,238,14
30923,23,2026-07-22,150,9
30924,24,2026-07-22,220,15
30925,25,2026-07-22,161,9
30926,26,2026-07-22,229,14
30927,27,2026-07-22,175,7
30928,28,2026-07-22,210,13
30929,29,2026-07-22,233,17
30930,30,2026-07-22,190,13
30931,31,2026-07-22,148,5
30932,32,2026-07-22,172,7
30933,33,2026-07-22,164,12
30934,34,2026-07-22,115,6
30935,35,2026-07-22,151,10
30936,36,2026-07-22,315,18
30937,37,2026-07-22,213,16
30938,38,2026-07-22,183,14
30939,39,2026-07-22,169,8
30940,40,2026-07-22,136,8
30941,41,2026-07-22,160,10
30942,42,2026-07-22,250,13
30943,43,2026-07-22,183,8
30944,44,2026-07-22,123,7
30945,45,2026-07-22,201,12
30946,46,2026-07-22,208,13
30947,47,2026-07-22,210,13
30948,48,2026-07-22,133,7
30949,49,2026-07-22,173,11
30950,50,2026-07-22,207,11
30951,51,2026-07-22,250,16
30952,52,2026-07-22,157,4
30953,53,2026-07-22,150,6
30954,54,2026-07-22,155,7
30955,55,2026-07-22,196,10
30956,56,2026-07-22,205,12
30957,57,2026-07-22,129,10
30958,58,2026-07-22,193,9
30959,59,2026-07-22,198,12
30960,60,2026-07-22,162,9
30961,61,2026-07-22,191,12
30962,62,2026-07-22,179,9
30963,63,2026-07-22,270,15
30964,64,2026-07-22,152,6
30965,65,2026-07-22,258,13
30966,66,2026-07-22,165,11
30967,67,2026-07-22,233,13
30968,68,2026-07-22,111,8
30969,69,2026-07-22,246,12
30970,70,2026-07-22,116,9
30971,71,2026-07-22,217,12
30972,72,2026-07-22,270,17
30973,73,2026-07-22,220,15
30974,74,2026-07-22,159,10
30975,75,2026-07-22,208,12
30976,76,2026-07-22,308,19
30977,77,2026-07-22,94,5
30978,78,2026-07-22,187,12
30979,79,2026-07-22,148,9
30980,80,2026-07-22,292,21
30981,81,2026-07-22,179,11
30982,82,2026-07-22,220,14
30983,83,2026-07-22,217,13
30984,84,2026-07-22,211,14
30985,85,2026-07-22,214,13
30986,86,2026-07-22,156,7
30987,87,2026-07-22,172,11
30988,88,2026-07-22,187,13
30989,89,2026-07-22,289,13
30990,90,2026-07-22,185,10
30991,91,2026-07-22,206,12
30992,92,2026-07-22,415,27
30993,93,2026-07-22,256,17
30994,94,2026-07-22,192,8
30995,95,2026-07-22,247,14
30996,96,2026-07-22,160,11
30997,97,2026-07-22,206,12
30998,98,2026-07-22,214,12
30999,99,2026-07-22,197,10
31000,100,2026-07-22,235,8
31001,1,2026-07-23,171,13
31002,2,2026-07-23,149,8
31003,3,2026-07-23,191,11
31004,4,2026-07-23,281,19
31005,5,2026-07-23,244,14
31006,6,2026-07-23,288,17
31007,7,2026-07-23,318,20
31008,8,2026-07-23,243,12
31009,9,2026-07-23,197,13
31010,10,2026-07-23,136,9
31011,11,2026-07-23,203,14
31012,12,2026-07-23,194,12
31013,13,2026-07-23,142,7
31014,14,2026-07-23,165,14
31015,15,2026-07-23,145,9
31016,16,2026-07-23,214,13
31017,17,2026-07-23,223,11
31018,18,2026-07-23,163,7
31019,19,2026-07-23,149,6
31020,20,2026-07-23,95,4
31021,21,2026-07-23,130,9
31022,22,2026-07-23,187,12
31023,23,2026-07-23,147,12
31024,24,2026-07-23,184,12
31025,25,2026-07-23,132,6
31026,26,2026-07-23,207,12
31027,27,2026-07-23,176,13
31028,28,2026-07-23,196,12
31029,29,2026-07-23,205,8
31030,30,2026-07-23,177,8
31031,31,2026-07-23,114,6
31032,32,2026-07-23,173,12
31033,33,2026-07-23,144,8
31034,34,2026-07-23,107,5
31035,35,2026-07-23,116,8
31036,36,2026-07-23,287,16
31037,37,2026-07-23,184,12
31038,38,2026-07-23,137,8
31039,39,2026-07-23,176,10
31040,40,2026-07-23,141,7
31041,41,2026-07-23,136,11
31042,42,2026-07-23,204,12
31043,43,2026-07-23,174,9
31044,44,2026-07-23,116,8
31045,45,2026-07-23,214,14
31046,46,2026-07-23,179,6
31047,47,2026-07-23,184,10
31048,48,2026-07-23,149,12
31049,49,2026-07-23,157,9
31050,50,2026-07-23,192,11
31051,51,2026-07-23,197,13
31052,52,2026-07-23,122,7
31053,53,2026-07-23,123,6
31054,54,2026-07-23,133,6
31055,55,2026-07-23,146,7
31056,56,2026-07-23,135,10
31057,57,2026-07-23,120,9
31058,58,2026-07-23,190,12
31059,59,2026-07-23,166,6
31060,60,2026-07-23,175,11
31061,61,2026-07-23,182,12
31062,62,2026-07-23,147,7
31063,63,2026-07-23,247,15
31064,64,2026-07-23,152,7
31065,65,2026-07-23,212,13
31066,66,2026-07-23,142,6
31067,67,2026-07-23,220,12
31068,68,2026-07-23,86,5
31069,69,2026-07-23,185,10
31070,70,2026-07-23,106,8
31071,71,2026-07-23,173,13
31072,72,2026-07-23,246,10
31073,73,2026-07-23,189,12
31074,74,2026-07-23,141,8
31075,75,2026-07-23,191,10
31076,76,2026-07-23,270,15
31077,77,2026-07-23,99,7
31078,78,2026-07-23,136,9
31079,79,2026-07-23,142,7
31080,80,2026-07-23,264,17
31081,81,2026-07-23,182,12
31082,82,2026-07-23,149,7
31083,83,2026-07-23,185,8
31084,84,2026-07-23,202,12
31085,85,2026-07-23,181,13
31086,86,2026-07-23,164,6
31087,87,2026-07-23,162,8
31088,88,2026-07-23,187,11
31089,89,2026-07-23,273,16
31090,90,2026-07-23,190,13
31091,91,2026-07-23,167,8
31092,92,2026-07-23,334,16
31093,93,2026-07-23,206,10
31094,94,2026-07-23,155,10
31095,95,2026-07-23,207,9
31096,96,2026-07-23,133,6
31097,97,2026-07-23,177,11
31098,98,2026-07-23,193,7
31099,99,2026-07-23,152,7
31100,100,2026-07-23,181,10
31101,1,2026-07-24,157,10
31102,2,2026-07-24,141,7
31103,3,2026-07-24,206,16
31104,4,2026-07-24,272,14
31105,5,2026-07-24,231,12
31106,6,2026-07-24,268,14
31107,7,2026-07-24,259,17
31108,8,2026-07-24,234,14
31109,9,2026-07-24,207,13
31110,10,2026-07-24,135,6
31111,11,2026-07-24,187,11
31112,12,2026-07-24,197,12
31113,13,2026-07-24,135,7
31114,14,2026-07-24,196,15
31115,15,2026-07-24,170,8
31116,16,2026-07-24,205,14
31117,17,2026-07-24,272,13
31118,18,2026-07-24,173,7
31119,19,2026-07-24,146,5
31120,20,2026-07-24,98,5
31121,21,2026-07-24,107,6
31122,22,2026-07-24,173,9
31123,23,2026-07-24,113,6
31124,24,2026-07-24,236,12
31125,25,2026-07-24,119,7
31126,26,2026-07-24,218,13
31127,27,2026-07-24,155,15
31128,28,2026-07-24,111,10
31129,29,2026-07-24,191,9
31130,30,2026-07-24,183,9
31131,31,2026-07-24,139,10
31132,32,2026-07-24,188,8
31133,33,2026-07-24,141,7
31134,34,2026-07-24,100,7
31135,35,2026-07-24,127,10
31136,36,2026-07-24,259,18
31137,37,2026-07-24,200,11
31138,38,2026-07-24,193,5
31139,39,2026-07-24,171,13
31140,40,2026-07-24,129,4
31141,41,2026-07-24,139,6
31142,42,2026-07-24,208,15
31143,43,2026-07-24,162,11
31144,44,2026-07-24,96,2
31145,45,2026-07-24,186,12
31146,46,2026-07-24,162,9
31147,47,2026-07-24,157,8
31148,48,2026-07-24,124,6
31149,49,2026-07-24,147,9
31150,50,2026-07-24,192,15
31151,51,2026-07-24,162,9
31152,52,2026-07-24,133,8
31153,53,2026-07-24,133,6
31154,54,2026-07-24,123,8
31155,55,2026-07-24,164,8
31156,56,2026-07-24,214,11
31157,57,2026-07-24,112,5
31158,58,2026-07-24,196,12
31159,59,2026-07-24,133,8
31160,60,2026-07-24,160,11
31161,61,2026-07-24,161,12
31162,62,2026-07-24,154,7
31163,63,2026-07-24,249,16
31164,64,2026-07-24,142,10
31165,65,2026-07-24,187,9
31166,66,2026-07-24,159,9
31167,67,2026-07-24,184,11
31168,68,2026-07-24,91,4
31169,69,2026-07-24,226,15
31170,70,2026-07-24,96,0
31171,71,2026-07-24,212,13
31172,72,2026-07-24,224,15
31173,73,2026-07-24,213,11
31174,74,2026-07-24,148,7
31175,75,2026-07-24,306,17
31176,76,2026-07-24,259,14
31177,77,2026-07-24,102,4
31178,78,2026-07-24,142,8
31179,79,2026-07-24,138,6
31180,80,2026-07-24,266,17
31181,81,2026-07-24,151,11
31182,82,2026-07-24,173,8
31183,83,2026-07-24,225,15
31184,84,2026-07-24,181,12
31185,85,2026-07-24,179,10
31186,86,2026-07-24,136,6
31187,87,2026-07-24,168,11
31188,88,2026-07-24,144,10
31189,89,2026-07-24,254,16
31190,90,2026-07-24,179,15
31191,91,2026-07-24,167,9
31192,92,2026-07-24,365,24
31193,93,2026-07-24,209,14
31194,94,2026-07-24,173,7
31195,95,2026-07-24,239,14
31196,96,2026-07-24,109,7
31197,97,2026-07-24,184,10
31198,98,2026-07-24,169,8
31199,99,2026-07-24,163,10
31200,100,2026-07-24,189,10
31201,1,2026-07-25,161,9
31202,2,2026-07-25,158,8
31203,3,2026-07-25,187,12
31204,4,2026-07-25,325,20
31205,5,2026-07-25,268,16
31206,6,2026-07-25,231,17
31207,7,2026-07-25,289,16
31208,8,2026-07-25,296,18
31209,9,2026-07-25,178,8
31210,10,2026-07-25,123,6
31211,11,2026-07-25,169,9
31212,12,2026-07-25,209,11
31213,13,2026-07-25,133,9
31214,14,2026-07-25,174,11
31215,15,2026-07-25,151,9
31216,16,2026-07-25,196,13
31217,17,2026-07-25,242,15
31218,18,2026-07-25,166,8
31219,19,2026-07-25,169,11
31220,20,2026-07-25,103,4
31221,21,2026-07-25,140,10
31222,22,2026-07-25,188,14
31223,23,2026-07-25,115,10
31224,24,2026-07-25,193,7
31225,25,2026-07-25,136,8
31226,26,2026-07-25,215,17
31227,27,2026-07-25,162,8
31228,28,2026-07-25,125,10
31229,29,2026-07-25,186,10
31230,30,2026-07-25,167,8
31231,31,2026-07-25,143,9
31232,32,2026-07-25,174,11
31233,33,2026-07-25,164,7
31234,34,2026-07-25,109,5
31235,35,2026-07-25,133,4
31236,36,2026-07-25,297,14
31237,37,2026-07-25,208,11
31238,38,2026-07-25,159,9
31239,39,2026-07-25,172,10
31240,40,2026-07-25,139,10
31241,41,2026-07-25,148,10
31242,42,2026-07-25,216,19
31243,43,2026-07-25,148,8
31244,44,2026-07-25,119,7
31245,45,2026-07-25,183,12
31246,46,2026-07-25,161,10
31247,47,2026-07-25,159,12
31248,48,2026-07-25,126,11
31249,49,2026-07-25,165,8
31250,50,2026-07-25,168,11
31251,51,2026-07-25,171,8
31252,52,2026-07-25,136,11
31253,53,2026-07-25,125,10
31254,54,2026-07-25,134,8
31255,55,2026-07-25,148,5
31256,56,2026-07-25,210,13
31257,57,2026-07-25,117,9
31258,58,2026-07-25,225,9
31259,59,2026-07-25,178,12
31260,60,2026-07-25,162,10
31261,61,2026-07-25,187,11
31262,62,2026-07-25,156,10
31263,63,2026-07-25,272,15
31264,64,2026-07-25,135,9
31265,65,2026-07-25,194,11
31266,66,2026-07-25,158,6
31267,67,2026-07-25,216,12
31268,68,2026-07-25,89,5
31269,69,2026-07-25,208,8
31270,70,2026-07-25,102,4
31271,71,2026-07-25,174,6
31272,72,2026-07-25,252,16
31273,73,2026-07-25,181,11
31274,74,2026-07-25,149,9
31275,75,2026-07-25,279,15
31276,76,2026-07-25,248,13
31277,77,2026-07-25,106,5
31278,78,2026-07-25,163,10
31279,79,2026-07-25,126,8
31280,80,2026-07-25,441,23
31281,81,2026-07-25,158,9
31282,82,2026-07-25,168,11
31283,83,2026-07-25,201,8
31284,84,2026-07-25,196,13
31285,85,2026-07-25,185,11
31286,86,2026-07-25,147,9
31287,87,2026-07-25,139,6
31288,88,2026-07-25,176,12
31289,89,2026-07-25,249,13
31290,90,2026-07-25,168,9
31291,91,2026-07-25,147,8
31292,92,2026-07-25,414,24
31293,93,2026-07-25,218,13
31294,94,2026-07-25,165,9
31295,95,2026-07-25,261,19
31296,96,2026-07-25,109,5
31297,97,2026-07-25,128,9
31298,98,2026-07-25,170,11
31299,99,2026-07-25,149,11
31300,100,2026-07-25,230,12
31301,1,2026-07-26,99,4
31302,2,2026-07-26,73,5
31303,3,2026-07-26,108,10
31304,4,2026-07-26,169,10
31305,5,2026-07-26,125,10
31306,6,2026-07-26,142,11
31307,7,2026-07-26,166,9
31308,8,2026-07-26,182,11
31309,9,2026-07-26,119,5
31310,10,2026-07-26,83,6
31311,11,2026-07-26,123,3
31312,12,2026-07-26,111,6
31313,13,2026-07-26,64,4
31314,14,2026-07-26,121,6
31315,15,2026-07-26,86,5
31316,16,2026-07-26,124,7
31317,17,2026-07-26,128,8
31318,18,2026-07-26,82,6
31319,19,2026-07-26,98,2
31320,20,2026-07-26,54,4
31321,21,2026-07-26,71,7
31322,22,2026-07-26,152,8
31323,23,2026-07-26,83,7
31324,24,2026-07-26,113,6
31325,25,2026-07-26,75,1
31326,26,2026-07-26,111,4
31327,27,2026-07-26,76,6
31328,28,2026-07-26,72,5
31329,29,2026-07-26,94,7
31330,30,2026-07-26,111,9
31331,31,2026-07-26,80,3
31332,32,2026-07-26,74,3
31333,33,2026-07-26,82,5
31334,34,2026-07-26,65,7
31335,35,2026-07-26,80,3
31336,36,2026-07-26,130,8
31337,37,2026-07-26,118,6
31338,38,2026-07-26,89,5
31339,39,2026-07-26,111,5
31340,40,2026-07-26,92,5
31341,41,2026-07-26,74,6
31342,42,2026-07-26,114,6
31343,43,2026-07-26,97,4
31344,44,2026-07-26,80,4
31345,45,2026-07-26,107,5
31346,46,2026-07-26,104,8
31347,47,2026-07-26,114,4
31348,48,2026-07-26,46,1
31349,49,2026-07-26,64,5
31350,50,2026-07-26,102,6
31351,51,2026-07-26,131,9
31352,52,2026-07-26,77,1
31353,53,2026-07-26,60,3
31354,54,2026-07-26,71,6
31355,55,2026-07-26,97,0
31356,56,2026-07-26,147,12
31357,57,2026-07-26,73,0
31358,58,2026-07-26,118,6
31359,59,2026-07-26,103,3
31360,60,2026-07-26,69,6
31361,61,2026-07-26,104,6
31362,62,2026-07-26,73,4
31363,63,2026-07-26,125,6
31364,64,2026-07-26,76,4
31365,65,2026-07-26,106,10
31366,66,2026-07-26,93,1
31367,67,2026-07-26,112,6
31368,68,2026-07-26,63,5
31369,69,2026-07-26,139,9
31370,70,2026-07-26,60,3
31371,71,2026-07-26,108,6
31372,72,2026-07-26,173,9
31373,73,2026-07-26,107,8
31374,74,2026-07-26,76,4
31375,75,2026-07-26,133,6
31376,76,2026-07-26,87,8
31377,77,2026-07-26,53,4
31378,78,2026-07-26,69,0
31379,79,2026-07-26,66,3
31380,80,2026-07-26,230,15
31381,81,2026-07-26,88,7
31382,82,2026-07-26,88,6
31383,83,2026-07-26,102,7
31384,84,2026-07-26,108,6
31385,85,2026-07-26,97,4
31386,86,2026-07-26,84,8
31387,87,2026-07-26,82,5
31388,88,2026-07-26,105,8
31389,89,2026-07-26,119,7
31390,90,2026-07-26,102,5
31391,91,2026-07-26,66,4
31392,92,2026-07-26,210,12
31393,93,2026-07-26,111,7
31394,94,2026-07-26,106,7
31395,95,2026-07-26,128,7
31396,96,2026-07-26,88,5
31397,97,2026-07-26,94,4
31398,98,2026-07-26,123,4
31399,99,2026-07-26,100,5
31400,100,2026-07-26,126,8
31401,1,2026-07-27,204,12
31402,2,2026-07-27,211,11
31403,3,2026-07-27,253,16
31404,4,2026-07-27,385,19
31405,5,2026-07-27,296,22
31406,6,2026-07-27,346,19
31407,7,2026-07-27,401,21
31408,8,2026-07-27,332,20
31409,9,2026-07-27,228,14
31410,10,2026-07-27,171,8
31411,11,2026-07-27,265,16
31412,12,2026-07-27,283,14
31413,13,2026-07-27,184,10
31414,14,2026-07-27,254,15
31415,15,2026-07-27,202,13
31416,16,2026-07-27,257,18
31417,17,2026-07-27,303,16
31418,18,2026-07-27,220,15
31419,19,2026-07-27,235,13
31420,20,2026-07-27,162,10
31421,21,2026-07-27,158,7
31422,22,2026-07-27,253,15
31423,23,2026-07-27,167,7
31424,24,2026-07-27,303,18
31425,25,2026-07-27,187,11
31426,26,2026-07-27,275,17
31427,27,2026-07-27,191,9
31428,28,2026-07-27,162,10
31429,29,2026-07-27,251,15
31430,30,2026-07-27,209,11
31431,31,2026-07-27,188,10
31432,32,2026-07-27,360,22
31433,33,2026-07-27,194,10
31434,34,2026-07-27,131,6
31435,35,2026-07-27,140,6
31436,36,2026-07-27,359,25
31437,37,2026-07-27,264,16
31438,38,2026-07-27,204,9
31439,39,2026-07-27,211,10
31440,40,2026-07-27,174,13
31441,41,2026-07-27,194,7
31442,42,2026-07-27,239,14
31443,43,2026-07-27,222,15
31444,44,2026-07-27,136,10
31445,45,2026-07-27,233,14
31446,46,2026-07-27,257,13
31447,47,2026-07-27,223,13
31448,48,2026-07-27,199,14
31449,49,2026-07-27,212,11
31450,50,2026-07-27,254,12
31451,51,2026-07-27,258,16
31452,52,2026-07-27,184,9
31453,53,2026-07-27,151,4
31454,54,2026-07-27,169,9
31455,55,2026-07-27,206,10
31456,56,2026-07-27,258,14
31457,57,2026-07-27,140,10
31458,58,2026-07-27,254,15
31459,59,2026-07-27,204,10
31460,60,2026-07-27,217,14
31461,61,2026-07-27,218,12
31462,62,2026-07-27,201,13
31463,63,2026-07-27,350,22
31464,64,2026-07-27,185,14
31465,65,2026-07-27,302,16
31466,66,2026-07-27,188,10
31467,67,2026-07-27,308,17
31468,68,2026-07-27,114,6
31469,69,2026-07-27,247,14
31470,70,2026-07-27,124,8
31471,71,2026-07-27,250,14
31472,72,2026-07-27,280,12
31473,73,2026-07-27,304,16
31474,74,2026-07-27,188,13
31475,75,2026-07-27,220,12
31476,76,2026-07-27,199,12
31477,77,2026-07-27,142,9
31478,78,2026-07-27,198,16
31479,79,2026-07-27,159,11
31480,80,2026-07-27,564,32
31481,81,2026-07-27,194,13
31482,82,2026-07-27,227,16
31483,83,2026-07-27,246,16
31484,84,2026-07-27,269,17
31485,85,2026-07-27,225,15
31486,86,2026-07-27,181,14
31487,87,2026-07-27,211,10
31488,88,2026-07-27,213,10
31489,89,2026-07-27,331,20
31490,90,2026-07-27,238,12
31491,91,2026-07-27,199,9
31492,92,2026-07-27,483,28
31493,93,2026-07-27,275,18
31494,94,2026-07-27,223,12
31495,95,2026-07-27,264,16
31496,96,2026-07-27,175,9
31497,97,2026-07-27,226,16
31498,98,2026-07-27,240,12
31499,99,2026-07-27,227,11
31500,100,2026-07-27,247,14
31501,1,2026-07-28,170,12
31502,2,2026-07-28,207,13
31503,3,2026-07-28,235,13
31504,4,2026-07-28,287,17
31505,5,2026-07-28,284,15
31506,6,2026-07-28,232,13
31507,7,2026-07-28,367,17
31508,8,2026-07-28,273,18
31509,9,2026-07-28,218,13
31510,10,2026-07-28,164,9
31511,11,2026-07-28,206,11
31512,12,2026-07-28,209,11
31513,13,2026-07-28,148,5
31514,14,2026-07-28,224,12
31515,15,2026-07-28,162,10
31516,16,2026-07-28,247,10
31517,17,2026-07-28,290,19
31518,18,2026-07-28,230,17
31519,19,2026-07-28,196,10
31520,20,2026-07-28,111,3
31521,21,2026-07-28,115,8
31522,22,2026-07-28,225,13
31523,23,2026-07-28,138,4
31524,24,2026-07-28,237,14
31525,25,2026-07-28,142,8
31526,26,2026-07-28,246,17
31527,27,2026-07-28,181,8
31528,28,2026-07-28,129,6
31529,29,2026-07-28,217,10
31530,30,2026-07-28,176,9
31531,31,2026-07-28,179,10
31532,32,2026-07-28,293,17
31533,33,2026-07-28,163,7
31534,34,2026-07-28,109,6
31535,35,2026-07-28,155,12
31536,36,2026-07-28,327,18
31537,37,2026-07-28,263,18
31538,38,2026-07-28,189,11
31539,39,2026-07-28,175,12
31540,40,2026-07-28,144,6
31541,41,2026-07-28,151,9
31542,42,2026-07-28,218,8
31543,43,2026-07-28,154,8
31544,44,2026-07-28,114,4
31545,45,2026-07-28,186,15
31546,46,2026-07-28,224,16
31547,47,2026-07-28,186,11
31548,48,2026-07-28,161,10
31549,49,2026-07-28,174,13
31550,50,2026-07-28,192,13
31551,51,2026-07-28,223,14
31552,52,2026-07-28,147,7
31553,53,2026-07-28,154,11
31554,54,2026-07-28,159,9
31555,55,2026-07-28,166,10
31556,56,2026-07-28,241,12
31557,57,2026-07-28,135,7
31558,58,2026-07-28,201,13
31559,59,2026-07-28,173,10
31560,60,2026-07-28,195,10
31561,61,2026-07-28,200,11
31562,62,2026-07-28,187,7
31563,63,2026-07-28,288,19
31564,64,2026-07-28,162,10
31565,65,2026-07-28,247,14
31566,66,2026-07-28,179,9
31567,67,2026-07-28,246,13
31568,68,2026-07-28,99,8
31569,69,2026-07-28,233,12
31570,70,2026-07-28,97,3
31571,71,2026-07-28,213,11
31572,72,2026-07-28,243,14
31573,73,2026-07-28,206,12
31574,74,2026-07-28,186,10
31575,75,2026-07-28,196,8
31576,76,2026-07-28,191,11
31577,77,2026-07-28,125,11
31578,78,2026-07-28,168,9
31579,79,2026-07-28,160,8
31580,80,2026-07-28,488,27
31581,81,2026-07-28,175,6
31582,82,2026-07-28,173,8
31583,83,2026-07-28,220,14
31584,84,2026-07-28,214,14
31585,85,2026-07-28,202,12
31586,86,2026-07-28,149,9
31587,87,2026-07-28,189,8
31588,88,2026-07-28,202,8
31589,89,2026-07-28,295,14
31590,90,2026-07-28,200,10
31591,91,2026-07-28,175,11
31592,92,2026-07-28,394,22
31593,93,2026-07-28,226,15
31594,94,2026-07-28,180,9
31595,95,2026-07-28,222,12
31596,96,2026-07-28,135,10
31597,97,2026-07-28,204,10
31598,98,2026-07-28,195,10
31599,99,2026-07-28,175,9
31600,100,2026-07-28,231,14
31601,1,2026-07-29,187,11
31602,2,2026-07-29,186,7
31603,3,2026-07-29,225,13
31604,4,2026-07-29,268,14
31605,5,2026-07-29,266,13
31606,6,2026-07-29,288,19
31607,7,2026-07-29,389,23
31608,8,2026-07-29,265,16
31609,9,2026-07-29,201,15
31610,10,2026-07-29,156,10
31611,11,2026-07-29,217,13
31612,12,2026-07-29,236,14
31613,13,2026-07-29,156,9
31614,14,2026-07-29,203,13
31615,15,2026-07-29,144,9
31616,16,2026-07-29,248,17
31617,17,2026-07-29,275,14
31618,18,2026-07-29,213,14
31619,19,2026-07-29,167,9
31620,20,2026-07-29,120,8
31621,21,2026-07-29,137,10
31622,22,2026-07-29,236,14
31623,23,2026-07-29,154,8
31624,24,2026-07-29,238,16
31625,25,2026-07-29,164,7
31626,26,2026-07-29,239,11
31627,27,2026-07-29,195,10
31628,28,2026-07-29,135,10
31629,29,2026-07-29,187,11
31630,30,2026-07-29,206,13
31631,31,2026-07-29,173,14
31632,32,2026-07-29,298,21
31633,33,2026-07-29,188,12
31634,34,2026-07-29,118,6
31635,35,2026-07-29,149,9
31636,36,2026-07-29,305,16
31637,37,2026-07-29,235,14
31638,38,2026-07-29,176,11
31639,39,2026-07-29,155,9
31640,40,2026-07-29,157,5
31641,41,2026-07-29,148,11
31642,42,2026-07-29,219,14
31643,43,2026-07-29,156,10
31644,44,2026-07-29,121,3
31645,45,2026-07-29,218,12
31646,46,2026-07-29,212,13
31647,47,2026-07-29,198,13
31648,48,2026-07-29,150,9
31649,49,2026-07-29,163,8
31650,50,2026-07-29,204,12
31651,51,2026-07-29,241,15
31652,52,2026-07-29,169,13
31653,53,2026-07-29,145,9
31654,54,2026-07-29,161,11
31655,55,2026-07-29,187,14
31656,56,2026-07-29,238,13
31657,57,2026-07-29,144,5
31658,58,2026-07-29,214,11
31659,59,2026-07-29,178,6
31660,60,2026-07-29,172,11
31661,61,2026-07-29,188,10
31662,62,2026-07-29,179,10
31663,63,2026-07-29,265,16
31664,64,2026-07-29,151,8
31665,65,2026-07-29,250,13
31666,66,2026-07-29,188,10
31667,67,2026-07-29,232,16
31668,68,2026-07-29,95,4
31669,69,2026-07-29,224,13
31670,70,2026-07-29,104,4
31671,71,2026-07-29,237,13
31672,72,2026-07-29,252,16
31673,73,2026-07-29,229,14
31674,74,2026-07-29,174,11
31675,75,2026-07-29,198,11
31676,76,2026-07-29,197,12
31677,77,2026-07-29,112,7
31678,78,2026-07-29,167,11
31679,79,2026-07-29,140,7
31680,80,2026-07-29,487,27
31681,81,2026-07-29,209,14
31682,82,2026-07-29,175,7
31683,83,2026-07-29,232,13
31684,84,2026-07-29,206,9
31685,85,2026-07-29,208,11
31686,86,2026-07-29,139,9
31687,87,2026-07-29,176,9
31688,88,2026-07-29,203,11
31689,89,2026-07-29,331,17
31690,90,2026-07-29,214,10
31691,91,2026-07-29,198,12
31692,92,2026-07-29,419,25
31693,93,2026-07-29,240,15
31694,94,2026-07-29,187,4
31695,95,2026-07-29,217,11
31696,96,2026-07-29,162,8
31697,97,2026-07-29,229,13
31698,98,2026-07-29,228,14
31699,99,2026-07-29,189,11
31700,100,2026-07-29,191,13
31701,1,2026-07-30,143,11
31702,2,2026-07-30,177,6
31703,3,2026-07-30,202,9
31704,4,2026-07-30,261,16
31705,5,2026-07-30,251,15
31706,6,2026-07-30,236,13
31707,7,2026-07-30,311,22
31708,8,2026-07-30,265,16
31709,9,2026-07-30,212,11
31710,10,2026-07-30,121,6
31711,11,2026-07-30,166,8
31712,12,2026-07-30,192,10
31713,13,2026-07-30,135,5
31714,14,2026-07-30,190,14
31715,15,2026-07-30,133,8
31716,16,2026-07-30,227,12
31717,17,2026-07-30,254,14
31718,18,2026-07-30,160,9
31719,19,2026-07-30,160,10
31720,20,2026-07-30,112,7
31721,21,2026-07-30,108,4
31722,22,2026-07-30,226,12
31723,23,2026-07-30,136,7
31724,24,2026-07-30,227,11
31725,25,2026-07-30,134,2
31726,26,2026-07-30,222,12
31727,27,2026-07-30,164,8
31728,28,2026-07-30,138,6
31729,29,2026-07-30,222,10
31730,30,2026-07-30,170,7
31731,31,2026-07-30,142,9
31732,32,2026-07-30,171,11
31733,33,2026-07-30,159,10
31734,34,2026-07-30,105,6
31735,35,2026-07-30,128,6
31736,36,2026-07-30,261,11
31737,37,2026-07-30,154,12
31738,38,2026-07-30,164,12
31739,39,2026-07-30,156,10
31740,40,2026-07-30,127,9
31741,41,2026-07-30,154,7
31742,42,2026-07-30,175,7
31743,43,2026-07-30,145,7
31744,44,2026-07-30,98,6
31745,45,2026-07-30,185,10
31746,46,2026-07-30,169,10
31747,47,2026-07-30,206,11
31748,48,2026-07-30,129,6
31749,49,2026-07-30,165,8
31750,50,2026-07-30,147,15
31751,51,2026-07-30,217,12
31752,52,2026-07-30,112,4
31753,53,2026-07-30,120,4
31754,54,2026-07-30,123,7
31755,55,2026-07-30,132,6
31756,56,2026-07-30,203,14
31757,57,2026-07-30,117,5
31758,58,2026-07-30,184,11
31759,59,2026-07-30,183,11
31760,60,2026-07-30,160,9
31761,61,2026-07-30,191,9
31762,62,2026-07-30,162,6
31763,63,2026-07-30,241,14
31764,64,2026-07-30,169,11
31765,65,2026-07-30,187,9
31766,66,2026-07-30,178,11
31767,67,2026-07-30,184,12
31768,68,2026-07-30,99,9
31769,69,2026-07-30,212,14
31770,70,2026-07-30,106,6
31771,71,2026-07-30,187,13
31772,72,2026-07-30,218,12
31773,73,2026-07-30,179,7
31774,74,2026-07-30,132,9
31775,75,2026-07-30,177,13
31776,76,2026-07-30,151,8
31777,77,2026-07-30,92,3
31778,78,2026-07-30,168,8
31779,79,2026-07-30,124,6
31780,80,2026-07-30,426,23
31781,81,2026-07-30,146,6
31782,82,2026-07-30,180,10
31783,83,2026-07-30,207,11
31784,84,2026-07-30,180,6
31785,85,2026-07-30,177,8
31786,86,2026-07-30,124,7
31787,87,2026-07-30,162,11
31788,88,2026-07-30,143,8
31789,89,2026-07-30,237,16
31790,90,2026-07-30,192,11
31791,91,2026-07-30,150,10
31792,92,2026-07-30,454,25
31793,93,2026-07-30,235,15
31794,94,2026-07-30,175,11
31795,95,2026-07-30,248,12
31796,96,2026-07-30,141,7
31797,97,2026-07-30,165,10
31798,98,2026-07-30,169,13
31799,99,2026-07-30,153,8
31800,100,2026-07-30,202,12
31801,1,2026-07-31,152,11
31802,2,2026-07-31,168,9
31803,3,2026-07-31,192,12
31804,4,2026-07-31,232,12
31805,5,2026-07-31,251,17
31806,6,2026-07-31,244,15
31807,7,2026-07-31,288,15
31808,8,2026-07-31,264,16
31809,9,2026-07-31,215,14
31810,10,2026-07-31,139,8
31811,11,2026-07-31,172,11
31812,12,2026-07-31,212,12
31813,13,2026-07-31,130,6
31814,14,2026-07-31,208,12
31815,15,2026-07-31,167,11
31816,16,2026-07-31,218,12
31817,17,2026-07-31,231,15
31818,18,2026-07-31,177,10
31819,19,2026-07-31,134,7
31820,20,2026-07-31,114,7
31821,21,2026-07-31,125,6
31822,22,2026-07-31,223,13
31823,23,2026-07-31,123,11
31824,24,2026-07-31,257,14
31825,25,2026-07-31,151,6
31826,26,2026-07-31,207,15
31827,27,2026-07-31,146,8
31828,28,2026-07-31,128,10
31829,29,2026-07-31,180,7
31830,30,2026-07-31,148,6
31831,31,2026-07-31,148,9
31832,32,2026-07-31,157,9
31833,33,2026-07-31,159,11
31834,34,2026-07-31,99,7
31835,35,2026-07-31,99,4
31836,36,2026-07-31,255,14
31837,37,2026-07-31,202,12
31838,38,2026-07-31,190,11
31839,39,2026-07-31,155,9
31840,40,2026-07-31,126,9
31841,41,2026-07-31,148,11
31842,42,2026-07-31,215,10
31843,43,2026-07-31,150,10
31844,44,2026-07-31,107,3
31845,45,2026-07-31,166,10
31846,46,2026-07-31,201,12
31847,47,2026-07-31,160,8
31848,48,2026-07-31,136,6
31849,49,2026-07-31,160,8
31850,50,2026-07-31,197,11
31851,51,2026-07-31,203,14
31852,52,2026-07-31,146,12
31853,53,2026-07-31,117,8
31854,54,2026-07-31,125,10
31855,55,2026-07-31,170,11
31856,56,2026-07-31,215,13
31857,57,2026-07-31,112,5
31858,58,2026-07-31,199,9
31859,59,2026-07-31,156,13
31860,60,2026-07-31,142,10
31861,61,2026-07-31,194,12
31862,62,2026-07-31,177,8
31863,63,2026-07-31,243,13
31864,64,2026-07-31,144,7
31865,65,2026-07-31,210,11
31866,66,2026-07-31,165,12
31867,67,2026-07-31,203,14
31868,68,2026-07-31,84,4
31869,69,2026-07-31,194,15
31870,70,2026-07-31,94,10
31871,71,2026-07-31,205,11
31872,72,2026-07-31,233,15
31873,73,2026-07-31,216,13
31874,74,2026-07-31,125,5
31875,75,2026-07-31,190,11
31876,76,2026-07-31,154,9
31877,77,2026-07-31,98,6
31878,78,2026-07-31,139,6
31879,79,2026-07-31,128,9
31880,80,2026-07-31,246,15
31881,81,2026-07-31,160,10
31882,82,2026-07-31,151,8
31883,83,2026-07-31,170,12
31884,84,2026-07-31,165,8
31885,85,2026-07-31,172,9
31886,86,2026-07-31,132,8
31887,87,2026-07-31,152,6
31888,88,2026-07-31,181,7
31889,89,2026-07-31,267,13
31890,90,2026-07-31,177,10
31891,91,2026-07-31,150,7
31892,92,2026-07-31,416,24
31893,93,2026-07-31,188,9
31894,94,2026-07-31,189,7
31895,95,2026-07-31,202,13
31896,96,2026-07-31,121,5
31897,97,2026-07-31,173,13
31898,98,2026-07-31,218,10
31899,99,2026-07-31,169,9
31900,100,2026-07-31,172,10
31901,1,2026-08-01,139,9
31902,2,2026-08-01,149,8
31903,3,2026-08-01,179,12
31904,4,2026-08-01,273,18
31905,5,2026-08-01,263,16
31906,6,2026-08-01,263,16
31907,7,2026-08-01,312,18
31908,8,2026-08-01,282,18
31909,9,2026-08-01,173,8
31910,10,2026-08-01,138,9
31911,11,2026-08-01,197,10
31912,12,2026-08-01,173,10
31913,13,2026-08-01,126,9
31914,14,2026-08-01,155,10
31915,15,2026-08-01,159,10
31916,16,2026-08-01,214,10
31917,17,2026-08-01,240,15
31918,18,2026-08-01,198,13
31919,19,2026-08-01,168,9
31920,20,2026-08-01,116,14
31921,21,2026-08-01,126,8
31922,22,2026-08-01,236,13
31923,23,2026-08-01,115,7
31924,24,2026-08-01,212,11
31925,25,2026-08-01,141,6
31926,26,2026-08-01,199,11
31927,27,2026-08-01,175,9
31928,28,2026-08-01,106,6
31929,29,2026-08-01,202,12
31930,30,2026-08-01,153,7
31931,31,2026-08-01,139,10
31932,32,2026-08-01,176,12
31933,33,2026-08-01,142,8
31934,34,2026-08-01,104,8
31935,35,2026-08-01,118,6
31936,36,2026-08-01,267,14
31937,37,2026-08-01,208,12
31938,38,2026-08-01,156,9
31939,39,2026-08-01,169,9
31940,40,2026-08-01,129,8
31941,41,2026-08-01,150,10
31942,42,2026-08-01,229,13
31943,43,2026-08-01,165,11
31944,44,2026-08-01,103,5
31945,45,2026-08-01,179,11
31946,46,2026-08-01,173,9
31947,47,2026-08-01,168,9
31948,48,2026-08-01,129,9
31949,49,2026-08-01,144,9
31950,50,2026-08-01,164,8
31951,51,2026-08-01,196,11
31952,52,2026-08-01,128,4
31953,53,2026-08-01,104,9
31954,54,2026-08-01,121,8
31955,55,2026-08-01,169,8
31956,56,2026-08-01,178,10
31957,57,2026-08-01,144,11
31958,58,2026-08-01,202,11
31959,59,2026-08-01,157,4
31960,60,2026-08-01,156,11
31961,61,2026-08-01,173,15
31962,62,2026-08-01,180,9
31963,63,2026-08-01,200,9
31964,64,2026-08-01,139,5
31965,65,2026-08-01,201,9
31966,66,2026-08-01,150,11
31967,67,2026-08-01,153,10
31968,68,2026-08-01,94,5
31969,69,2026-08-01,171,8
31970,70,2026-08-01,84,6
31971,71,2026-08-01,206,13
31972,72,2026-08-01,237,12
31973,73,2026-08-01,187,12
31974,74,2026-08-01,177,4
31975,75,2026-08-01,172,9
31976,76,2026-08-01,158,8
31977,77,2026-08-01,99,4
31978,78,2026-08-01,143,11
31979,79,2026-08-01,132,9
31980,80,2026-08-01,272,16
31981,81,2026-08-01,172,13
31982,82,2026-08-01,171,11
31983,83,2026-08-01,227,15
31984,84,2026-08-01,148,7
31985,85,2026-08-01,184,11
31986,86,2026-08-01,127,10
31987,87,2026-08-01,163,11
31988,88,2026-08-01,178,11
31989,89,2026-08-01,299,16
31990,90,2026-08-01,178,12
31991,91,2026-08-01,161,8
31992,92,2026-08-01,365,18
31993,93,2026-08-01,212,17
31994,94,2026-08-01,168,9
31995,95,2026-08-01,192,10
31996,96,2026-08-01,134,6
31997,97,2026-08-01,190,10
31998,98,2026-08-01,190,10
31999,99,2026-08-01,165,11
32000,100,2026-08-01,161,11
32001,1,2026-08-02,97,5
32002,2,2026-08-02,73,1
32003,3,2026-08-02,136,7
32004,4,2026-08-02,177,11
32005,5,2026-08-02,119,12
32006,6,2026-08-02,177,10
32007,7,2026-08-02,172,9
32008,8,2026-08-02,120,7
32009,9,2026-08-02,120,10
32010,10,2026-08-02,81,1
32011,11,2026-08-02,104,9
32012,12,2026-08-02,113,6
32013,13,2026-08-02,75,4
32014,14,2026-08-02,82,5
32015,15,2026-08-02,98,5
32016,16,2026-08-02,106,6
32017,17,2026-08-02,168,10
32018,18,2026-08-02,115,5
32019,19,2026-08-02,84,4
32020,20,2026-08-02,69,2
32021,21,2026-08-02,69,6
32022,22,2026-08-02,92,6
32023,23,2026-08-02,71,6
32024,24,2026-08-02,91,1
32025,25,2026-08-02,71,2
32026,26,2026-08-02,107,3
32027,27,2026-08-02,83,5
32028,28,2026-08-02,78,4
32029,29,2026-08-02,144,6
32030,30,2026-08-02,94,5
32031,31,2026-08-02,75,6
32032,32,2026-08-02,105,4
32033,33,2026-08-02,78,6
32034,34,2026-08-02,52,2
32035,35,2026-08-02,81,3
32036,36,2026-08-02,115,6
32037,37,2026-08-02,141,8
32038,38,2026-08-02,70,10
32039,39,2026-08-02,83,2
32040,40,2026-08-02,71,2
32041,41,2026-08-02,101,6
32042,42,2026-08-02,113,6
32043,43,2026-08-02,87,7
32044,44,2026-08-02,59,3
32045,45,2026-08-02,92,6
32046,46,2026-08-02,131,9
32047,47,2026-08-02,106,4
32048,48,2026-08-02,87,3
32049,49,2026-08-02,100,6
32050,50,2026-08-02,102,6
32051,51,2026-08-02,116,4
32052,52,2026-08-02,66,4
32053,53,2026-08-02,64,5
32054,54,2026-08-02,91,7
32055,55,2026-08-02,86,4
32056,56,2026-08-02,126,7
32057,57,2026-08-02,45,0
32058,58,2026-08-02,94,8
32059,59,2026-08-02,81,0
32060,60,2026-08-02,93,7
32061,61,2026-08-02,124,4
32062,62,2026-08-02,94,7
32063,63,2026-08-02,127,6
32064,64,2026-08-02,105,3
32065,65,2026-08-02,119,8
32066,66,2026-08-02,80,5
32067,67,2026-08-02,122,9
32068,68,2026-08-02,36,3
32069,69,2026-08-02,138,8
32070,70,2026-08-02,56,1
32071,71,2026-08-02,101,4
32072,72,2026-08-02,106,8
32073,73,2026-08-02,93,4
32074,74,2026-08-02,85,4
32075,75,2026-08-02,100,6
32076,76,2026-08-02,85,7
32077,77,2026-08-02,55,2
32078,78,2026-08-02,101,5
32079,79,2026-08-02,71,3
32080,80,2026-08-02,136,6
32081,81,2026-08-02,80,4
32082,82,2026-08-02,110,7
32083,83,2026-08-02,102,8
32084,84,2026-08-02,83,4
32085,85,2026-08-02,94,5
32086,86,2026-08-02,88,3
32087,87,2026-08-02,92,2
32088,88,2026-08-02,93,5
32089,89,2026-08-02,214,16
32090,90,2026-08-02,105,5
32091,91,2026-08-02,84,2
32092,92,2026-08-02,207,12
32093,93,2026-08-02,128,6
32094,94,2026-08-02,86,3
32095,95,2026-08-02,149,8
32096,96,2026-08-02,79,2
32097,97,2026-08-02,107,5
32098,98,2026-08-02,90,4
32099,99,2026-08-02,75,4
32100,100,2026-08-02,134,3
32101,1,2026-08-03,192,11
32102,2,2026-08-03,212,15
32103,3,2026-08-03,261,13
32104,4,2026-08-03,327,23
32105,5,2026-08-03,304,18
32106,6,2026-08-03,330,20
32107,7,2026-08-03,366,22
32108,8,2026-08-03,338,19
32109,9,2026-08-03,237,14
32110,10,2026-08-03,195,11
32111,11,2026-08-03,255,15
32112,12,2026-08-03,265,16
32113,13,2026-08-03,178,12
32114,14,2026-08-03,223,12
32115,15,2026-08-03,199,12
32116,16,2026-08-03,259,14
32117,17,2026-08-03,285,20
32118,18,2026-08-03,234,14
32119,19,2026-08-03,212,14
32120,20,2026-08-03,140,10
32121,21,2026-08-03,161,10
32122,22,2026-08-03,259,13
32123,23,2026-08-03,189,13
32124,24,2026-08-03,288,15
32125,25,2026-08-03,171,12
32126,26,2026-08-03,294,19
32127,27,2026-08-03,213,12
32128,28,2026-08-03,155,8
32129,29,2026-08-03,260,15
32130,30,2026-08-03,390,25
32131,31,2026-08-03,180,10
32132,32,2026-08-03,213,12
32133,33,2026-08-03,175,12
32134,34,2026-08-03,135,10
32135,35,2026-08-03,168,12
32136,36,2026-08-03,361,24
32137,37,2026-08-03,252,17
32138,38,2026-08-03,193,12
32139,39,2026-08-03,219,12
32140,40,2026-08-03,192,9
32141,41,2026-08-03,176,10
32142,42,2026-08-03,253,14
32143,43,2026-08-03,209,14
32144,44,2026-08-03,136,7
32145,45,2026-08-03,231,14
32146,46,2026-08-03,230,12
32147,47,2026-08-03,220,10
32148,48,2026-08-03,180,9
32149,49,2026-08-03,225,15
32150,50,2026-08-03,233,15
32151,51,2026-08-03,290,16
32152,52,2026-08-03,182,16
32153,53,2026-08-03,163,10
32154,54,2026-08-03,183,12
32155,55,2026-08-03,218,16
32156,56,2026-08-03,288,15
32157,57,2026-08-03,137,9
32158,58,2026-08-03,258,15
32159,59,2026-08-03,209,13
32160,60,2026-08-03,215,10
32161,61,2026-08-03,232,15
32162,62,2026-08-03,226,13
32163,63,2026-08-03,349,23
32164,64,2026-08-03,194,13
32165,65,2026-08-03,291,18
32166,66,2026-08-03,204,11
32167,67,2026-08-03,242,13
32168,68,2026-08-03,117,6
32169,69,2026-08-03,262,14
32170,70,2026-08-03,113,7
32171,71,2026-08-03,244,14
32172,72,2026-08-03,299,18
32173,73,2026-08-03,227,14
32174,74,2026-08-03,194,12
32175,75,2026-08-03,217,13
32176,76,2026-08-03,209,10
32177,77,2026-08-03,136,8
32178,78,2026-08-03,197,12
32179,79,2026-08-03,172,8
32180,80,2026-08-03,384,22
32181,81,2026-08-03,198,14
32182,82,2026-08-03,236,13
32183,83,2026-08-03,227,15
32184,84,2026-08-03,258,14
32185,85,2026-08-03,236,12
32186,86,2026-08-03,159,7
32187,87,2026-08-03,181,16
32188,88,2026-08-03,251,12
32189,89,2026-08-03,344,20
32190,90,2026-08-03,228,9
32191,91,2026-08-03,193,14
32192,92,2026-08-03,497,27
32193,93,2026-08-03,268,15
32194,94,2026-08-03,231,13
32195,95,2026-08-03,301,16
32196,96,2026-08-03,188,10
32197,97,2026-08-03,221,14
32198,98,2026-08-03,243,13
32199,99,2026-08-03,216,13
32200,100,2026-08-03,275,15
32201,1,2026-08-04,191,11
32202,2,2026-08-04,193,11
32203,3,2026-08-04,221,13
32204,4,2026-08-04,270,17
32205,5,2026-08-04,280,19
32206,6,2026-08-04,332,22
32207,7,2026-08-04,369,19
32208,8,2026-08-04,269,17
32209,9,2026-08-04,216,14
32210,10,2026-08-04,149,10
32211,11,2026-08-04,218,13
32212,12,2026-08-04,252,14
32213,13,2026-08-04,142,8
32214,14,2026-08-04,192,14
32215,15,2026-08-04,194,11
32216,16,2026-08-04,246,13
32217,17,2026-08-04,304,18
32218,18,2026-08-04,204,11
32219,19,2026-08-04,190,10
32220,20,2026-08-04,125,10
32221,21,2026-08-04,153,8
32222,22,2026-08-04,229,16
32223,23,2026-08-04,144,7
32224,24,2026-08-04,238,13
32225,25,2026-08-04,160,8
32226,26,2026-08-04,270,17
32227,27,2026-08-04,165,5
32228,28,2026-08-04,132,10
32229,29,2026-08-04,240,12
32230,30,2026-08-04,305,15
32231,31,2026-08-04,150,7
32232,32,2026-08-04,185,14
32233,33,2026-08-04,172,11
32234,34,2026-08-04,120,7
32235,35,2026-08-04,135,8
32236,36,2026-08-04,335,21
32237,37,2026-08-04,221,12
32238,38,2026-08-04,165,10
32239,39,2026-08-04,174,10
32240,40,2026-08-04,136,8
32241,41,2026-08-04,160,8
32242,42,2026-08-04,250,13
32243,43,2026-08-04,188,13
32244,44,2026-08-04,113,7
32245,45,2026-08-04,237,13
32246,46,2026-08-04,181,10
32247,47,2026-08-04,187,7
32248,48,2026-08-04,155,8
32249,49,2026-08-04,160,7
32250,50,2026-08-04,211,12
32251,51,2026-08-04,201,11
32252,52,2026-08-04,165,10
32253,53,2026-08-04,129,7
32254,54,2026-08-04,155,7
32255,55,2026-08-04,181,7
32256,56,2026-08-04,240,18
32257,57,2026-08-04,122,8
32258,58,2026-08-04,217,13
32259,59,2026-08-04,195,13
32260,60,2026-08-04,190,8
32261,61,2026-08-04,217,12
32262,62,2026-08-04,204,9
32263,63,2026-08-04,286,14
32264,64,2026-08-04,158,10
32265,65,2026-08-04,247,15
32266,66,2026-08-04,172,12
32267,67,2026-08-04,231,15
32268,68,2026-08-04,104,6
32269,69,2026-08-04,240,16
32270,70,2026-08-04,108,7
32271,71,2026-08-04,218,11
32272,72,2026-08-04,241,14
32273,73,2026-08-04,220,10
32274,74,2026-08-04,173,13
32275,75,2026-08-04,192,7
32276,76,2026-08-04,188,12
32277,77,2026-08-04,107,6
32278,78,2026-08-04,175,7
32279,79,2026-08-04,152,7
32280,80,2026-08-04,283,17
32281,81,2026-08-04,155,8
32282,82,2026-08-04,173,10
32283,83,2026-08-04,223,12
32284,84,2026-08-04,209,13
32285,85,2026-08-04,212,14
32286,86,2026-08-04,167,11
32287,87,2026-08-04,194,10
32288,88,2026-08-04,167,6
32289,89,2026-08-04,345,22
32290,90,2026-08-04,222,17
32291,91,2026-08-04,176,12
32292,92,2026-08-04,499,28
32293,93,2026-08-04,215,15
32294,94,2026-08-04,187,14
32295,95,2026-08-04,233,15
32296,96,2026-08-04,157,8
32297,97,2026-08-04,206,9
32298,98,2026-08-04,235,13
32299,99,2026-08-04,194,13
32300,100,2026-08-04,208,11
32301,1,2026-08-05,164,11
32302,2,2026-08-05,202,15
32303,3,2026-08-05,222,15
32304,4,2026-08-05,311,20
32305,5,2026-08-05,263,17
32306,6,2026-08-05,289,15
32307,7,2026-08-05,329,21
32308,8,2026-08-05,265,21
32309,9,2026-08-05,210,9
32310,10,2026-08-05,148,9
32311,11,2026-08-05,199,14
32312,12,2026-08-05,225,11
32313,13,2026-08-05,154,6
32314,14,2026-08-05,206,13
32315,15,2026-08-05,188,9
32316,16,2026-08-05,232,15
32317,17,2026-08-05,264,17
32318,18,2026-08-05,208,12
32319,19,2026-08-05,200,10
32320,20,2026-08-05,139,10
32321,21,2026-08-05,158,7
32322,22,2026-08-05,212,13
32323,23,2026-08-05,149,7
32324,24,2026-08-05,234,13
32325,25,2026-08-05,136,7
32326,26,2026-08-05,184,10
32327,27,2026-08-05,177,7
32328,28,2026-08-05,139,7
32329,29,2026-08-05,208,13
32330,30,2026-08-05,288,16
32331,31,2026-08-05,156,10
32332,32,2026-08-05,194,11
32333,33,2026-08-05,166,11
32334,34,2026-08-05,120,10
32335,35,2026-08-05,143,9
32336,36,2026-08-05,284,16
32337,37,2026-08-05,228,14
32338,38,2026-08-05,189,12
32339,39,2026-08-05,184,10
32340,40,2026-08-05,147,7
32341,41,2026-08-05,161,8
32342,42,2026-08-05,200,10
32343,43,2026-08-05,169,8
32344,44,2026-08-05,124,9
32345,45,2026-08-05,220,10
32346,46,2026-08-05,206,10
32347,47,2026-08-05,172,10
32348,48,2026-08-05,156,7
32349,49,2026-08-05,194,10
32350,50,2026-08-05,224,12
32351,51,2026-08-05,212,13
32352,52,2026-08-05,145,12
32353,53,2026-08-05,140,8
32354,54,2026-08-05,134,7
32355,55,2026-08-05,181,11
32356,56,2026-08-05,239,15
32357,57,2026-08-05,121,10
32358,58,2026-08-05,213,13
32359,59,2026-08-05,176,10
32360,60,2026-08-05,171,11
32361,61,2026-08-05,219,12
32362,62,2026-08-05,174,8
32363,63,2026-08-05,274,15
32364,64,2026-08-05,153,8
32365,65,2026-08-05,209,13
32366,66,2026-08-05,161,12
32367,67,2026-08-05,217,12
32368,68,2026-08-05,96,3
32369,69,2026-08-05,221,14
32370,70,2026-08-05,125,8
32371,71,2026-08-05,200,9
32372,72,2026-08-05,253,16
32373,73,2026-08-05,240,17
32374,74,2026-08-05,191,12
32375,75,2026-08-05,200,18
32376,76,2026-08-05,190,11
32377,77,2026-08-05,125,8
32378,78,2026-08-05,164,9
32379,79,2026-08-05,142,7
32380,80,2026-08-05,300,20
32381,81,2026-08-05,186,15
32382,82,2026-08-05,210,13
32383,83,2026-08-05,241,16
32384,84,2026-08-05,220,11
32385,85,2026-08-05,215,12
32386,86,2026-08-05,173,6
32387,87,2026-08-05,212,13
32388,88,2026-08-05,189,11
32389,89,2026-08-05,309,17
32390,90,2026-08-05,205,9
32391,91,2026-08-05,190,11
32392,92,2026-08-05,479,25
32393,93,2026-08-05,227,11
32394,94,2026-08-05,188,14
32395,95,2026-08-05,283,15
32396,96,2026-08-05,150,7
32397,97,2026-08-05,196,11
32398,98,2026-08-05,225,15
32399,99,2026-08-05,201,11
32400,100,2026-08-05,212,10
32401,1,2026-08-06,148,9
32402,2,2026-08-06,178,11
32403,3,2026-08-06,204,12
32404,4,2026-08-06,268,15
32405,5,2026-08-06,210,16
32406,6,2026-08-06,245,14
32407,7,2026-08-06,275,18
32408,8,2026-08-06,240,13
32409,9,2026-08-06,194,13
32410,10,2026-08-06,142,8
32411,11,2026-08-06,179,10
32412,12,2026-08-06,208,13
32413,13,2026-08-06,125,4
32414,14,2026-08-06,203,12
32415,15,2026-08-06,171,13
32416,16,2026-08-06,215,10
32417,17,2026-08-06,245,18
32418,18,2026-08-06,190,9
32419,19,2026-08-06,265,14
32420,20,2026-08-06,108,11
32421,21,2026-08-06,114,7
32422,22,2026-08-06,208,13
32423,23,2026-08-06,130,10
32424,24,2026-08-06,210,11
32425,25,2026-08-06,140,10
32426,26,2026-08-06,211,11
32427,27,2026-08-06,128,6
32428,28,2026-08-06,113,10
32429,29,2026-08-06,198,12
32430,30,2026-08-06,259,18
32431,31,2026-08-06,126,9
32432,32,2026-08-06,170,12
32433,33,2026-08-06,159,9
32434,34,2026-08-06,106,5
32435,35,2026-08-06,119,6
32436,36,2026-08-06,253,11
32437,37,2026-08-06,232,8
32438,38,2026-08-06,160,8
32439,39,2026-08-06,162,10
32440,40,2026-08-06,130,6
32441,41,2026-08-06,132,11
32442,42,2026-08-06,203,14
32443,43,2026-08-06,139,9
32444,44,2026-08-06,105,5
32445,45,2026-08-06,192,11
32446,46,2026-08-06,165,6
32447,47,2026-08-06,152,7
32448,48,2026-08-06,127,5
32449,49,2026-08-06,143,9
32450,50,2026-08-06,176,11
32451,51,2026-08-06,210,13
32452,52,2026-08-06,138,8
32453,53,2026-08-06,117,6
32454,54,2026-08-06,141,8
32455,55,2026-08-06,159,10
32456,56,2026-08-06,187,8
32457,57,2026-08-06,117,8
32458,58,2026-08-06,209,13
32459,59,2026-08-06,155,8
32460,60,2026-08-06,147,10
32461,61,2026-08-06,179,7
32462,62,2026-08-06,171,8
32463,63,2026-08-06,262,15
32464,64,2026-08-06,134,6
32465,65,2026-08-06,198,9
32466,66,2026-08-06,147,11
32467,67,2026-08-06,197,12
32468,68,2026-08-06,94,1
32469,69,2026-08-06,211,12
32470,70,2026-08-06,89,4
32471,71,2026-08-06,204,10
32472,72,2026-08-06,221,12
32473,73,2026-08-06,208,14
32474,74,2026-08-06,132,7
32475,75,2026-08-06,180,14
32476,76,2026-08-06,158,9
32477,77,2026-08-06,105,6
32478,78,2026-08-06,146,8
32479,79,2026-08-06,134,9
32480,80,2026-08-06,228,15
32481,81,2026-08-06,148,10
32482,82,2026-08-06,160,7
32483,83,2026-08-06,201,11
32484,84,2026-08-06,187,11
32485,85,2026-08-06,188,8
32486,86,2026-08-06,130,9
32487,87,2026-08-06,140,6
32488,88,2026-08-06,181,15
32489,89,2026-08-06,254,17
32490,90,2026-08-06,186,11
32491,91,2026-08-06,165,12
32492,92,2026-08-06,390,23
32493,93,2026-08-06,200,10
32494,94,2026-08-06,169,11
32495,95,2026-08-06,217,15
32496,96,2026-08-06,127,4
32497,97,2026-08-06,174,10
32498,98,2026-08-06,210,14
32499,99,2026-08-06,150,7
32500,100,2026-08-06,167,9
32501,1,2026-08-07,157,6
32502,2,2026-08-07,176,10
32503,3,2026-08-07,215,12
32504,4,2026-08-07,274,20
32505,5,2026-08-07,221,12
32506,6,2026-08-07,274,17
32507,7,2026-08-07,316,22
32508,8,2026-08-07,243,13
32509,9,2026-08-07,195,10
32510,10,2026-08-07,131,6
32511,11,2026-08-07,141,12
32512,12,2026-08-07,181,12
32513,13,2026-08-07,136,7
32514,14,2026-08-07,178,9
32515,15,2026-08-07,160,6
32516,16,2026-08-07,243,16
32517,17,2026-08-07,252,18
32518,18,2026-08-07,165,9
32519,19,2026-08-07,300,18
32520,20,2026-08-07,112,7
32521,21,2026-08-07,119,10
32522,22,2026-08-07,185,9
32523,23,2026-08-07,115,10
32524,24,2026-08-07,247,15
32525,25,2026-08-07,130,7
32526,26,2026-08-07,225,13
32527,27,2026-08-07,156,10
32528,28,2026-08-07,137,7
32529,29,2026-08-07,189,8
32530,30,2026-08-07,280,18
32531,31,2026-08-07,140,9
32532,32,2026-08-07,140,7
32533,33,2026-08-07,142,6
32534,34,2026-08-07,90,9
32535,35,2026-08-07,116,5
32536,36,2026-08-07,275,20
32537,37,2026-08-07,209,13
32538,38,2026-08-07,141,8
32539,39,2026-08-07,153,6
32540,40,2026-08-07,112,7
32541,41,2026-08-07,137,9
32542,42,2026-08-07,237,11
32543,43,2026-08-07,160,9
32544,44,2026-08-07,109,7
32545,45,2026-08-07,196,8
32546,46,2026-08-07,180,9
32547,47,2026-08-07,176,10
32548,48,2026-08-07,143,8
32549,49,2026-08-07,153,10
32550,50,2026-08-07,192,14
32551,51,2026-08-07,196,14
32552,52,2026-08-07,137,9
32553,53,2026-08-07,129,8
32554,54,2026-08-07,137,3
32555,55,2026-08-07,138,9
32556,56,2026-08-07,188,14
32557,57,2026-08-07,120,8
32558,58,2026-08-07,161,10
32559,59,2026-08-07,173,9
32560,60,2026-08-07,171,7
32561,61,2026-08-07,183,11
32562,62,2026-08-07,184,13
32563,63,2026-08-07,267,14
32564,64,2026-08-07,135,3
32565,65,2026-08-07,255,12
32566,66,2026-08-07,172,6
32567,67,2026-08-07,194,11
32568,68,2026-08-07,76,4
32569,69,2026-08-07,216,13
32570,70,2026-08-07,103,8
32571,71,2026-08-07,208,14
32572,72,2026-08-07,238,14
32573,73,2026-08-07,189,10
32574,74,2026-08-07,140,7
32575,75,2026-08-07,188,10
32576,76,2026-08-07,153,8
32577,77,2026-08-07,105,6
32578,78,2026-08-07,156,10
32579,79,2026-08-07,144,9
32580,80,2026-08-07,226,11
32581,81,2026-08-07,174,8
32582,82,2026-08-07,184,9
32583,83,2026-08-07,195,12
32584,84,2026-08-07,179,13
32585,85,2026-08-07,193,11
32586,86,2026-08-07,128,6
32587,87,2026-08-07,143,6
32588,88,2026-08-07,157,10
32589,89,2026-08-07,284,16
32590,90,2026-08-07,187,10
32591,91,2026-08-07,163,7
32592,92,2026-08-07,371,23
32593,93,2026-08-07,191,9
32594,94,2026-08-07,149,10
32595,95,2026-08-07,200,8
32596,96,2026-08-07,134,9
32597,97,2026-08-07,166,10
32598,98,2026-08-07,171,12
32599,99,2026-08-07,151,9
32600,100,2026-08-07,194,11
32601,1,2026-08-08,123,6
32602,2,2026-08-08,150,10
32603,3,2026-08-08,195,8
32604,4,2026-08-08,249,16
32605,5,2026-08-08,244,15
32606,6,2026-08-08,227,13
32607,7,2026-08-08,322,15
32608,8,2026-08-08,214,11
32609,9,2026-08-08,204,6
32610,10,2026-08-08,127,5
32611,11,2026-08-08,181,9
32612,12,2026-08-08,224,12
32613,13,2026-08-08,146,8
32614,14,2026-08-08,164,8
32615,15,2026-08-08,142,6
32616,16,2026-08-08,231,10
32617,17,2026-08-08,222,13
32618,18,2026-08-08,187,11
32619,19,2026-08-08,252,13
32620,20,2026-08-08,99,6
32621,21,2026-08-08,135,10
32622,22,2026-08-08,209,11
32623,23,2026-08-08,112,6
32624,24,2026-08-08,197,10
32625,25,2026-08-08,124,7
32626,26,2026-08-08,212,11
32627,27,2026-08-08,161,11
32628,28,2026-08-08,134,11
32629,29,2026-08-08,205,12
32630,30,2026-08-08,255,15
32631,31,2026-08-08,133,8
32632,32,2026-08-08,160,14
32633,33,2026-08-08,153,6
32634,34,2026-08-08,88,6
32635,35,2026-08-08,137,10
32636,36,2026-08-08,264,19
32637,37,2026-08-08,217,12
32638,38,2026-08-08,157,7
32639,39,2026-08-08,169,8
32640,40,2026-08-08,135,10
32641,41,2026-08-08,142,8
32642,42,2026-08-08,206,12
32643,43,2026-08-08,151,4
32644,44,2026-08-08,103,5
32645,45,2026-08-08,166,13
32646,46,2026-08-08,185,9
32647,47,2026-08-08,191,11
32648,48,2026-08-08,135,9
32649,49,2026-08-08,138,8
32650,50,2026-08-08,173,13
32651,51,2026-08-08,185,12
32652,52,2026-08-08,151,8
32653,53,2026-08-08,124,8
32654,54,2026-08-08,130,7
32655,55,2026-08-08,165,10
32656,56,2026-08-08,191,12
32657,57,2026-08-08,111,4
32658,58,2026-08-08,191,9
32659,59,2026-08-08,172,9
32660,60,2026-08-08,147,8
32661,61,2026-08-08,166,9
32662,62,2026-08-08,163,10
32663,63,2026-08-08,246,13
32664,64,2026-08-08,136,10
32665,65,2026-08-08,199,8
32666,66,2026-08-08,161,9
32667,67,2026-08-08,216,14
32668,68,2026-08-08,85,5
32669,69,2026-08-08,192,12
32670,70,2026-08-08,97,5
32671,71,2026-08-08,200,11
32672,72,2026-08-08,189,11
32673,73,2026-08-08,183,7
32674,74,2026-08-08,150,9
32675,75,2026-08-08,186,13
32676,76,2026-08-08,159,10
32677,77,2026-08-08,100,5
32678,78,2026-08-08,168,13
32679,79,2026-08-08,121,11
32680,80,2026-08-08,289,18
32681,81,2026-08-08,155,6
32682,82,2026-08-08,144,10
32683,83,2026-08-08,215,14
32684,84,2026-08-08,198,11
32685,85,2026-08-08,170,6
32686,86,2026-08-08,147,10
32687,87,2026-08-08,150,9
32688,88,2026-08-08,151,6
32689,89,2026-08-08,273,17
32690,90,2026-08-08,187,11
32691,91,2026-08-08,139,7
32692,92,2026-08-08,393,26
32693,93,2026-08-08,243,9
32694,94,2026-08-08,162,10
32695,95,2026-08-08,219,14
32696,96,2026-08-08,117,9
32697,97,2026-08-08,164,9
32698,98,2026-08-08,190,10
32699,99,2026-08-08,191,9
32700,100,2026-08-08,198,7
32701,1,2026-08-09,70,5
32702,2,2026-08-09,83,2
32703,3,2026-08-09,104,11
32704,4,2026-08-09,130,5
32705,5,2026-08-09,140,7
32706,6,2026-08-09,109,5
32707,7,2026-08-09,204,12
32708,8,2026-08-09,133,9
32709,9,2026-08-09,98,4
32710,10,2026-08-09,98,6
32711,11,2026-08-09,118,9
32712,12,2026-08-09,128,3
32713,13,2026-08-09,63,2
32714,14,2026-08-09,112,3
32715,15,2026-08-09,88,2
32716,16,2026-08-09,142,10
32717,17,2026-08-09,139,9
32718,18,2026-08-09,106,5
32719,19,2026-08-09,122,6
32720,20,2026-08-09,61,3
32721,21,2026-08-09,72,5
32722,22,2026-08-09,117,5
32723,23,2026-08-09,74,2
32724,24,2026-08-09,154,12
32725,25,2026-08-09,82,3
32726,26,2026-08-09,125,4
32727,27,2026-08-09,96,6
32728,28,2026-08-09,64,4
32729,29,2026-08-09,87,7
32730,30,2026-08-09,159,8
32731,31,2026-08-09,69,4
32732,32,2026-08-09,65,2
32733,33,2026-08-09,79,3
32734,34,2026-08-09,60,4
32735,35,2026-08-09,69,3
32736,36,2026-08-09,165,13
32737,37,2026-08-09,115,7
32738,38,2026-08-09,99,4
32739,39,2026-08-09,77,4
32740,40,2026-08-09,63,0
32741,41,2026-08-09,103,8
32742,42,2026-08-09,116,7
32743,43,2026-08-09,96,1
32744,44,2026-08-09,72,3
32745,45,2026-08-09,113,5
32746,46,2026-08-09,111,3
32747,47,2026-08-09,129,6
32748,48,2026-08-09,84,7
32749,49,2026-08-09,86,3
32750,50,2026-08-09,91,5
32751,51,2026-08-09,124,8
32752,52,2026-08-09,77,1
32753,53,2026-08-09,73,0
32754,54,2026-08-09,70,3
32755,55,2026-08-09,89,3
32756,56,2026-08-09,110,4
32757,57,2026-08-09,73,1
32758,58,2026-08-09,108,7
32759,59,2026-08-09,105,2
32760,60,2026-08-09,96,4
32761,61,2026-08-09,101,6
32762,62,2026-08-09,104,5
32763,63,2026-08-09,94,8
32764,64,2026-08-09,85,7
32765,65,2026-08-09,113,3
32766,66,2026-08-09,98,6
32767,67,2026-08-09,139,6
32768,68,2026-08-09,46,2
32769,69,2026-08-09,131,10
32770,70,2026-08-09,45,3
32771,71,2026-08-09,162,6
32772,72,2026-08-09,127,7
32773,73,2026-08-09,116,8
32774,74,2026-08-09,93,5
32775,75,2026-08-09,93,7
32776,76,2026-08-09,68,1
32777,77,2026-08-09,59,6
32778,78,2026-08-09,89,5
32779,79,2026-08-09,84,4
32780,80,2026-08-09,201,11
32781,81,2026-08-09,97,1
32782,82,2026-08-09,112,6
32783,83,2026-08-09,123,8
32784,84,2026-08-09,129,7
32785,85,2026-08-09,88,6
32786,86,2026-08-09,97,4
32787,87,2026-08-09,105,6
32788,88,2026-08-09,98,4
32789,89,2026-08-09,147,9
32790,90,2026-08-09,101,5
32791,91,2026-08-09,87,4
32792,92,2026-08-09,241,15
32793,93,2026-08-09,102,7
32794,94,2026-08-09,100,4
32795,95,2026-08-09,142,9
32796,96,2026-08-09,76,4
32797,97,2026-08-09,86,3
32798,98,2026-08-09,102,9
32799,99,2026-08-09,110,4
32800,100,2026-08-09,98,5
32801,1,2026-08-10,208,13
32802,2,2026-08-10,214,10
32803,3,2026-08-10,260,12
32804,4,2026-08-10,344,18
32805,5,2026-08-10,270,17
32806,6,2026-08-10,321,18
32807,7,2026-08-10,379,20
32808,8,2026-08-10,343,22
32809,9,2026-08-10,231,13
32810,10,2026-08-10,189,8
32811,11,2026-08-10,234,13
32812,12,2026-08-10,279,15
32813,13,2026-08-10,189,7
32814,14,2026-08-10,259,16
32815,15,2026-08-10,189,11
32816,16,2026-08-10,269,15
32817,17,2026-08-10,316,21
32818,18,2026-08-10,240,12
32819,19,2026-08-10,337,17
32820,20,2026-08-10,155,11
32821,21,2026-08-10,161,9
32822,22,2026-08-10,260,17
32823,23,2026-08-10,166,8
32824,24,2026-08-10,293,17
32825,25,2026-08-10,160,7
32826,26,2026-08-10,269,16
32827,27,2026-08-10,199,12
32828,28,2026-08-10,158,12
32829,29,2026-08-10,260,17
32830,30,2026-08-10,227,15
32831,31,2026-08-10,171,10
32832,32,2026-08-10,227,15
32833,33,2026-08-10,187,11
32834,34,2026-08-10,136,4
32835,35,2026-08-10,143,6
32836,36,2026-08-10,357,18
32837,37,2026-08-10,269,17
32838,38,2026-08-10,186,11
32839,39,2026-08-10,222,15
32840,40,2026-08-10,194,8
32841,41,2026-08-10,182,14
32842,42,2026-08-10,257,16
32843,43,2026-08-10,236,16
32844,44,2026-08-10,147,9
32845,45,2026-08-10,237,14
32846,46,2026-08-10,207,13
32847,47,2026-08-10,240,14
32848,48,2026-08-10,177,8
32849,49,2026-08-10,211,12
32850,50,2026-08-10,247,14
32851,51,2026-08-10,251,13
32852,52,2026-08-10,167,5
32853,53,2026-08-10,153,6
32854,54,2026-08-10,173,10
32855,55,2026-08-10,219,17
32856,56,2026-08-10,282,15
32857,57,2026-08-10,145,12
32858,58,2026-08-10,258,18
32859,59,2026-08-10,209,10
32860,60,2026-08-10,216,11
32861,61,2026-08-10,240,15
32862,62,2026-08-10,204,9
32863,63,2026-08-10,310,21
32864,64,2026-08-10,214,10
32865,65,2026-08-10,280,14
32866,66,2026-08-10,211,13
32867,67,2026-08-10,269,16
32868,68,2026-08-10,119,4
32869,69,2026-08-10,244,12
32870,70,2026-08-10,128,10
32871,71,2026-08-10,243,12
32872,72,2026-08-10,287,18
32873,73,2026-08-10,278,19
32874,74,2026-08-10,182,8
32875,75,2026-08-10,238,14
32876,76,2026-08-10,213,13
32877,77,2026-08-10,146,5
32878,78,2026-08-10,180,11
32879,79,2026-08-10,182,9
32880,80,2026-08-10,364,19
32881,81,2026-08-10,214,17
32882,82,2026-08-10,214,16
32883,83,2026-08-10,257,14
32884,84,2026-08-10,224,14
32885,85,2026-08-10,241,12
32886,86,2026-08-10,196,11
32887,87,2026-08-10,206,10
32888,88,2026-08-10,247,16
32889,89,2026-08-10,330,19
32890,90,2026-08-10,220,12
32891,91,2026-08-10,177,11
32892,92,2026-08-10,527,31
32893,93,2026-08-10,269,17
32894,94,2026-08-10,243,10
32895,95,2026-08-10,322,19
32896,96,2026-08-10,180,12
32897,97,2026-08-10,237,13
32898,98,2026-08-10,209,14
32899,99,2026-08-10,237,16
32900,100,2026-08-10,256,11
32901,1,2026-08-11,172,11
32902,2,2026-08-11,202,10
32903,3,2026-08-11,244,12
32904,4,2026-08-11,310,16
32905,5,2026-08-11,251,13
32906,6,2026-08-11,315,21
32907,7,2026-08-11,328,17
32908,8,2026-08-11,280,15
32909,9,2026-08-11,212,13
32910,10,2026-08-11,159,10
32911,11,2026-08-11,218,13
32912,12,2026-08-11,218,15
32913,13,2026-08-11,173,9
32914,14,2026-08-11,244,18
32915,15,2026-08-11,160,12
32916,16,2026-08-11,257,16
32917,17,2026-08-11,275,14
32918,18,2026-08-11,206,12
32919,19,2026-08-11,309,17
32920,20,2026-08-11,128,9
32921,21,2026-08-11,156,10
32922,22,2026-08-11,232,15
32923,23,2026-08-11,160,7
32924,24,2026-08-11,229,13
32925,25,2026-08-11,147,11
32926,26,2026-08-11,258,19
32927,27,2026-08-11,181,8
32928,28,2026-08-11,141,7
32929,29,2026-08-11,227,11
32930,30,2026-08-11,192,11
32931,31,2026-08-11,161,9
32932,32,2026-08-11,189,9
32933,33,2026-08-11,169,13
32934,34,2026-08-11,124,5
32935,35,2026-08-11,142,11
32936,36,2026-08-11,323,16
32937,37,2026-08-11,223,16
32938,38,2026-08-11,193,10
32939,39,2026-08-11,180,9
32940,40,2026-08-11,162,13
32941,41,2026-08-11,192,10
32942,42,2026-08-11,236,12
32943,43,2026-08-11,201,10
32944,44,2026-08-11,117,4
32945,45,2026-08-11,238,14
32946,46,2026-08-11,164,10
32947,47,2026-08-11,200,11
32948,48,2026-08-11,145,8
32949,49,2026-08-11,159,8
32950,50,2026-08-11,235,16
32951,51,2026-08-11,220,11
32952,52,2026-08-11,145,8
32953,53,2026-08-11,130,10
32954,54,2026-08-11,135,8
32955,55,2026-08-11,172,8
32956,56,2026-08-11,244,15
32957,57,2026-08-11,132,3
32958,58,2026-08-11,234,14
32959,59,2026-08-11,178,7
32960,60,2026-08-11,176,9
32961,61,2026-08-11,207,10
32962,62,2026-08-11,163,8
32963,63,2026-08-11,262,17
32964,64,2026-08-11,175,9
32965,65,2026-08-11,236,11
32966,66,2026-08-11,171,12
32967,67,2026-08-11,238,14
32968,68,2026-08-11,112,10
32969,69,2026-08-11,232,16
32970,70,2026-08-11,111,5
32971,71,2026-08-11,231,14
32972,72,2026-08-11,262,16
32973,73,2026-08-11,243,18
32974,74,2026-08-11,178,10
32975,75,2026-08-11,213,13
32976,76,2026-08-11,167,8
32977,77,2026-08-11,110,5
32978,78,2026-08-11,183,14
32979,79,2026-08-11,162,11
32980,80,2026-08-11,295,20
32981,81,2026-08-11,173,12
32982,82,2026-08-11,185,11
32983,83,2026-08-11,216,13
32984,84,2026-08-11,204,9
32985,85,2026-08-11,199,11
32986,86,2026-08-11,157,9
32987,87,2026-08-11,158,9
32988,88,2026-08-11,201,10
32989,89,2026-08-11,296,17
32990,90,2026-08-11,180,13
32991,91,2026-08-11,170,13
32992,92,2026-08-11,413,22
32993,93,2026-08-11,229,17
32994,94,2026-08-11,189,10
32995,95,2026-08-11,279,17
32996,96,2026-08-11,140,4
32997,97,2026-08-11,214,14
32998,98,2026-08-11,211,10
32999,99,2026-08-11,184,12
33000,100,2026-08-11,225,14
33001,1,2026-08-12,174,9
33002,2,2026-08-12,180,11
33003,3,2026-08-12,233,15
33004,4,2026-08-12,254,16
33005,5,2026-08-12,237,13
33006,6,2026-08-12,271,13
33007,7,2026-08-12,343,21
33008,8,2026-08-12,272,11
33009,9,2026-08-12,208,11
33010,10,2026-08-12,148,9
33011,11,2026-08-12,218,11
33012,12,2026-08-12,215,11
33013,13,2026-08-12,148,8
33014,14,2026-08-12,210,14
33015,15,2026-08-12,179,12
33016,16,2026-08-12,236,14
33017,17,2026-08-12,252,13
33018,18,2026-08-12,195,11
33019,19,2026-08-12,192,9
33020,20,2026-08-12,144,7
33021,21,2026-08-12,139,6
33022,22,2026-08-12,227,15
33023,23,2026-08-12,153,9
33024,24,2026-08-12,253,12
33025,25,2026-08-12,138,9
33026,26,2026-08-12,257,15
33027,27,2026-08-12,175,11
33028,28,2026-08-12,147,9
33029,29,2026-08-12,219,10
33030,30,2026-08-12,182,10
33031,31,2026-08-12,151,12
33032,32,2026-08-12,182,10
33033,33,2026-08-12,166,9
33034,34,2026-08-12,112,5
33035,35,2026-08-12,157,7
33036,36,2026-08-12,312,19
33037,37,2026-08-12,232,13
33038,38,2026-08-12,180,10
33039,39,2026-08-12,191,9
33040,40,2026-08-12,164,8
33041,41,2026-08-12,158,7
33042,42,2026-08-12,255,17
33043,43,2026-08-12,192,14
33044,44,2026-08-12,121,8
33045,45,2026-08-12,207,10
33046,46,2026-08-12,211,11
33047,47,2026-08-12,195,8
33048,48,2026-08-12,158,5
33049,49,2026-08-12,173,11
33050,50,2026-08-12,228,8
33051,51,2026-08-12,221,14
33052,52,2026-08-12,168,12
33053,53,2026-08-12,147,7
33054,54,2026-08-12,142,9
33055,55,2026-08-12,203,11
33056,56,2026-08-12,215,13
33057,57,2026-08-12,136,8
33058,58,2026-08-12,227,12
33059,59,2026-08-12,164,7
33060,60,2026-08-12,171,8
33061,61,2026-08-12,202,12
33062,62,2026-08-12,202,12
33063,63,2026-08-12,254,15
33064,64,2026-08-12,163,9
33065,65,2026-08-12,244,11
33066,66,2026-08-12,196,11
33067,67,2026-08-12,208,12
33068,68,2026-08-12,108,7
33069,69,2026-08-12,202,10
33070,70,2026-08-12,115,7
33071,71,2026-08-12,191,14
33072,72,2026-08-12,265,12
33073,73,2026-08-12,226,13
33074,74,2026-08-12,185,9
33075,75,2026-08-12,237,9
33076,76,2026-08-12,183,11
33077,77,2026-08-12,114,11
33078,78,2026-08-12,163,9
33079,79,2026-08-12,136,9
33080,80,2026-08-12,325,18
33081,81,2026-08-12,173,14
33082,82,2026-08-12,183,13
33083,83,2026-08-12,213,12
33084,84,2026-08-12,205,12
33085,85,2026-08-12,223,14
33086,86,2026-08-12,149,8
33087,87,2026-08-12,168,10
33088,88,2026-08-12,182,11
33089,89,2026-08-12,281,17
33090,90,2026-08-12,213,12
33091,91,2026-08-12,167,11
33092,92,2026-08-12,464,22
33093,93,2026-08-12,237,12
33094,94,2026-08-12,193,13
33095,95,2026-08-12,250,13
33096,96,2026-08-12,159,9
33097,97,2026-08-12,176,10
33098,98,2026-08-12,202,8
33099,99,2026-08-12,175,9
33100,100,2026-08-12,225,12
33101,1,2026-08-13,131,7
33102,2,2026-08-13,171,8
33103,3,2026-08-13,175,8
33104,4,2026-08-13,306,17
33105,5,2026-08-13,193,12
33106,6,2026-08-13,247,14
33107,7,2026-08-13,330,18
33108,8,2026-08-13,265,17
33109,9,2026-08-13,203,9
33110,10,2026-08-13,135,9
33111,11,2026-08-13,188,10
33112,12,2026-08-13,206,10
33113,13,2026-08-13,124,7
33114,14,2026-08-13,210,11
33115,15,2026-08-13,172,7
33116,16,2026-08-13,216,11
33117,17,2026-08-13,237,13
33118,18,2026-08-13,183,13
33119,19,2026-08-13,167,10
33120,20,2026-08-13,101,7
33121,21,2026-08-13,124,10
33122,22,2026-08-13,228,12
33123,23,2026-08-13,117,5
33124,24,2026-08-13,233,13
33125,25,2026-08-13,125,5
33126,26,2026-08-13,225,15
33127,27,2026-08-13,154,5
33128,28,2026-08-13,113,10
33129,29,2026-08-13,223,14
33130,30,2026-08-13,157,10
33131,31,2026-08-13,137,4
33132,32,2026-08-13,178,6
33133,33,2026-08-13,133,3
33134,34,2026-08-13,107,3
33135,35,2026-08-13,112,8
33136,36,2026-08-13,251,13
33137,37,2026-08-13,175,13
33138,38,2026-08-13,148,6
33139,39,2026-08-13,181,12
33140,40,2026-08-13,156,8
33141,41,2026-08-13,121,5
33142,42,2026-08-13,189,13
33143,43,2026-08-13,152,8
33144,44,2026-08-13,108,6
33145,45,2026-08-13,159,9
33146,46,2026-08-13,203,12
33147,47,2026-08-13,193,11
33148,48,2026-08-13,131,4
33149,49,2026-08-13,157,8
33150,50,2026-08-13,172,12
33151,51,2026-08-13,189,10
33152,52,2026-08-13,234,15
33153,53,2026-08-13,119,9
33154,54,2026-08-13,138,11
33155,55,2026-08-13,166,10
33156,56,2026-08-13,204,11
33157,57,2026-08-13,128,13
33158,58,2026-08-13,318,18
33159,59,2026-08-13,168,11
33160,60,2026-08-13,166,6
33161,61,2026-08-13,168,11
33162,62,2026-08-13,169,13
33163,63,2026-08-13,242,15
33164,64,2026-08-13,125,6
33165,65,2026-08-13,201,12
33166,66,2026-08-13,167,10
33167,67,2026-08-13,183,11
33168,68,2026-08-13,79,7
33169,69,2026-08-13,229,10
33170,70,2026-08-13,101,5
33171,71,2026-08-13,189,10
33172,72,2026-08-13,217,12
33173,73,2026-08-13,204,13
33174,74,2026-08-13,131,9
33175,75,2026-08-13,181,9
33176,76,2026-08-13,131,7
33177,77,2026-08-13,108,5
33178,78,2026-08-13,157,8
33179,79,2026-08-13,117,6
33180,80,2026-08-13,269,15
33181,81,2026-08-13,160,11
33182,82,2026-08-13,151,10
33183,83,2026-08-13,175,14
33184,84,2026-08-13,168,15
33185,85,2026-08-13,206,12
33186,86,2026-08-13,142,7
33187,87,2026-08-13,172,9
33188,88,2026-08-13,169,9
33189,89,2026-08-13,260,15
33190,90,2026-08-13,178,13
33191,91,2026-08-13,166,10
33192,92,2026-08-13,380,20
33193,93,2026-08-13,151,6
33194,94,2026-08-13,158,10
33195,95,2026-08-13,230,12
33196,96,2026-08-13,141,7
33197,97,2026-08-13,170,8
33198,98,2026-08-13,189,10
33199,99,2026-08-13,168,10
33200,100,2026-08-13,208,14
33201,1,2026-08-14,184,9
33202,2,2026-08-14,182,10
33203,3,2026-08-14,194,8
33204,4,2026-08-14,260,14
33205,5,2026-08-14,221,13
33206,6,2026-08-14,225,12
33207,7,2026-08-14,341,25
33208,8,2026-08-14,262,17
33209,9,2026-08-14,182,11
33210,10,2026-08-14,144,9
33211,11,2026-08-14,194,14
33212,12,2026-08-14,200,15
33213,13,2026-08-14,147,8
33214,14,2026-08-14,185,12
33215,15,2026-08-14,127,10
33216,16,2026-08-14,198,12
33217,17,2026-08-14,232,11
33218,18,2026-08-14,184,14
33219,19,2026-08-14,174,10
33220,20,2026-08-14,113,8
33221,21,2026-08-14,140,9
33222,22,2026-08-14,199,14
33223,23,2026-08-14,126,7
33224,24,2026-08-14,211,9
33225,25,2026-08-14,113,5
33226,26,2026-08-14,191,10
33227,27,2026-08-14,152,11
33228,28,2026-08-14,127,9
33229,29,2026-08-14,189,10
33230,30,2026-08-14,161,14
33231,31,2026-08-14,158,10
33232,32,2026-08-14,166,12
33233,33,2026-08-14,158,6
33234,34,2026-08-14,105,10
33235,35,2026-08-14,127,7
33236,36,2026-08-14,231,15
33237,37,2026-08-14,199,9
33238,38,2026-08-14,174,14
33239,39,2026-08-14,182,8
33240,40,2026-08-14,138,9
33241,41,2026-08-14,147,7
33242,42,2026-08-14,195,13
33243,43,2026-08-14,164,12
33244,44,2026-08-14,93,5
33245,45,2026-08-14,197,11
33246,46,2026-08-14,184,14
33247,47,2026-08-14,167,9
33248,48,2026-08-14,125,3
33249,49,2026-08-14,141,10
33250,50,2026-08-14,176,9
33251,51,2026-08-14,201,13
33252,52,2026-08-14,227,9
33253,53,2026-08-14,133,9
33254,54,2026-08-14,135,4
33255,55,2026-08-14,159,10
33256,56,2026-08-14,207,10
33257,57,2026-08-14,127,6
33258,58,2026-08-14,292,17
33259,59,2026-08-14,163,9
33260,60,2026-08-14,166,7
33261,61,2026-08-14,191,14
33262,62,2026-08-14,165,10
33263,63,2026-08-14,252,17
33264,64,2026-08-14,152,5
33265,65,2026-08-14,240,15
33266,66,2026-08-14,137,8
33267,67,2026-08-14,196,11
33268,68,2026-08-14,95,3
33269,69,2026-08-14,208,11
33270,70,2026-08-14,105,5
33271,71,2026-08-14,183,10
33272,72,2026-08-14,232,9
33273,73,2026-08-14,201,13
33274,74,2026-08-14,155,5
33275,75,2026-08-14,197,13
33276,76,2026-08-14,151,5
33277,77,2026-08-14,104,6
33278,78,2026-08-14,160,6
33279,79,2026-08-14,130,7
33280,80,2026-08-14,228,15
33281,81,2026-08-14,176,12
33282,82,2026-08-14,165,14
33283,83,2026-08-14,210,12
33284,84,2026-08-14,189,9
33285,85,2026-08-14,188,12
33286,86,2026-08-14,163,15
33287,87,2026-08-14,156,10
33288,88,2026-08-14,170,8
33289,89,2026-08-14,292,19
33290,90,2026-08-14,178,10
33291,91,2026-08-14,154,14
33292,92,2026-08-14,400,28
33293,93,2026-08-14,171,7
33294,94,2026-08-14,161,11
33295,95,2026-08-14,209,12
33296,96,2026-08-14,131,12
33297,97,2026-08-14,167,8
33298,98,2026-08-14,206,11
33299,99,2026-08-14,169,8
33300,100,2026-08-14,197,12
33301,1,2026-08-15,162,9
33302,2,2026-08-15,169,12
33303,3,2026-08-15,195,8
33304,4,2026-08-15,254,16
33305,5,2026-08-15,228,14
33306,6,2026-08-15,271,16
33307,7,2026-08-15,313,14
33308,8,2026-08-15,284,18
33309,9,2026-08-15,186,8
33310,10,2026-08-15,207,15
33311,11,2026-08-15,180,14
33312,12,2026-08-15,202,9
33313,13,2026-08-15,155,8
33314,14,2026-08-15,191,10
33315,15,2026-08-15,152,5
33316,16,2026-08-15,225,14
33317,17,2026-08-15,246,17
33318,18,2026-08-15,154,10
33319,19,2026-08-15,162,9
33320,20,2026-08-15,94,4
33321,21,2026-08-15,133,6
33322,22,2026-08-15,206,13
33323,23,2026-08-15,134,4
33324,24,2026-08-15,206,11
33325,25,2026-08-15,137,7
33326,26,2026-08-15,216,10
33327,27,2026-08-15,152,8
33328,28,2026-08-15,137,6
33329,29,2026-08-15,213,13
33330,30,2026-08-15,177,10
33331,31,2026-08-15,149,8
33332,32,2026-08-15,173,13
33333,33,2026-08-15,135,7
33334,34,2026-08-15,101,1
33335,35,2026-08-15,121,5
33336,36,2026-08-15,240,12
33337,37,2026-08-15,194,11
33338,38,2026-08-15,150,7
33339,39,2026-08-15,152,5
33340,40,2026-08-15,133,12
33341,41,2026-08-15,121,5
33342,42,2026-08-15,181,10
33343,43,2026-08-15,150,8
33344,44,2026-08-15,92,6
33345,45,2026-08-15,203,13
33346,46,2026-08-15,185,11
33347,47,2026-08-15,171,7
33348,48,2026-08-15,118,11
33349,49,2026-08-15,154,10
33350,50,2026-08-15,185,8
33351,51,2026-08-15,216,11
33352,52,2026-08-15,246,15
33353,53,2026-08-15,112,7
33354,54,2026-08-15,149,9
33355,55,2026-08-15,153,8
33356,56,2026-08-15,179,12
33357,57,2026-08-15,112,5
33358,58,2026-08-15,332,21
33359,59,2026-08-15,151,9
33360,60,2026-08-15,150,7
33361,61,2026-08-15,188,11
33362,62,2026-08-15,178,9
33363,63,2026-08-15,243,14
33364,64,2026-08-15,154,7
33365,65,2026-08-15,212,10
33366,66,2026-08-15,136,7
33367,67,2026-08-15,211,13
33368,68,2026-08-15,92,0
33369,69,2026-08-15,224,16
33370,70,2026-08-15,101,4
33371,71,2026-08-15,156,7
33372,72,2026-08-15,239,12
33373,73,2026-08-15,186,8
33374,74,2026-08-15,151,9
33375,75,2026-08-15,173,7
33376,76,2026-08-15,155,9
33377,77,2026-08-15,100,5
33378,78,2026-08-15,173,8
33379,79,2026-08-15,124,6
33380,80,2026-08-15,245,12
33381,81,2026-08-15,141,2
33382,82,2026-08-15,183,13
33383,83,2026-08-15,212,9
33384,84,2026-08-15,210,14
33385,85,2026-08-15,184,12
33386,86,2026-08-15,164,4
33387,87,2026-08-15,160,7
33388,88,2026-08-15,173,11
33389,89,2026-08-15,242,17
33390,90,2026-08-15,164,9
33391,91,2026-08-15,162,11
33392,92,2026-08-15,377,23
33393,93,2026-08-15,231,11
33394,94,2026-08-15,162,9
33395,95,2026-08-15,197,12
33396,96,2026-08-15,124,6
33397,97,2026-08-15,168,8
33398,98,2026-08-15,171,9
33399,99,2026-08-15,152,10
33400,100,2026-08-15,170,10
33401,1,2026-08-16,78,2
33402,2,2026-08-16,73,7
33403,3,2026-08-16,103,5
33404,4,2026-08-16,158,10
33405,5,2026-08-16,145,8
33406,6,2026-08-16,119,8
33407,7,2026-08-16,124,1
33408,8,2026-08-16,119,8
33409,9,2026-08-16,105,8
33410,10,2026-08-16,125,5
33411,11,2026-08-16,132,8
33412,12,2026-08-16,134,6
33413,13,2026-08-16,83,5
33414,14,2026-08-16,99,3
33415,15,2026-08-16,102,5
33416,16,2026-08-16,103,7
33417,17,2026-08-16,169,12
33418,18,2026-08-16,129,9
33419,19,2026-08-16,63,3
33420,20,2026-08-16,60,2
33421,21,2026-08-16,79,5
33422,22,2026-08-16,112,7
33423,23,2026-08-16,78,2
33424,24,2026-08-16,154,9
33425,25,2026-08-16,89,7
33426,26,2026-08-16,154,7
33427,27,2026-08-16,84,3
33428,28,2026-08-16,75,3
33429,29,2026-08-16,127,10
33430,30,2026-08-16,100,5
33431,31,2026-08-16,93,6
33432,32,2026-08-16,103,5
33433,33,2026-08-16,67,5
33434,34,2026-08-16,66,3
33435,35,2026-08-16,50,6
33436,36,2026-08-16,158,7
33437,37,2026-08-16,105,4
33438,38,2026-08-16,107,3
33439,39,2026-08-16,108,9
33440,40,2026-08-16,92,3
33441,41,2026-08-16,83,6
33442,42,2026-08-16,104,2
33443,43,2026-08-16,101,3
33444,44,2026-08-16,65,4
33445,45,2026-08-16,93,5
33446,46,2026-08-16,107,5
33447,47,2026-08-16,97,7
33448,48,2026-08-16,71,2
33449,49,2026-08-16,86,4
33450,50,2026-08-16,102,4
33451,51,2026-08-16,124,5
33452,52,2026-08-16,140,4
33453,53,2026-08-16,77,4
33454,54,2026-08-16,106,8
33455,55,2026-08-16,115,8
33456,56,2026-08-16,133,4
33457,57,2026-08-16,70,5
33458,58,2026-08-16,178,15
33459,59,2026-08-16,80,4
33460,60,2026-08-16,87,7
33461,61,2026-08-16,92,6
33462,62,2026-08-16,112,6
33463,63,2026-08-16,171,10
33464,64,2026-08-16,78,8
33465,65,2026-08-16,96,6
33466,66,2026-08-16,104,5
33467,67,2026-08-16,131,8
33468,68,2026-08-16,52,6
33469,69,2026-08-16,96,4
33470,70,2026-08-16,56,4
33471,71,2026-08-16,92,5
33472,72,2026-08-16,137,7
33473,73,2026-08-16,102,5
33474,74,2026-08-16,88,5
33475,75,2026-08-16,99,7
33476,76,2026-08-16,88,3
33477,77,2026-08-16,50,4
33478,78,2026-08-16,63,5
33479,79,2026-08-16,96,4
33480,80,2026-08-16,111,7
33481,81,2026-08-16,93,2
33482,82,2026-08-16,98,5
33483,83,2026-08-16,123,3
33484,84,2026-08-16,114,3
33485,85,2026-08-16,90,5
33486,86,2026-08-16,67,3
33487,87,2026-08-16,66,4
33488,88,2026-08-16,126,6
33489,89,2026-08-16,201,12
33490,90,2026-08-16,111,6
33491,91,2026-08-16,75,5
33492,92,2026-08-16,217,11
33493,93,2026-08-16,134,6
33494,94,2026-08-16,114,9
33495,95,2026-08-16,116,7
33496,96,2026-08-16,74,1
33497,97,2026-08-16,86,6
33498,98,2026-08-16,87,5
33499,99,2026-08-16,114,6
33500,100,2026-08-16,114,9
33501,1,2026-08-17,185,8
33502,2,2026-08-17,212,12
33503,3,2026-08-17,275,17
33504,4,2026-08-17,340,22
33505,5,2026-08-17,277,13
33506,6,2026-08-17,329,20
33507,7,2026-08-17,394,27
33508,8,2026-08-17,331,20
33509,9,2026-08-17,219,14
33510,10,2026-08-17,293,17
33511,11,2026-08-17,246,16
33512,12,2026-08-17,259,15
33513,13,2026-08-17,168,8
33514,14,2026-08-17,221,9
33515,15,2026-08-17,214,12
33516,16,2026-08-17,274,14
33517,17,2026-08-17,303,19
33518,18,2026-08-17,221,12
33519,19,2026-08-17,189,13
33520,20,2026-08-17,135,11
33521,21,2026-08-17,172,9
33522,22,2026-08-17,275,14
33523,23,2026-08-17,171,6
33524,24,2026-08-17,296,18
33525,25,2026-08-17,154,6
33526,26,2026-08-17,294,15
33527,27,2026-08-17,200,13
33528,28,2026-08-17,154,10
33529,29,2026-08-17,237,14
33530,30,2026-08-17,206,13
33531,31,2026-08-17,171,6
33532,32,2026-08-17,192,14
33533,33,2026-08-17,196,8
33534,34,2026-08-17,136,7
33535,35,2026-08-17,159,5
33536,36,2026-08-17,316,21
33537,37,2026-08-17,303,20
33538,38,2026-08-17,193,11
33539,39,2026-08-17,194,9
33540,40,2026-08-17,194,11
33541,41,2026-08-17,178,8
33542,42,2026-08-17,295,15
33543,43,2026-08-17,239,13
33544,44,2026-08-17,156,8
33545,45,2026-08-17,248,12
33546,46,2026-08-17,234,14
33547,47,2026-08-17,243,15
33548,48,2026-08-17,195,11
33549,49,2026-08-17,213,12
33550,50,2026-08-17,261,20
33551,51,2026-08-17,240,15
33552,52,2026-08-17,296,15
33553,53,2026-08-17,158,11
33554,54,2026-08-17,204,10
33555,55,2026-08-17,217,13
33556,56,2026-08-17,298,16
33557,57,2026-08-17,167,11
33558,58,2026-08-17,265,20
33559,59,2026-08-17,208,12
33560,60,2026-08-17,219,12
33561,61,2026-08-17,253,16
33562,62,2026-08-17,214,12
33563,63,2026-08-17,331,18
33564,64,2026-08-17,187,11
33565,65,2026-08-17,287,16
33566,66,2026-08-17,201,11
33567,67,2026-08-17,278,16
33568,68,2026-08-17,125,4
33569,69,2026-08-17,263,15
33570,70,2026-08-17,133,5
33571,71,2026-08-17,216,12
33572,72,2026-08-17,314,18
33573,73,2026-08-17,257,16
33574,74,2026-08-17,203,10
33575,75,2026-08-17,245,13
33576,76,2026-08-17,224,14
33577,77,2026-08-17,134,9
33578,78,2026-08-17,212,11
33579,79,2026-08-17,167,8
33580,80,2026-08-17,287,15
33581,81,2026-08-17,217,11
33582,82,2026-08-17,202,14
33583,83,2026-08-17,289,16
33584,84,2026-08-17,262,13
33585,85,2026-08-17,250,13
33586,86,2026-08-17,186,12
33587,87,2026-08-17,211,11
33588,88,2026-08-17,207,15
33589,89,2026-08-17,347,19
33590,90,2026-08-17,238,11
33591,91,2026-08-17,214,14
33592,92,2026-08-17,519,30
33593,93,2026-08-17,289,17
33594,94,2026-08-17,195,12
33595,95,2026-08-17,259,14
33596,96,2026-08-17,183,12
33597,97,2026-08-17,228,11
33598,98,2026-08-17,238,10
33599,99,2026-08-17,219,12
33600,100,2026-08-17,281,16
33601,1,2026-08-18,168,9
33602,2,2026-08-18,180,10
33603,3,2026-08-18,224,11
33604,4,2026-08-18,312,21
33605,5,2026-08-18,223,12
33606,6,2026-08-18,267,14
33607,7,2026-08-18,343,22
33608,8,2026-08-18,241,17
33609,9,2026-08-18,213,10
33610,10,2026-08-18,278,15
33611,11,2026-08-18,201,13
33612,12,2026-08-18,241,15
33613,13,2026-08-18,136,6
33614,14,2026-08-18,199,8
33615,15,2026-08-18,176,9
33616,16,2026-08-18,238,12
33617,17,2026-08-18,244,17
33618,18,2026-08-18,212,10
33619,19,2026-08-18,168,13
33620,20,2026-08-18,128,7
33621,21,2026-08-18,137,7
33622,22,2026-08-18,238,15
33623,23,2026-08-18,143,8
33624,24,2026-08-18,250,13
33625,25,2026-08-18,149,9
33626,26,2026-08-18,250,12
33627,27,2026-08-18,185,9
33628,28,2026-08-18,125,9
33629,29,2026-08-18,218,14
33630,30,2026-08-18,196,11
33631,31,2026-08-18,154,12
33632,32,2026-08-18,196,14
33633,33,2026-08-18,160,9
33634,34,2026-08-18,116,6
33635,35,2026-08-18,133,9
33636,36,2026-08-18,300,18
33637,37,2026-08-18,200,13
33638,38,2026-08-18,175,11
33639,39,2026-08-18,181,10
33640,40,2026-08-18,150,7
33641,41,2026-08-18,157,8
33642,42,2026-08-18,255,14
33643,43,2026-08-18,186,13
33644,44,2026-08-18,118,8
33645,45,2026-08-18,213,11
33646,46,2026-08-18,202,13
33647,47,2026-08-18,226,12
33648,48,2026-08-18,156,9
33649,49,2026-08-18,176,12
33650,50,2026-08-18,218,11
33651,51,2026-08-18,236,12
33652,52,2026-08-18,253,14
33653,53,2026-08-18,148,9
33654,54,2026-08-18,164,10
33655,55,2026-08-18,194,14
33656,56,2026-08-18,234,15
33657,57,2026-08-18,138,10
33658,58,2026-08-18,192,7
33659,59,2026-08-18,159,5
33660,60,2026-08-18,176,11
33661,61,2026-08-18,212,12
33662,62,2026-08-18,166,10
33663,63,2026-08-18,290,17
33664,64,2026-08-18,171,7
33665,65,2026-08-18,233,15
33666,66,2026-08-18,189,8
33667,67,2026-08-18,232,17
33668,68,2026-08-18,98,4
33669,69,2026-08-18,226,12
33670,70,2026-08-18,103,6
33671,71,2026-08-18,225,10
33672,72,2026-08-18,255,17
33673,73,2026-08-18,240,10
33674,74,2026-08-18,168,8
33675,75,2026-08-18,191,11
33676,76,2026-08-18,178,10
33677,77,2026-08-18,109,5
33678,78,2026-08-18,209,11
33679,79,2026-08-18,137,8
33680,80,2026-08-18,280,20
33681,81,2026-08-18,169,9
33682,82,2026-08-18,186,9
33683,83,2026-08-18,211,13
33684,84,2026-08-18,213,14
33685,85,2026-08-18,214,13
33686,86,2026-08-18,166,11
33687,87,2026-08-18,179,7
33688,88,2026-08-18,181,12
33689,89,2026-08-18,348,20
33690,90,2026-08-18,225,13
33691,91,2026-08-18,177,12
33692,92,2026-08-18,462,27
33693,93,2026-08-18,227,13
33694,94,2026-08-18,194,9
33695,95,2026-08-18,251,13
33696,96,2026-08-18,165,9
33697,97,2026-08-18,219,14
33698,98,2026-08-18,200,12
33699,99,2026-08-18,210,10
33700,100,2026-08-18,241,14
33701,1,2026-08-19,182,12
33702,2,2026-08-19,178,14
33703,3,2026-08-19,231,12
33704,4,2026-08-19,308,19
33705,5,2026-08-19,255,13
33706,6,2026-08-19,268,19
33707,7,2026-08-19,367,20
33708,8,2026-08-19,275,16
33709,9,2026-08-19,227,10
33710,10,2026-08-19,257,14
33711,11,2026-08-19,183,13
33712,12,2026-08-19,230,15
33713,13,2026-08-19,170,13
33714,14,2026-08-19,214,10
33715,15,2026-08-19,155,8
33716,16,2026-08-19,218,12
33717,17,2026-08-19,257,13
33718,18,2026-08-19,206,12
33719,19,2026-08-19,168,12
33720,20,2026-08-19,126,5
33721,21,2026-08-19,155,11
33722,22,2026-08-19,230,14
33723,23,2026-08-19,137,9
33724,24,2026-08-19,242,12
33725,25,2026-08-19,161,10
33726,26,2026-08-19,257,18
33727,27,2026-08-19,183,9
33728,28,2026-08-19,145,6
33729,29,2026-08-19,224,15
33730,30,2026-08-19,199,14
33731,31,2026-08-19,149,9
33732,32,2026-08-19,202,13
33733,33,2026-08-19,179,7
33734,34,2026-08-19,119,9
33735,35,2026-08-19,127,7
33736,36,2026-08-19,301,16
33737,37,2026-08-19,213,15
33738,38,2026-08-19,201,7
33739,39,2026-08-19,181,12
33740,40,2026-08-19,162,13
33741,41,2026-08-19,168,9
33742,42,2026-08-19,219,14
33743,43,2026-08-19,186,9
33744,44,2026-08-19,135,10
33745,45,2026-08-19,214,11
33746,46,2026-08-19,207,12
33747,47,2026-08-19,196,10
33748,48,2026-08-19,148,8
33749,49,2026-08-19,166,7
33750,50,2026-08-19,248,13
33751,51,2026-08-19,214,11
33752,52,2026-08-19,156,8
33753,53,2026-08-19,145,6
33754,54,2026-08-19,157,6
33755,55,2026-08-19,179,12
33756,56,2026-08-19,251,11
33757,57,2026-08-19,142,7
33758,58,2026-08-19,204,15
33759,59,2026-08-19,186,13
33760,60,2026-08-19,189,13
33761,61,2026-08-19,216,11
33762,62,2026-08-19,188,10
33763,63,2026-08-19,301,15
33764,64,2026-08-19,165,9
33765,65,2026-08-19,245,13
33766,66,2026-08-19,181,7
33767,67,2026-08-19,272,17
33768,68,2026-08-19,97,4
33769,69,2026-08-19,203,14
33770,70,2026-08-19,113,3
33771,71,2026-08-19,213,12
33772,72,2026-08-19,218,10
33773,73,2026-08-19,216,13
33774,74,2026-08-19,180,11
33775,75,2026-08-19,209,11
33776,76,2026-08-19,170,9
33777,77,2026-08-19,115,10
33778,78,2026-08-19,167,6
33779,79,2026-08-19,152,6
33780,80,2026-08-19,314,18
33781,81,2026-08-19,191,9
33782,82,2026-08-19,176,12
33783,83,2026-08-19,220,13
33784,84,2026-08-19,229,13
33785,85,2026-08-19,222,12
33786,86,2026-08-19,157,6
33787,87,2026-08-19,189,10
33788,88,2026-08-19,187,9
33789,89,2026-08-19,333,18
33790,90,2026-08-19,194,11
33791,91,2026-08-19,178,14
33792,92,2026-08-19,418,23
33793,93,2026-08-19,218,15
33794,94,2026-08-19,211,14
33795,95,2026-08-19,217,13
33796,96,2026-08-19,167,8
33797,97,2026-08-19,199,9
33798,98,2026-08-19,227,14
33799,99,2026-08-19,171,10
33800,100,2026-08-19,213,12
33801,1,2026-08-20,146,11
33802,2,2026-08-20,179,7
33803,3,2026-08-20,208,13
33804,4,2026-08-20,235,14
33805,5,2026-08-20,232,10
33806,6,2026-08-20,248,15
33807,7,2026-08-20,269,17
33808,8,2026-08-20,225,14
33809,9,2026-08-20,186,10
33810,10,2026-08-20,206,14
33811,11,2026-08-20,154,3
33812,12,2026-08-20,187,11
33813,13,2026-08-20,141,8
33814,14,2026-08-20,176,14
33815,15,2026-08-20,157,8
33816,16,2026-08-20,207,13
33817,17,2026-08-20,223,17
33818,18,2026-08-20,190,8
33819,19,2026-08-20,174,7
33820,20,2026-08-20,100,2
33821,21,2026-08-20,124,7
33822,22,2026-08-20,180,12
33823,23,2026-08-20,135,9
33824,24,2026-08-20,195,10
33825,25,2026-08-20,140,6
33826,26,2026-08-20,230,13
33827,27,2026-08-20,167,12
33828,28,2026-08-20,122,5
33829,29,2026-08-20,193,10
33830,30,2026-08-20,160,7
33831,31,2026-08-20,141,4
33832,32,2026-08-20,172,12
33833,33,2026-08-20,138,4
33834,34,2026-08-20,116,6
33835,35,2026-08-20,114,5
33836,36,2026-08-20,280,14
33837,37,2026-08-20,203,9
33838,38,2026-08-20,172,10
33839,39,2026-08-20,161,8
33840,40,2026-08-20,144,7
33841,41,2026-08-20,152,8
33842,42,2026-08-20,191,7
33843,43,2026-08-20,174,9
33844,44,2026-08-20,111,6
33845,45,2026-08-20,169,9
33846,46,2026-08-20,175,9
33847,47,2026-08-20,166,9
33848,48,2026-08-20,145,11
33849,49,2026-08-20,145,11
33850,50,2026-08-20,174,8
33851,51,2026-08-20,198,10
33852,52,2026-08-20,142,11
33853,53,2026-08-20,116,7
33854,54,2026-08-20,152,10
33855,55,2026-08-20,134,11
33856,56,2026-08-20,217,12
33857,57,2026-08-20,119,5
33858,58,2026-08-20,178,11
33859,59,2026-08-20,163,10
33860,60,2026-08-20,173,8
33861,61,2026-08-20,201,7
33862,62,2026-08-20,184,7
33863,63,2026-08-20,224,12
33864,64,2026-08-20,159,7
33865,65,2026-08-20,203,9
33866,66,2026-08-20,159,10
33867,67,2026-08-20,209,14
33868,68,2026-08-20,98,2
33869,69,2026-08-20,184,12
33870,70,2026-08-20,95,8
33871,71,2026-08-20,179,5
33872,72,2026-08-20,218,13
33873,73,2026-08-20,189,10
33874,74,2026-08-20,143,11
33875,75,2026-08-20,177,9
33876,76,2026-08-20,179,11
33877,77,2026-08-20,82,1
33878,78,2026-08-20,143,6
33879,79,2026-08-20,120,4
33880,80,2026-08-20,251,15
33881,81,2026-08-20,152,8
33882,82,2026-08-20,157,8
33883,83,2026-08-20,209,13
33884,84,2026-08-20,168,10
33885,85,2026-08-20,171,14
33886,86,2026-08-20,138,11
33887,87,2026-08-20,137,8
33888,88,2026-08-20,166,8
33889,89,2026-08-20,228,12
33890,90,2026-08-20,187,14
33891,91,2026-08-20,160,10
33892,92,2026-08-20,387,23
33893,93,2026-08-20,189,14
33894,94,2026-08-20,173,9
33895,95,2026-08-20,205,14
33896,96,2026-08-20,123,8
33897,97,2026-08-20,154,13
33898,98,2026-08-20,201,12
33899,99,2026-08-20,145,8
33900,100,2026-08-20,174,12
33901,1,2026-08-21,124,8
33902,2,2026-08-21,162,10
33903,3,2026-08-21,182,7
33904,4,2026-08-21,266,14
33905,5,2026-08-21,242,12
33906,6,2026-08-21,262,15
33907,7,2026-08-21,310,20
33908,8,2026-08-21,250,18
33909,9,2026-08-21,173,11
33910,10,2026-08-21,222,13
33911,11,2026-08-21,215,12
33912,12,2026-08-21,172,11
33913,13,2026-08-21,167,11
33914,14,2026-08-21,180,7
33915,15,2026-08-21,156,12
33916,16,2026-08-21,200,15
33917,17,2026-08-21,245,11
33918,18,2026-08-21,179,9
33919,19,2026-08-21,143,5
33920,20,2026-08-21,105,4
33921,21,2026-08-21,141,5
33922,22,2026-08-21,194,12
33923,23,2026-08-21,132,4
33924,24,2026-08-21,222,14
33925,25,2026-08-21,127,7
33926,26,2026-08-21,232,14
33927,27,2026-08-21,179,13
33928,28,2026-08-21,114,3
33929,29,2026-08-21,195,7
33930,30,2026-08-21,178,10
33931,31,2026-08-21,125,7
33932,32,2026-08-21,164,13
33933,33,2026-08-21,155,8
33934,34,2026-08-21,102,3
33935,35,2026-08-21,108,5
33936,36,2026-08-21,249,13
33937,37,2026-08-21,188,14
33938,38,2026-08-21,157,9
33939,39,2026-08-21,176,8
33940,40,2026-08-21,146,8
33941,41,2026-08-21,134,9
33942,42,2026-08-21,196,14
33943,43,2026-08-21,166,13
33944,44,2026-08-21,97,6
33945,45,2026-08-21,195,12
33946,46,2026-08-21,185,13
33947,47,2026-08-21,144,9
33948,48,2026-08-21,142,8
33949,49,2026-08-21,134,6
33950,50,2026-08-21,155,10
33951,51,2026-08-21,196,7
33952,52,2026-08-21,142,7
33953,53,2026-08-21,115,5
33954,54,2026-08-21,127,4
33955,55,2026-08-21,181,12
33956,56,2026-08-21,239,12
33957,57,2026-08-21,117,8
33958,58,2026-08-21,188,8
33959,59,2026-08-21,185,11
33960,60,2026-08-21,192,9
33961,61,2026-08-21,196,11
33962,62,2026-08-21,155,4
33963,63,2026-08-21,248,13
33964,64,2026-08-21,146,4
33965,65,2026-08-21,209,12
33966,66,2026-08-21,147,11
33967,67,2026-08-21,212,12
33968,68,2026-08-21,84,7
33969,69,2026-08-21,183,6
33970,70,2026-08-21,104,5
33971,71,2026-08-21,185,8
33972,72,2026-08-21,234,13
33973,73,2026-08-21,194,11
33974,74,2026-08-21,174,13
33975,75,2026-08-21,144,10
33976,76,2026-08-21,160,15
33977,77,2026-08-21,110,5
33978,78,2026-08-21,160,9
33979,79,2026-08-21,138,6
33980,80,2026-08-21,273,16
33981,81,2026-08-21,142,9
33982,82,2026-08-21,157,9
33983,83,2026-08-21,198,9
33984,84,2026-08-21,178,12
33985,85,2026-08-21,197,16
33986,86,2026-08-21,150,8
33987,87,2026-08-21,164,9
33988,88,2026-08-21,167,9
33989,89,2026-08-21,273,12
33990,90,2026-08-21,147,8
33991,91,2026-08-21,152,9
33992,92,2026-08-21,420,24
33993,93,2026-08-21,192,10
33994,94,2026-08-21,190,11
33995,95,2026-08-21,238,12
33996,96,2026-08-21,116,5
33997,97,2026-08-21,173,12
33998,98,2026-08-21,157,11
33999,99,2026-08-21,154,8
34000,100,2026-08-21,176,10
34001,1,2026-08-22,141,10
34002,2,2026-08-22,165,9
34003,3,2026-08-22,213,12
34004,4,2026-08-22,305,15
34005,5,2026-08-22,215,10
34006,6,2026-08-22,276,16
34007,7,2026-08-22,271,15
34008,8,2026-08-22,252,14
34009,9,2026-08-22,178,11
34010,10,2026-08-22,134,10
34011,11,2026-08-22,203,12
34012,12,2026-08-22,208,14
34013,13,2026-08-22,145,7
34014,14,2026-08-22,187,5
34015,15,2026-08-22,166,14
34016,16,2026-08-22,208,15
34017,17,2026-08-22,223,16
34018,18,2026-08-22,180,10
34019,19,2026-08-22,150,7
34020,20,2026-08-22,112,7
34021,21,2026-08-22,131,6
34022,22,2026-08-22,174,7
34023,23,2026-08-22,134,12
34024,24,2026-08-22,220,14
34025,25,2026-08-22,158,8
34026,26,2026-08-22,202,12
34027,27,2026-08-22,162,6
34028,28,2026-08-22,120,11
34029,29,2026-08-22,201,13
34030,30,2026-08-22,160,9
34031,31,2026-08-22,148,7
34032,32,2026-08-22,181,7
34033,33,2026-08-22,135,6
34034,34,2026-08-22,103,6
34035,35,2026-08-22,117,6
34036,36,2026-08-22,248,16
34037,37,2026-08-22,180,12
34038,38,2026-08-22,152,10
34039,39,2026-08-22,153,7
34040,40,2026-08-22,134,5
34041,41,2026-08-22,143,12
34042,42,2026-08-22,218,13
34043,43,2026-08-22,153,6
34044,44,2026-08-22,103,9
34045,45,2026-08-22,174,10
34046,46,2026-08-22,200,11
34047,47,2026-08-22,169,12
34048,48,2026-08-22,133,5
34049,49,2026-08-22,143,8
34050,50,2026-08-22,182,10
34051,51,2026-08-22,183,8
34052,52,2026-08-22,158,9
34053,53,2026-08-22,125,3
34054,54,2026-08-22,133,6
34055,55,2026-08-22,150,7
34056,56,2026-08-22,203,13
34057,57,2026-08-22,133,8
34058,58,2026-08-22,177,10
34059,59,2026-08-22,169,7
34060,60,2026-08-22,146,11
34061,61,2026-08-22,191,12
34062,62,2026-08-22,170,12
34063,63,2026-08-22,312,17
34064,64,2026-08-22,133,7
34065,65,2026-08-22,204,7
34066,66,2026-08-22,134,5
34067,67,2026-08-22,206,13
34068,68,2026-08-22,83,4
34069,69,2026-08-22,209,11
34070,70,2026-08-22,103,5
34071,71,2026-08-22,171,9
34072,72,2026-08-22,210,11
34073,73,2026-08-22,203,10
34074,74,2026-08-22,139,8
34075,75,2026-08-22,179,9
34076,76,2026-08-22,163,10
34077,77,2026-08-22,96,3
34078,78,2026-08-22,138,3
34079,79,2026-08-22,140,6
34080,80,2026-08-22,258,16
34081,81,2026-08-22,166,9
34082,82,2026-08-22,124,6
34083,83,2026-08-22,201,13
34084,84,2026-08-22,202,12
34085,85,2026-08-22,174,12
34086,86,2026-08-22,160,11
34087,87,2026-08-22,167,10
34088,88,2026-08-22,175,10
34089,89,2026-08-22,276,17
34090,90,2026-08-22,161,10
34091,91,2026-08-22,132,12
34092,92,2026-08-22,394,24
34093,93,2026-08-22,171,10
34094,94,2026-08-22,165,10
34095,95,2026-08-22,221,14
34096,96,2026-08-22,126,7
34097,97,2026-08-22,164,10
34098,98,2026-08-22,190,10
34099,99,2026-08-22,161,9
34100,100,2026-08-22,213,13
34101,1,2026-08-23,83,3
34102,2,2026-08-23,84,7
34103,3,2026-08-23,114,5
34104,4,2026-08-23,137,9
34105,5,2026-08-23,136,9
34106,6,2026-08-23,129,7
34107,7,2026-08-23,168,13
34108,8,2026-08-23,153,9
34109,9,2026-08-23,121,6
34110,10,2026-08-23,89,4
34111,11,2026-08-23,83,4
34112,12,2026-08-23,109,4
34113,13,2026-08-23,110,9
34114,14,2026-08-23,99,5
34115,15,2026-08-23,80,4
34116,16,2026-08-23,134,6
34117,17,2026-08-23,137,9
34118,18,2026-08-23,106,5
34119,19,2026-08-23,110,5
34120,20,2026-08-23,77,4
34121,21,2026-08-23,57,2
34122,22,2026-08-23,124,6
34123,23,2026-08-23,72,0
34124,24,2026-08-23,136,5
34125,25,2026-08-23,70,3
34126,26,2026-08-23,144,9
34127,27,2026-08-23,94,10
34128,28,2026-08-23,77,3
34129,29,2026-08-23,104,6
34130,30,2026-08-23,101,5
34131,31,2026-08-23,91,5
34132,32,2026-08-23,92,7
34133,33,2026-08-23,90,5
34134,34,2026-08-23,56,5
34135,35,2026-08-23,68,2
34136,36,2026-08-23,152,4
34137,37,2026-08-23,129,7
34138,38,2026-08-23,102,7
34139,39,2026-08-23,102,7
34140,40,2026-08-23,81,8
34141,41,2026-08-23,77,5
34142,42,2026-08-23,108,6
34143,43,2026-08-23,106,8
34144,44,2026-08-23,66,1
34145,45,2026-08-23,126,8
34146,46,2026-08-23,101,5
34147,47,2026-08-23,75,4
34148,48,2026-08-23,88,5
34149,49,2026-08-23,97,7
34150,50,2026-08-23,89,3
34151,51,2026-08-23,117,10
34152,52,2026-08-23,84,4
34153,53,2026-08-23,86,2
34154,54,2026-08-23,78,6
34155,55,2026-08-23,105,10
34156,56,2026-08-23,122,4
34157,57,2026-08-23,78,5
34158,58,2026-08-23,108,5
34159,59,2026-08-23,117,7
34160,60,2026-08-23,129,5
34161,61,2026-08-23,107,5
34162,62,2026-08-23,85,9
34163,63,2026-08-23,146,10
34164,64,2026-08-23,82,5
34165,65,2026-08-23,129,10
34166,66,2026-08-23,92,4
34167,67,2026-08-23,180,14
34168,68,2026-08-23,50,2
34169,69,2026-08-23,127,7
34170,70,2026-08-23,66,6
34171,71,2026-08-23,119,4
34172,72,2026-08-23,116,3
34173,73,2026-08-23,89,5
34174,74,2026-08-23,93,5
34175,75,2026-08-23,126,7
34176,76,2026-08-23,110,4
34177,77,2026-08-23,64,5
34178,78,2026-08-23,86,6
34179,79,2026-08-23,88,2
34180,80,2026-08-23,150,11
34181,81,2026-08-23,91,7
34182,82,2026-08-23,110,6
34183,83,2026-08-23,105,5
34184,84,2026-08-23,112,6
34185,85,2026-08-23,98,2
34186,86,2026-08-23,65,2
34187,87,2026-08-23,88,5
34188,88,2026-08-23,119,7
34189,89,2026-08-23,168,10
34190,90,2026-08-23,113,6
34191,91,2026-08-23,114,7
34192,92,2026-08-23,112,7
34193,93,2026-08-23,115,9
34194,94,2026-08-23,98,8
34195,95,2026-08-23,87,4
34196,96,2026-08-23,63,1
34197,97,2026-08-23,104,7
34198,98,2026-08-23,109,6
34199,99,2026-08-23,100,2
34200,100,2026-08-23,131,8
34201,1,2026-08-24,186,12
34202,2,2026-08-24,224,13
34203,3,2026-08-24,255,13
34204,4,2026-08-24,373,24
34205,5,2026-08-24,320,19
34206,6,2026-08-24,322,21
34207,7,2026-08-24,397,22
34208,8,2026-08-24,304,22
34209,9,2026-08-24,238,13
34210,10,2026-08-24,165,8
34211,11,2026-08-24,255,15
34212,12,2026-08-24,245,15
34213,13,2026-08-24,180,10
34214,14,2026-08-24,249,14
34215,15,2026-08-24,197,12
34216,16,2026-08-24,290,18
34217,17,2026-08-24,301,19
34218,18,2026-08-24,267,17
34219,19,2026-08-24,233,11
34220,20,2026-08-24,142,7
34221,21,2026-08-24,167,10
34222,22,2026-08-24,252,14
34223,23,2026-08-24,189,11
34224,24,2026-08-24,278,14
34225,25,2026-08-24,165,12
34226,26,2026-08-24,269,16
34227,27,2026-08-24,220,16
34228,28,2026-08-24,162,7
34229,29,2026-08-24,255,12
34230,30,2026-08-24,213,14
34231,31,2026-08-24,179,11
34232,32,2026-08-24,221,9
34233,33,2026-08-24,185,13
34234,34,2026-08-24,150,8
34235,35,2026-08-24,150,9
34236,36,2026-08-24,359,21
34237,37,2026-08-24,231,11
34238,38,2026-08-24,197,9
34239,39,2026-08-24,202,12
34240,40,2026-08-24,187,11
34241,41,2026-08-24,193,10
34242,42,2026-08-24,265,16
34243,43,2026-08-24,209,8
34244,44,2026-08-24,132,8
34245,45,2026-08-24,242,15
34246,46,2026-08-24,251,18
34247,47,2026-08-24,218,12
34248,48,2026-08-24,172,9
34249,49,2026-08-24,204,12
34250,50,2026-08-24,283,17
34251,51,2026-08-24,248,12
34252,52,2026-08-24,173,7
34253,53,2026-08-24,150,7
34254,54,2026-08-24,164,13
34255,55,2026-08-24,210,13
34256,56,2026-08-24,281,14
34257,57,2026-08-24,166,8
34258,58,2026-08-24,250,11
34259,59,2026-08-24,216,15
34260,60,2026-08-24,204,9
34261,61,2026-08-24,263,16
34262,62,2026-08-24,190,8
34263,63,2026-08-24,351,19
34264,64,2026-08-24,202,11
34265,65,2026-08-24,287,18
34266,66,2026-08-24,208,12
34267,67,2026-08-24,312,15
34268,68,2026-08-24,121,3
34269,69,2026-08-24,262,13
34270,70,2026-08-24,124,4
34271,71,2026-08-24,239,10
34272,72,2026-08-24,302,20
34273,73,2026-08-24,251,15
34274,74,2026-08-24,191,12
34275,75,2026-08-24,247,12
34276,76,2026-08-24,198,12
34277,77,2026-08-24,133,8
34278,78,2026-08-24,189,10
34279,79,2026-08-24,197,12
34280,80,2026-08-24,365,22
34281,81,2026-08-24,209,10
34282,82,2026-08-24,206,13
34283,83,2026-08-24,275,16
34284,84,2026-08-24,214,10
34285,85,2026-08-24,255,18
34286,86,2026-08-24,167,8
34287,87,2026-08-24,197,14
34288,88,2026-08-24,219,13
34289,89,2026-08-24,300,12
34290,90,2026-08-24,218,14
34291,91,2026-08-24,206,11
34292,92,2026-08-24,508,27
34293,93,2026-08-24,272,17
34294,94,2026-08-24,206,10
34295,95,2026-08-24,265,13
34296,96,2026-08-24,183,13
34297,97,2026-08-24,234,13
34298,98,2026-08-24,251,18
34299,99,2026-08-24,211,12
34300,100,2026-08-24,247,12
34301,1,2026-08-25,154,7
34302,2,2026-08-25,194,9
34303,3,2026-08-25,220,11
34304,4,2026-08-25,316,20
34305,5,2026-08-25,257,15
34306,6,2026-08-25,291,18
34307,7,2026-08-25,393,22
34308,8,2026-08-25,304,16
34309,9,2026-08-25,180,10
34310,10,2026-08-25,150,11
34311,11,2026-08-25,195,9
34312,12,2026-08-25,215,13
34313,13,2026-08-25,161,9
34314,14,2026-08-25,215,12
34315,15,2026-08-25,164,10
34316,16,2026-08-25,247,11
34317,17,2026-08-25,244,10
34318,18,2026-08-25,204,13
34319,19,2026-08-25,217,12
34320,20,2026-08-25,112,10
34321,21,2026-08-25,155,8
34322,22,2026-08-25,224,16
34323,23,2026-08-25,149,8
34324,24,2026-08-25,276,19
34325,25,2026-08-25,160,11
34326,26,2026-08-25,247,15
34327,27,2026-08-25,199,12
34328,28,2026-08-25,139,6
34329,29,2026-08-25,213,10
34330,30,2026-08-25,180,8
34331,31,2026-08-25,186,11
34332,32,2026-08-25,175,12
34333,33,2026-08-25,170,10
34334,34,2026-08-25,112,5
34335,35,2026-08-25,146,11
34336,36,2026-08-25,353,17
34337,37,2026-08-25,241,15
34338,38,2026-08-25,210,12
34339,39,2026-08-25,203,10
34340,40,2026-08-25,146,7
34341,41,2026-08-25,146,8
34342,42,2026-08-25,270,13
34343,43,2026-08-25,203,10
34344,44,2026-08-25,104,6
34345,45,2026-08-25,206,15
34346,46,2026-08-25,188,9
34347,47,2026-08-25,158,8
34348,48,2026-08-25,157,8
34349,49,2026-08-25,177,13
34350,50,2026-08-25,218,10
34351,51,2026-08-25,244,15
34352,52,2026-08-25,163,10
34353,53,2026-08-25,141,7
34354,54,2026-08-25,142,10
34355,55,2026-08-25,178,10
34356,56,2026-08-25,240,16
34357,57,2026-08-25,127,8
34358,58,2026-08-25,212,13
34359,59,2026-08-25,179,9
34360,60,2026-08-25,173,11
34361,61,2026-08-25,213,11
34362,62,2026-08-25,192,14
34363,63,2026-08-25,280,14
34364,64,2026-08-25,185,11
34365,65,2026-08-25,237,12
34366,66,2026-08-25,154,8
34367,67,2026-08-25,230,11
34368,68,2026-08-25,115,7
34369,69,2026-08-25,244,17
34370,70,2026-08-25,108,5
34371,71,2026-08-25,201,10
34372,72,2026-08-25,280,14
34373,73,2026-08-25,207,12
34374,74,2026-08-25,181,9
34375,75,2026-08-25,197,12
34376,76,2026-08-25,196,9
34377,77,2026-08-25,119,7
34378,78,2026-08-25,162,9
34379,79,2026-08-25,133,9
34380,80,2026-08-25,254,17
34381,81,2026-08-25,196,9
34382,82,2026-08-25,189,11
34383,83,2026-08-25,211,11
34384,84,2026-08-25,211,9
34385,85,2026-08-25,239,14
34386,86,2026-08-25,146,7
34387,87,2026-08-25,179,8
34388,88,2026-08-25,191,10
34389,89,2026-08-25,289,16
34390,90,2026-08-25,216,10
34391,91,2026-08-25,165,6
34392,92,2026-08-25,450,29
34393,93,2026-08-25,237,12
34394,94,2026-08-25,207,14
34395,95,2026-08-25,255,13
34396,96,2026-08-25,155,9
34397,97,2026-08-25,188,12
34398,98,2026-08-25,199,8
34399,99,2026-08-25,167,8
34400,100,2026-08-25,223,10
34401,1,2026-08-26,163,12
34402,2,2026-08-26,186,12
34403,3,2026-08-26,208,14
34404,4,2026-08-26,305,17
34405,5,2026-08-26,267,16
34406,6,2026-08-26,268,18
34407,7,2026-08-26,356,21
34408,8,2026-08-26,297,19
34409,9,2026-08-26,246,12
34410,10,2026-08-26,134,7
34411,11,2026-08-26,221,13
34412,12,2026-08-26,208,9
34413,13,2026-08-26,142,3
34414,14,2026-08-26,217,11
34415,15,2026-08-26,160,9
34416,16,2026-08-26,215,13
34417,17,2026-08-26,243,12
34418,18,2026-08-26,207,11
34419,19,2026-08-26,177,15
34420,20,2026-08-26,114,6
34421,21,2026-08-26,138,8
34422,22,2026-08-26,221,14
34423,23,2026-08-26,155,14
34424,24,2026-08-26,247,14
34425,25,2026-08-26,145,10
34426,26,2026-08-26,276,17
34427,27,2026-08-26,173,8
34428,28,2026-08-26,146,5
34429,29,2026-08-26,216,13
34430,30,2026-08-26,203,9
34431,31,2026-08-26,180,13
34432,32,2026-08-26,188,11
34433,33,2026-08-26,150,12
34434,34,2026-08-26,126,10
34435,35,2026-08-26,117,7
34436,36,2026-08-26,283,14
34437,37,2026-08-26,220,9
34438,38,2026-08-26,187,13
34439,39,2026-08-26,190,10
34440,40,2026-08-26,164,6
34441,41,2026-08-26,188,11
34442,42,2026-08-26,240,15
34443,43,2026-08-26,172,13
34444,44,2026-08-26,116,11
34445,45,2026-08-26,202,11
34446,46,2026-08-26,236,15
34447,47,2026-08-26,189,9
34448,48,2026-08-26,139,8
34449,49,2026-08-26,161,12
34450,50,2026-08-26,234,12
34451,51,2026-08-26,219,11
34452,52,2026-08-26,165,4
34453,53,2026-08-26,161,5
34454,54,2026-08-26,181,12
34455,55,2026-08-26,157,7
34456,56,2026-08-26,247,12
34457,57,2026-08-26,139,3
34458,58,2026-08-26,230,12
34459,59,2026-08-26,169,11
34460,60,2026-08-26,177,9
34461,61,2026-08-26,247,15
34462,62,2026-08-26,187,12
34463,63,2026-08-26,313,15
34464,64,2026-08-26,168,7
34465,65,2026-08-26,271,16
34466,66,2026-08-26,167,14
34467,67,2026-08-26,223,12
34468,68,2026-08-26,103,8
34469,69,2026-08-26,242,15
34470,70,2026-08-26,116,4
34471,71,2026-08-26,227,14
34472,72,2026-08-26,272,18
34473,73,2026-08-26,230,11
34474,74,2026-08-26,176,6
34475,75,2026-08-26,206,13
34476,76,2026-08-26,174,13
34477,77,2026-08-26,120,6
34478,78,2026-08-26,175,10
34479,79,2026-08-26,149,8
34480,80,2026-08-26,292,18
34481,81,2026-08-26,167,10
34482,82,2026-08-26,195,11
34483,83,2026-08-26,227,13
34484,84,2026-08-26,203,12
34485,85,2026-08-26,202,14
34486,86,2026-08-26,156,9
34487,87,2026-08-26,184,10
34488,88,2026-08-26,186,13
34489,89,2026-08-26,272,19
34490,90,2026-08-26,194,8
34491,91,2026-08-26,185,9
34492,92,2026-08-26,463,26
34493,93,2026-08-26,215,14
34494,94,2026-08-26,185,11
34495,95,2026-08-26,280,16
34496,96,2026-08-26,145,8
34497,97,2026-08-26,204,12
34498,98,2026-08-26,212,11
34499,99,2026-08-26,195,10
34500,100,2026-08-26,188,9
34501,1,2026-08-27,143,11
34502,2,2026-08-27,160,10
34503,3,2026-08-27,218,15
34504,4,2026-08-27,251,13
34505,5,2026-08-27,240,15
34506,6,2026-08-27,254,15
34507,7,2026-08-27,311,17
34508,8,2026-08-27,246,10
34509,9,2026-08-27,206,13
34510,10,2026-08-27,127,9
34511,11,2026-08-27,163,6
34512,12,2026-08-27,206,11
34513,13,2026-08-27,135,6
34514,14,2026-08-27,197,12
34515,15,2026-08-27,164,8
34516,16,2026-08-27,240,17
34517,17,2026-08-27,235,12
34518,18,2026-08-27,172,11
34519,19,2026-08-27,170,8
34520,20,2026-08-27,111,5
34521,21,2026-08-27,111,3
34522,22,2026-08-27,185,12
34523,23,2026-08-27,129,9
34524,24,2026-08-27,199,14
34525,25,2026-08-27,136,8
34526,26,2026-08-27,213,11
34527,27,2026-08-27,145,8
34528,28,2026-08-27,116,10
34529,29,2026-08-27,215,14
34530,30,2026-08-27,185,10
34531,31,2026-08-27,125,8
34532,32,2026-08-27,158,12
34533,33,2026-08-27,131,8
34534,34,2026-08-27,93,4
34535,35,2026-08-27,122,8
34536,36,2026-08-27,288,17
34537,37,2026-08-27,177,14
34538,38,2026-08-27,156,9
34539,39,2026-08-27,162,10
34540,40,2026-08-27,135,5
34541,41,2026-08-27,147,5
34542,42,2026-08-27,176,10
34543,43,2026-08-27,171,10
34544,44,2026-08-27,111,6
34545,45,2026-08-27,193,10
34546,46,2026-08-27,201,11
34547,47,2026-08-27,153,11
34548,48,2026-08-27,137,11
34549,49,2026-08-27,140,8
34550,50,2026-08-27,200,12
34551,51,2026-08-27,228,15
34552,52,2026-08-27,139,9
34553,53,2026-08-27,134,8
34554,54,2026-08-27,117,7
34555,55,2026-08-27,140,5
34556,56,2026-08-27,203,12
34557,57,2026-08-27,112,6
34558,58,2026-08-27,205,13
34559,59,2026-08-27,156,9
34560,60,2026-08-27,164,11
34561,61,2026-08-27,173,10
34562,62,2026-08-27,181,7
34563,63,2026-08-27,235,15
34564,64,2026-08-27,114,8
34565,65,2026-08-27,242,13
34566,66,2026-08-27,157,10
34567,67,2026-08-27,208,16
34568,68,2026-08-27,85,7
34569,69,2026-08-27,189,14
34570,70,2026-08-27,93,4
34571,71,2026-08-27,175,10
34572,72,2026-08-27,226,15
34573,73,2026-08-27,207,12
34574,74,2026-08-27,179,13
34575,75,2026-08-27,175,14
34576,76,2026-08-27,153,8
34577,77,2026-08-27,106,10
34578,78,2026-08-27,134,6
34579,79,2026-08-27,147,5
34580,80,2026-08-27,292,19
34581,81,2026-08-27,174,9
34582,82,2026-08-27,178,10
34583,83,2026-08-27,176,17
34584,84,2026-08-27,188,9
34585,85,2026-08-27,165,12
34586,86,2026-08-27,147,10
34587,87,2026-08-27,163,6
34588,88,2026-08-27,159,6
34589,89,2026-08-27,258,13
34590,90,2026-08-27,156,9
34591,91,2026-08-27,148,10
34592,92,2026-08-27,392,21
34593,93,2026-08-27,227,16
34594,94,2026-08-27,160,8
34595,95,2026-08-27,206,10
34596,96,2026-08-27,150,5
34597,97,2026-08-27,178,11
34598,98,2026-08-27,158,9
34599,99,2026-08-27,166,10
34600,100,2026-08-27,185,12
34601,1,2026-08-28,146,8
34602,2,2026-08-28,160,6
34603,3,2026-08-28,159,10
34604,4,2026-08-28,246,13
34605,5,2026-08-28,249,18
34606,6,2026-08-28,251,15
34607,7,2026-08-28,278,14
34608,8,2026-08-28,263,13
34609,9,2026-08-28,179,10
34610,10,2026-08-28,139,7
34611,11,2026-08-28,195,10
34612,12,2026-08-28,202,10
34613,13,2026-08-28,142,10
34614,14,2026-08-28,185,11
34615,15,2026-08-28,141,7
34616,16,2026-08-28,227,15
34617,17,2026-08-28,242,16
34618,18,2026-08-28,166,10
34619,19,2026-08-28,152,4
34620,20,2026-08-28,117,6
34621,21,2026-08-28,116,7
34622,22,2026-08-28,192,10
34623,23,2026-08-28,122,6
34624,24,2026-08-28,244,11
34625,25,2026-08-28,132,9
34626,26,2026-08-28,216,14
34627,27,2026-08-28,180,10
34628,28,2026-08-28,129,8
34629,29,2026-08-28,189,10
34630,30,2026-08-28,176,14
34631,31,2026-08-28,134,6
34632,32,2026-08-28,169,12
34633,33,2026-08-28,160,11
34634,34,2026-08-28,87,7
34635,35,2026-08-28,119,6
34636,36,2026-08-28,276,11
34637,37,2026-08-28,213,8
34638,38,2026-08-28,151,12
34639,39,2026-08-28,154,10
34640,40,2026-08-28,129,6
34641,41,2026-08-28,153,11
34642,42,2026-08-28,208,12
34643,43,2026-08-28,157,13
34644,44,2026-08-28,114,4
34645,45,2026-08-28,166,12
34646,46,2026-08-28,181,7
34647,47,2026-08-28,162,8
34648,48,2026-08-28,131,8
34649,49,2026-08-28,166,9
34650,50,2026-08-28,187,9
34651,51,2026-08-28,198,12
34652,52,2026-08-28,145,7
34653,53,2026-08-28,133,5
34654,54,2026-08-28,136,5
34655,55,2026-08-28,153,9
34656,56,2026-08-28,200,11
34657,57,2026-08-28,97,4
34658,58,2026-08-28,172,9
34659,59,2026-08-28,162,7
34660,60,2026-08-28,149,9
34661,61,2026-08-28,170,11
34662,62,2026-08-28,170,12
34663,63,2026-08-28,226,13
34664,64,2026-08-28,144,9
34665,65,2026-08-28,201,11
34666,66,2026-08-28,164,11
34667,67,2026-08-28,237,15
34668,68,2026-08-28,93,6
34669,69,2026-08-28,188,14
34670,70,2026-08-28,101,4
34671,71,2026-08-28,203,10
34672,72,2026-08-28,227,9
34673,73,2026-08-28,172,12
34674,74,2026-08-28,134,7
34675,75,2026-08-28,175,8
34676,76,2026-08-28,179,12
34677,77,2026-08-28,98,3
34678,78,2026-08-28,165,7
34679,79,2026-08-28,142,8
34680,80,2026-08-28,295,17
34681,81,2026-08-28,181,16
34682,82,2026-08-28,149,9
34683,83,2026-08-28,203,11
34684,84,2026-08-28,195,10
34685,85,2026-08-28,158,5
34686,86,2026-08-28,147,7
34687,87,2026-08-28,161,10
34688,88,2026-08-28,164,6
34689,89,2026-08-28,271,16
34690,90,2026-08-28,179,11
34691,91,2026-08-28,153,10
34692,92,2026-08-28,308,19
34693,93,2026-08-28,234,15
34694,94,2026-08-28,161,10
34695,95,2026-08-28,257,13
34696,96,2026-08-28,128,6
34697,97,2026-08-28,189,16
34698,98,2026-08-28,176,8
34699,99,2026-08-28,170,14
34700,100,2026-08-28,163,7
34701,1,2026-08-29,163,12
34702,2,2026-08-29,146,9
34703,3,2026-08-29,217,15
34704,4,2026-08-29,278,14
34705,5,2026-08-29,207,15
34706,6,2026-08-29,227,14
34707,7,2026-08-29,333,19
34708,8,2026-08-29,231,8
34709,9,2026-08-29,195,14
34710,10,2026-08-29,147,11
34711,11,2026-08-29,179,13
34712,12,2026-08-29,206,12
34713,13,2026-08-29,117,5
34714,14,2026-08-29,173,11
34715,15,2026-08-29,147,11
34716,16,2026-08-29,259,14
34717,17,2026-08-29,210,10
34718,18,2026-08-29,177,12
34719,19,2026-08-29,152,10
34720,20,2026-08-29,111,1
34721,21,2026-08-29,120,5
34722,22,2026-08-29,220,9
34723,23,2026-08-29,125,10
34724,24,2026-08-29,208,15
34725,25,2026-08-29,125,7
34726,26,2026-08-29,208,10
34727,27,2026-08-29,156,8
34728,28,2026-08-29,130,8
34729,29,2026-08-29,215,11
34730,30,2026-08-29,158,8
34731,31,2026-08-29,130,9
34732,32,2026-08-29,152,9
34733,33,2026-08-29,151,9
34734,34,2026-08-29,109,8
34735,35,2026-08-29,119,10
34736,36,2026-08-29,253,13
34737,37,2026-08-29,201,10
34738,38,2026-08-29,151,14
34739,39,2026-08-29,166,14
34740,40,2026-08-29,117,6
34741,41,2026-08-29,155,13
34742,42,2026-08-29,188,11
34743,43,2026-08-29,173,12
34744,44,2026-08-29,90,3
34745,45,2026-08-29,162,12
34746,46,2026-08-29,160,11
34747,47,2026-08-29,164,9
34748,48,2026-08-29,160,10
34749,49,2026-08-29,148,12
34750,50,2026-08-29,180,10
34751,51,2026-08-29,172,9
34752,52,2026-08-29,163,9
34753,53,2026-08-29,119,7
34754,54,2026-08-29,122,10
34755,55,2026-08-29,156,9
34756,56,2026-08-29,207,11
34757,57,2026-08-29,118,9
34758,58,2026-08-29,221,12
34759,59,2026-08-29,164,8
34760,60,2026-08-29,166,9
34761,61,2026-08-29,206,14
34762,62,2026-08-29,149,9
34763,63,2026-08-29,244,14
34764,64,2026-08-29,151,9
34765,65,2026-08-29,225,11
34766,66,2026-08-29,139,2
34767,67,2026-08-29,202,7
34768,68,2026-08-29,85,6
34769,69,2026-08-29,180,13
34770,70,2026-08-29,106,7
34771,71,2026-08-29,194,11
34772,72,2026-08-29,242,15
34773,73,2026-08-29,195,10
34774,74,2026-08-29,152,8
34775,75,2026-08-29,205,12
34776,76,2026-08-29,145,10
34777,77,2026-08-29,85,2
34778,78,2026-08-29,152,4
34779,79,2026-08-29,126,9
34780,80,2026-08-29,270,16
34781,81,2026-08-29,161,9
34782,82,2026-08-29,149,9
34783,83,2026-08-29,235,14
34784,84,2026-08-29,195,11
34785,85,2026-08-29,189,10
34786,86,2026-08-29,122,7
34787,87,2026-08-29,136,6
34788,88,2026-08-29,156,7
34789,89,2026-08-29,256,15
34790,90,2026-08-29,164,9
34791,91,2026-08-29,158,8
34792,92,2026-08-29,326,19
34793,93,2026-08-29,193,8
34794,94,2026-08-29,145,10
34795,95,2026-08-29,207,12
34796,96,2026-08-29,141,11
34797,97,2026-08-29,172,9
34798,98,2026-08-29,166,11
34799,99,2026-08-29,150,12
34800,100,2026-08-29,188,12
34801,1,2026-08-30,74,2
34802,2,2026-08-30,114,6
34803,3,2026-08-30,127,8
34804,4,2026-08-30,166,8
34805,5,2026-08-30,135,8
34806,6,2026-08-30,130,6
34807,7,2026-08-30,134,7
34808,8,2026-08-30,140,7
34809,9,2026-08-30,113,7
34810,10,2026-08-30,89,3
34811,11,2026-08-30,86,6
34812,12,2026-08-30,121,5
34813,13,2026-08-30,82,5
34814,14,2026-08-30,100,2
34815,15,2026-08-30,86,6
34816,16,2026-08-30,140,10
34817,17,2026-08-30,139,7
34818,18,2026-08-30,90,5
34819,19,2026-08-30,95,3
34820,20,2026-08-30,60,4
34821,21,2026-08-30,80,6
34822,22,2026-08-30,114,5
34823,23,2026-08-30,91,3
34824,24,2026-08-30,164,8
34825,25,2026-08-30,75,3
34826,26,2026-08-30,105,5
34827,27,2026-08-30,80,5
34828,28,2026-08-30,62,3
34829,29,2026-08-30,137,7
34830,30,2026-08-30,100,5
34831,31,2026-08-30,85,5
34832,32,2026-08-30,98,6
34833,33,2026-08-30,94,1
34834,34,2026-08-30,78,2
34835,35,2026-08-30,52,4
34836,36,2026-08-30,125,7
34837,37,2026-08-30,116,7
34838,38,2026-08-30,104,3
34839,39,2026-08-30,69,4
34840,40,2026-08-30,82,5
34841,41,2026-08-30,96,5
34842,42,2026-08-30,100,8
34843,43,2026-08-30,100,4
34844,44,2026-08-30,63,5
34845,45,2026-08-30,110,5
34846,46,2026-08-30,117,8
34847,47,2026-08-30,98,5
34848,48,2026-08-30,101,2
34849,49,2026-08-30,86,4
34850,50,2026-08-30,135,5
34851,51,2026-08-30,143,10
34852,52,2026-08-30,91,7
34853,53,2026-08-30,68,3
34854,54,2026-08-30,87,4
34855,55,2026-08-30,89,4
34856,56,2026-08-30,105,5
34857,57,2026-08-30,77,7
34858,58,2026-08-30,94,7
34859,59,2026-08-30,79,0
34860,60,2026-08-30,102,6
34861,61,2026-08-30,106,6
34862,62,2026-08-30,90,0
34863,63,2026-08-30,162,8
34864,64,2026-08-30,85,5
34865,65,2026-08-30,124,5
34866,66,2026-08-30,85,5
34867,67,2026-08-30,115,6
34868,68,2026-08-30,47,2
34869,69,2026-08-30,145,7
34870,70,2026-08-30,51,5
34871,71,2026-08-30,132,4
34872,72,2026-08-30,121,8
34873,73,2026-08-30,79,2
34874,74,2026-08-30,85,4
34875,75,2026-08-30,95,7
34876,76,2026-08-30,85,7
34877,77,2026-08-30,66,5
34878,78,2026-08-30,74,5
34879,79,2026-08-30,78,5
34880,80,2026-08-30,161,12
34881,81,2026-08-30,79,1
34882,82,2026-08-30,98,6
34883,83,2026-08-30,125,9
34884,84,2026-08-30,79,6
34885,85,2026-08-30,137,8
34886,86,2026-08-30,65,0
34887,87,2026-08-30,82,7
34888,88,2026-08-30,98,5
34889,89,2026-08-30,162,8
34890,90,2026-08-30,98,6
34891,91,2026-08-30,74,7
34892,92,2026-08-30,254,15
34893,93,2026-08-30,92,8
34894,94,2026-08-30,104,4
34895,95,2026-08-30,130,6
34896,96,2026-08-30,89,6
34897,97,2026-08-30,105,7
34898,98,2026-08-30,97,4
34899,99,2026-08-30,74,2
34900,100,2026-08-30,103,8
34901,1,2026-08-31,203,11
34902,2,2026-08-31,240,16
34903,3,2026-08-31,272,14
34904,4,2026-08-31,309,17
34905,5,2026-08-31,359,22
34906,6,2026-08-31,319,19
34907,7,2026-08-31,433,22
34908,8,2026-08-31,287,16
34909,9,2026-08-31,226,13
34910,10,2026-08-31,172,7
34911,11,2026-08-31,243,19
34912,12,2026-08-31,261,13
34913,13,2026-08-31,167,12
34914,14,2026-08-31,257,13
34915,15,2026-08-31,213,11
34916,16,2026-08-31,264,16
34917,17,2026-08-31,280,18
34918,18,2026-08-31,219,11
34919,19,2026-08-31,228,12
34920,20,2026-08-31,142,8
34921,21,2026-08-31,167,9
34922,22,2026-08-31,275,19
34923,23,2026-08-31,174,13
34924,24,2026-08-31,275,14
34925,25,2026-08-31,189,13
34926,26,2026-08-31,254,16
34927,27,2026-08-31,211,11
34928,28,2026-08-31,176,10
34929,29,2026-08-31,251,12
34930,30,2026-08-31,233,14
34931,31,2026-08-31,189,11
34932,32,2026-08-31,242,13
34933,33,2026-08-31,191,7
34934,34,2026-08-31,138,6
34935,35,2026-08-31,169,13
34936,36,2026-08-31,315,19
34937,37,2026-08-31,224,12
34938,38,2026-08-31,204,13
34939,39,2026-08-31,222,13
34940,40,2026-08-31,189,9
34941,41,2026-08-31,191,8
34942,42,2026-08-31,295,22
34943,43,2026-08-31,208,14
34944,44,2026-08-31,138,8
34945,45,2026-08-31,243,14
34946,46,2026-08-31,197,13
34947,47,2026-08-31,230,15
34948,48,2026-08-31,183,11
34949,49,2026-08-31,201,8
34950,50,2026-08-31,278,15
34951,51,2026-08-31,250,13
34952,52,2026-08-31,189,9
34953,53,2026-08-31,153,10
34954,54,2026-08-31,173,8
34955,55,2026-08-31,219,10
34956,56,2026-08-31,269,20
34957,57,2026-08-31,148,6
34958,58,2026-08-31,220,13
34959,59,2026-08-31,244,15
34960,60,2026-08-31,216,14
34961,61,2026-08-31,233,15
34962,62,2026-08-31,204,12
34963,63,2026-08-31,363,22
34964,64,2026-08-31,195,9
34965,65,2026-08-31,277,16
34966,66,2026-08-31,187,15
34967,67,2026-08-31,266,16
34968,68,2026-08-31,119,5
34969,69,2026-08-31,290,14
34970,70,2026-08-31,118,5
34971,71,2026-08-31,261,14
34972,72,2026-08-31,261,16
34973,73,2026-08-31,265,14
34974,74,2026-08-31,194,9
34975,75,2026-08-31,233,14
34976,76,2026-08-31,204,11
34977,77,2026-08-31,141,4
34978,78,2026-08-31,171,11
34979,79,2026-08-31,176,12
34980,80,2026-08-31,379,20
34981,81,2026-08-31,216,12
34982,82,2026-08-31,213,11
34983,83,2026-08-31,244,12
34984,84,2026-08-31,232,12
34985,85,2026-08-31,239,15
34986,86,2026-08-31,169,8
34987,87,2026-08-31,204,9
34988,88,2026-08-31,248,15
34989,89,2026-08-31,369,23
34990,90,2026-08-31,215,12
34991,91,2026-08-31,206,10
34992,92,2026-08-31,512,30
34993,93,2026-08-31,267,16
34994,94,2026-08-31,215,11
34995,95,2026-08-31,305,19
34996,96,2026-08-31,162,5
34997,97,2026-08-31,208,13
34998,98,2026-08-31,266,17
34999,99,2026-08-31,191,13
35000,100,2026-08-31,254,17
35001,1,2026-09-01,190,8
35002,2,2026-09-01,196,9
35003,3,2026-09-01,246,15
35004,4,2026-09-01,304,20
35005,5,2026-09-01,279,18
35006,6,2026-09-01,306,18
35007,7,2026-09-01,345,23
35008,8,2026-09-01,322,18
35009,9,2026-09-01,223,13
35010,10,2026-09-01,147,6
35011,11,2026-09-01,212,13
35012,12,2026-09-01,227,13
35013,13,2026-09-01,143,7
35014,14,2026-09-01,215,13
35015,15,2026-09-01,180,9
35016,16,2026-09-01,222,8
35017,17,2026-09-01,263,12
35018,18,2026-09-01,165,11
35019,19,2026-09-01,176,10
35020,20,2026-09-01,140,6
35021,21,2026-09-01,153,6
35022,22,2026-09-01,251,15
35023,23,2026-09-01,142,10
35024,24,2026-09-01,289,20
35025,25,2026-09-01,156,10
35026,26,2026-09-01,238,14
35027,27,2026-09-01,168,8
35028,28,2026-09-01,133,7
35029,29,2026-09-01,212,12
35030,30,2026-09-01,166,10
35031,31,2026-09-01,164,9
35032,32,2026-09-01,191,11
35033,33,2026-09-01,153,7
35034,34,2026-09-01,110,4
35035,35,2026-09-01,130,7
35036,36,2026-09-01,280,18
35037,37,2026-09-01,239,12
35038,38,2026-09-01,172,12
35039,39,2026-09-01,192,9
35040,40,2026-09-01,174,9
35041,41,2026-09-01,173,13
35042,42,2026-09-01,239,13
35043,43,2026-09-01,177,8
35044,44,2026-09-01,105,6
35045,45,2026-09-01,201,12
35046,46,2026-09-01,205,14
35047,47,2026-09-01,208,14
35048,48,2026-09-01,145,7
35049,49,2026-09-01,189,12
35050,50,2026-09-01,225,14
35051,51,2026-09-01,213,12
35052,52,2026-09-01,165,8
35053,53,2026-09-01,165,10
35054,54,2026-09-01,176,9
35055,55,2026-09-01,194,12
35056,56,2026-09-01,242,13
35057,57,2026-09-01,141,7
35058,58,2026-09-01,220,11
35059,59,2026-09-01,177,9
35060,60,2026-09-01,170,12
35061,61,2026-09-01,215,16
35062,62,2026-09-01,201,10
35063,63,2026-09-01,312,19
35064,64,2026-09-01,171,6
35065,65,2026-09-01,258,15
35066,66,2026-09-01,181,10
35067,67,2026-09-01,246,15
35068,68,2026-09-01,107,7
35069,69,2026-09-01,244,12
35070,70,2026-09-01,116,7
35071,71,2026-09-01,227,11
35072,72,2026-09-01,249,12
35073,73,2026-09-01,248,17
35074,74,2026-09-01,175,12
35075,75,2026-09-01,187,9
35076,76,2026-09-01,207,14
35077,77,2026-09-01,114,9
35078,78,2026-09-01,191,11
35079,79,2026-09-01,157,10
35080,80,2026-09-01,312,15
35081,81,2026-09-01,186,14
35082,82,2026-09-01,202,11
35083,83,2026-09-01,232,9
35084,84,2026-09-01,194,15
35085,85,2026-09-01,185,10
35086,86,2026-09-01,149,8
35087,87,2026-09-01,166,10
35088,88,2026-09-01,180,10
35089,89,2026-09-01,326,16
35090,90,2026-09-01,208,14
35091,91,2026-09-01,173,11
35092,92,2026-09-01,401,23
35093,93,2026-09-01,239,12
35094,94,2026-09-01,191,9
35095,95,2026-09-01,260,13
35096,96,2026-09-01,148,8
35097,97,2026-09-01,224,13
35098,98,2026-09-01,229,15
35099,99,2026-09-01,197,8
35100,100,2026-09-01,211,9
35101,1,2026-09-02,166,9
35102,2,2026-09-02,180,8
35103,3,2026-09-02,207,7
35104,4,2026-09-02,322,19
35105,5,2026-09-02,268,17
35106,6,2026-09-02,297,14
35107,7,2026-09-02,372,22
35108,8,2026-09-02,277,12
35109,9,2026-09-02,211,13
35110,10,2026-09-02,153,7
35111,11,2026-09-02,198,13
35112,12,2026-09-02,225,13
35113,13,2026-09-02,141,6
35114,14,2026-09-02,247,13
35115,15,2026-09-02,182,8
35116,16,2026-09-02,262,12
35117,17,2026-09-02,263,14
35118,18,2026-09-02,206,11
35119,19,2026-09-02,166,15
35120,20,2026-09-02,121,9
35121,21,2026-09-02,153,7
35122,22,2026-09-02,230,12
35123,23,2026-09-02,152,8
35124,24,2026-09-02,250,14
35125,25,2026-09-02,155,8
35126,26,2026-09-02,252,14
35127,27,2026-09-02,172,11
35128,28,2026-09-02,133,6
35129,29,2026-09-02,237,15
35130,30,2026-09-02,203,11
35131,31,2026-09-02,164,6
35132,32,2026-09-02,192,16
35133,33,2026-09-02,166,12
35134,34,2026-09-02,119,7
35135,35,2026-09-02,133,10
35136,36,2026-09-02,313,13
35137,37,2026-09-02,219,13
35138,38,2026-09-02,176,12
35139,39,2026-09-02,188,9
35140,40,2026-09-02,152,8
35141,41,2026-09-02,176,8
35142,42,2026-09-02,202,13
35143,43,2026-09-02,208,11
35144,44,2026-09-02,106,7
35145,45,2026-09-02,195,13
35146,46,2026-09-02,202,9
35147,47,2026-09-02,226,14
35148,48,2026-09-02,149,8
35149,49,2026-09-02,175,9
35150,50,2026-09-02,215,11
35151,51,2026-09-02,232,14
35152,52,2026-09-02,156,11
35153,53,2026-09-02,136,6
35154,54,2026-09-02,158,10
35155,55,2026-09-02,199,10
35156,56,2026-09-02,227,13
35157,57,2026-09-02,130,12
35158,58,2026-09-02,212,13
35159,59,2026-09-02,197,11
35160,60,2026-09-02,177,12
35161,61,2026-09-02,221,13
35162,62,2026-09-02,169,11
35163,63,2026-09-02,289,22
35164,64,2026-09-02,156,8
35165,65,2026-09-02,237,11
35166,66,2026-09-02,183,12
35167,67,2026-09-02,243,18
35168,68,2026-09-02,103,7
35169,69,2026-09-02,215,13
35170,70,2026-09-02,111,7
35171,71,2026-09-02,201,7
35172,72,2026-09-02,248,17
35173,73,2026-09-02,233,14
35174,74,2026-09-02,171,13
35175,75,2026-09-02,204,12
35176,76,2026-09-02,182,8
35177,77,2026-09-02,123,7
35178,78,2026-09-02,171,11
35179,79,2026-09-02,150,10
35180,80,2026-09-02,294,20
35181,81,2026-09-02,161,5
35182,82,2026-09-02,167,14
35183,83,2026-09-02,196,11
35184,84,2026-09-02,201,13
35185,85,2026-09-02,221,12
35186,86,2026-09-02,157,9
35187,87,2026-09-02,192,11
35188,88,2026-09-02,198,10
35189,89,2026-09-02,298,20
35190,90,2026-09-02,212,12
35191,91,2026-09-02,160,5
35192,92,2026-09-02,454,26
35193,93,2026-09-02,191,11
35194,94,2026-09-02,188,12
35195,95,2026-09-02,237,15
35196,96,2026-09-02,150,5
35197,97,2026-09-02,194,8
35198,98,2026-09-02,225,14
35199,99,2026-09-02,190,10
35200,100,2026-09-02,232,12
35201,1,2026-09-03,153,10
35202,2,2026-09-03,158,9
35203,3,2026-09-03,180,15
35204,4,2026-09-03,255,14
35205,5,2026-09-03,205,12
35206,6,2026-09-03,249,12
35207,7,2026-09-03,297,20
35208,8,2026-09-03,270,16
35209,9,2026-09-03,155,9
35210,10,2026-09-03,132,8
35211,11,2026-09-03,198,9
35212,12,2026-09-03,222,14
35213,13,2026-09-03,122,8
35214,14,2026-09-03,180,7
35215,15,2026-09-03,155,8
35216,16,2026-09-03,193,10
35217,17,2026-09-03,208,12
35218,18,2026-09-03,173,8
35219,19,2026-09-03,177,11
35220,20,2026-09-03,113,8
35221,21,2026-09-03,123,7
35222,22,2026-09-03,198,14
35223,23,2026-09-03,135,8
35224,24,2026-09-03,227,12
35225,25,2026-09-03,159,9
35226,26,2026-09-03,221,13
35227,27,2026-09-03,132,8
35228,28,2026-09-03,124,5
35229,29,2026-09-03,173,10
35230,30,2026-09-03,142,4
35231,31,2026-09-03,154,10
35232,32,2026-09-03,190,8
35233,33,2026-09-03,147,7
35234,34,2026-09-03,112,7
35235,35,2026-09-03,136,6
35236,36,2026-09-03,256,17
35237,37,2026-09-03,223,13
35238,38,2026-09-03,173,9
35239,39,2026-09-03,137,3
35240,40,2026-09-03,139,9
35241,41,2026-09-03,160,10
35242,42,2026-09-03,204,8
35243,43,2026-09-03,152,7
35244,44,2026-09-03,110,7
35245,45,2026-09-03,188,10
35246,46,2026-09-03,191,13
35247,47,2026-09-03,170,10
35248,48,2026-09-03,110,8
35249,49,2026-09-03,150,11
35250,50,2026-09-03,188,8
35251,51,2026-09-03,183,9
35252,52,2026-09-03,138,8
35253,53,2026-09-03,131,7
35254,54,2026-09-03,141,8
35255,55,2026-09-03,162,6
35256,56,2026-09-03,216,9
35257,57,2026-09-03,122,6
35258,58,2026-09-03,209,13
35259,59,2026-09-03,141,9
35260,60,2026-09-03,164,8
35261,61,2026-09-03,191,13
35262,62,2026-09-03,147,10
35263,63,2026-09-03,275,18
35264,64,2026-09-03,129,5
35265,65,2026-09-03,200,13
35266,66,2026-09-03,150,8
35267,67,2026-09-03,193,9
35268,68,2026-09-03,90,0
35269,69,2026-09-03,208,15
35270,70,2026-09-03,99,7
35271,71,2026-09-03,196,6
35272,72,2026-09-03,251,15
35273,73,2026-09-03,189,12
35274,74,2026-09-03,126,7
35275,75,2026-09-03,185,10
35276,76,2026-09-03,140,7
35277,77,2026-09-03,102,1
35278,78,2026-09-03,153,11
35279,79,2026-09-03,123,6
35280,80,2026-09-03,271,16
35281,81,2026-09-03,156,8
35282,82,2026-09-03,149,8
35283,83,2026-09-03,198,10
35284,84,2026-09-03,168,12
35285,85,2026-09-03,162,7
35286,86,2026-09-03,126,8
35287,87,2026-09-03,148,7
35288,88,2026-09-03,156,11
35289,89,2026-09-03,272,17
35290,90,2026-09-03,164,7
35291,91,2026-09-03,147,9
35292,92,2026-09-03,436,24
35293,93,2026-09-03,216,13
35294,94,2026-09-03,168,11
35295,95,2026-09-03,211,14
35296,96,2026-09-03,142,7
35297,97,2026-09-03,197,11
35298,98,2026-09-03,182,10
35299,99,2026-09-03,153,9
35300,100,2026-09-03,165,7
35301,1,2026-09-04,146,9
35302,2,2026-09-04,158,12
35303,3,2026-09-04,165,10
35304,4,2026-09-04,240,14
35305,5,2026-09-04,207,13
35306,6,2026-09-04,268,16
35307,7,2026-09-04,313,19
35308,8,2026-09-04,268,15
35309,9,2026-09-04,188,11
35310,10,2026-09-04,112,6
35311,11,2026-09-04,181,8
35312,12,2026-09-04,206,7
35313,13,2026-09-04,154,11
35314,14,2026-09-04,159,12
35315,15,2026-09-04,156,10
35316,16,2026-09-04,200,11
35317,17,2026-09-04,213,14
35318,18,2026-09-04,167,12
35319,19,2026-09-04,158,11
35320,20,2026-09-04,111,3
35321,21,2026-09-04,134,7
35322,22,2026-09-04,220,15
35323,23,2026-09-04,135,8
35324,24,2026-09-04,221,11
35325,25,2026-09-04,129,7
35326,26,2026-09-04,228,11
35327,27,2026-09-04,167,11
35328,28,2026-09-04,112,9
35329,29,2026-09-04,221,11
35330,30,2026-09-04,198,14
35331,31,2026-09-04,139,10
35332,32,2026-09-04,157,12
35333,33,2026-09-04,148,10
35334,34,2026-09-04,98,3
35335,35,2026-09-04,122,4
35336,36,2026-09-04,275,18
35337,37,2026-09-04,210,11
35338,38,2026-09-04,158,7
35339,39,2026-09-04,157,11
35340,40,2026-09-04,154,10
35341,41,2026-09-04,149,8
35342,42,2026-09-04,197,13
35343,43,2026-09-04,179,12
35344,44,2026-09-04,110,5
35345,45,2026-09-04,194,13
35346,46,2026-09-04,189,10
35347,47,2026-09-04,150,9
35348,48,2026-09-04,160,11
35349,49,2026-09-04,152,13
35350,50,2026-09-04,194,12
35351,51,2026-09-04,197,13
35352,52,2026-09-04,153,9
35353,53,2026-09-04,123,6
35354,54,2026-09-04,133,7
35355,55,2026-09-04,172,10
35356,56,2026-09-04,225,11
35357,57,2026-09-04,115,4
35358,58,2026-09-04,207,11
35359,59,2026-09-04,140,7
35360,60,2026-09-04,142,7
35361,61,2026-09-04,159,11
35362,62,2026-09-04,162,8
35363,63,2026-09-04,283,18
35364,64,2026-09-04,151,7
35365,65,2026-09-04,232,13
35366,66,2026-09-04,130,8
35367,67,2026-09-04,177,10
35368,68,2026-09-04,101,5
35369,69,2026-09-04,189,13
35370,70,2026-09-04,103,10
35371,71,2026-09-04,190,14
35372,72,2026-09-04,240,13
35373,73,2026-09-04,199,13
35374,74,2026-09-04,166,8
35375,75,2026-09-04,182,9
35376,76,2026-09-04,145,6
35377,77,2026-09-04,105,9
35378,78,2026-09-04,159,13
35379,79,2026-09-04,120,11
35380,80,2026-09-04,272,17
35381,81,2026-09-04,160,8
35382,82,2026-09-04,174,7
35383,83,2026-09-04,161,9
35384,84,2026-09-04,182,11
35385,85,2026-09-04,159,10
35386,86,2026-09-04,117,4
35387,87,2026-09-04,159,14
35388,88,2026-09-04,168,10
35389,89,2026-09-04,258,17
35390,90,2026-09-04,180,9
35391,91,2026-09-04,150,11
35392,92,2026-09-04,369,22
35393,93,2026-09-04,188,8
35394,94,2026-09-04,182,13
35395,95,2026-09-04,228,13
35396,96,2026-09-04,131,9
35397,97,2026-09-04,197,10
35398,98,2026-09-04,187,10
35399,99,2026-09-04,163,13
35400,100,2026-09-04,198,12
35401,1,2026-09-05,149,14
35402,2,2026-09-05,162,7
35403,3,2026-09-05,207,9
35404,4,2026-09-05,271,15
35405,5,2026-09-05,231,14
35406,6,2026-09-05,267,13
35407,7,2026-09-05,320,15
35408,8,2026-09-05,221,12
35409,9,2026-09-05,184,8
35410,10,2026-09-05,126,6
35411,11,2026-09-05,197,11
35412,12,2026-09-05,212,12
35413,13,2026-09-05,123,8
35414,14,2026-09-05,168,8
35415,15,2026-09-05,123,5
35416,16,2026-09-05,229,13
35417,17,2026-09-05,217,11
35418,18,2026-09-05,175,9
35419,19,2026-09-05,153,12
35420,20,2026-09-05,106,5
35421,21,2026-09-05,135,6
35422,22,2026-09-05,221,12
35423,23,2026-09-05,122,9
35424,24,2026-09-05,222,12
35425,25,2026-09-05,147,9
35426,26,2026-09-05,197,11
35427,27,2026-09-05,154,11
35428,28,2026-09-05,123,6
35429,29,2026-09-05,167,7
35430,30,2026-09-05,172,6
35431,31,2026-09-05,147,10
35432,32,2026-09-05,161,8
35433,33,2026-09-05,140,7
35434,34,2026-09-05,105,4
35435,35,2026-09-05,118,8
35436,36,2026-09-05,221,11
35437,37,2026-09-05,200,8
35438,38,2026-09-05,174,12
35439,39,2026-09-05,123,5
35440,40,2026-09-05,128,6
35441,41,2026-09-05,158,10
35442,42,2026-09-05,198,10
35443,43,2026-09-05,162,5
35444,44,2026-09-05,132,9
35445,45,2026-09-05,153,7
35446,46,2026-09-05,175,10
35447,47,2026-09-05,161,12
35448,48,2026-09-05,138,5
35449,49,2026-09-05,143,9
35450,50,2026-09-05,179,10
35451,51,2026-09-05,207,13
35452,52,2026-09-05,120,11
35453,53,2026-09-05,106,10
35454,54,2026-09-05,120,9
35455,55,2026-09-05,149,13
35456,56,2026-09-05,239,12
35457,57,2026-09-05,127,7
35458,58,2026-09-05,204,8
35459,59,2026-09-05,172,11
35460,60,2026-09-05,152,5
35461,61,2026-09-05,192,13
35462,62,2026-09-05,155,11
35463,63,2026-09-05,251,16
35464,64,2026-09-05,134,5
35465,65,2026-09-05,209,13
35466,66,2026-09-05,157,11
35467,67,2026-09-05,194,11
35468,68,2026-09-05,90,5
35469,69,2026-09-05,201,14
35470,70,2026-09-05,90,5
35471,71,2026-09-05,164,10
35472,72,2026-09-05,216,14
35473,73,2026-09-05,197,9
35474,74,2026-09-05,160,5
35475,75,2026-09-05,174,9
35476,76,2026-09-05,159,12
35477,77,2026-09-05,113,6
35478,78,2026-09-05,164,12
35479,79,2026-09-05,139,9
35480,80,2026-09-05,298,15
35481,81,2026-09-05,177,9
35482,82,2026-09-05,168,9
35483,83,2026-09-05,231,14
35484,84,2026-09-05,193,16
35485,85,2026-09-05,191,12
35486,86,2026-09-05,130,5
35487,87,2026-09-05,149,9
35488,88,2026-09-05,158,5
35489,89,2026-09-05,246,13
35490,90,2026-09-05,196,12
35491,91,2026-09-05,148,9
35492,92,2026-09-05,412,26
35493,93,2026-09-05,235,13
35494,94,2026-09-05,188,10
35495,95,2026-09-05,223,19
35496,96,2026-09-05,130,4
35497,97,2026-09-05,182,7
35498,98,2026-09-05,179,7
35499,99,2026-09-05,176,7
35500,100,2026-09-05,193,9
35501,1,2026-09-06,92,3
35502,2,2026-09-06,99,8
35503,3,2026-09-06,120,8
35504,4,2026-09-06,133,6
35505,5,2026-09-06,135,9
35506,6,2026-09-06,144,10
35507,7,2026-09-06,176,10
35508,8,2026-09-06,112,2
35509,9,2026-09-06,130,10
35510,10,2026-09-06,72,5
35511,11,2026-09-06,100,8
35512,12,2026-09-06,103,4
35513,13,2026-09-06,90,3
35514,14,2026-09-06,115,5
35515,15,2026-09-06,86,3
35516,16,2026-09-06,125,7
35517,17,2026-09-06,174,10
35518,18,2026-09-06,109,7
35519,19,2026-09-06,84,2
35520,20,2026-09-06,62,0
35521,21,2026-09-06,64,3
35522,22,2026-09-06,91,4
35523,23,2026-09-06,83,6
35524,24,2026-09-06,130,5
35525,25,2026-09-06,74,4
35526,26,2026-09-06,136,8
35527,27,2026-09-06,79,3
35528,28,2026-09-06,91,3
35529,29,2026-09-06,99,4
35530,30,2026-09-06,87,3
35531,31,2026-09-06,71,5
35532,32,2026-09-06,102,7
35533,33,2026-09-06,66,3
35534,34,2026-09-06,52,2
35535,35,2026-09-06,75,2
35536,36,2026-09-06,173,10
35537,37,2026-09-06,132,6
35538,38,2026-09-06,84,5
35539,39,2026-09-06,97,6
35540,40,2026-09-06,81,3
35541,41,2026-09-06,71,0
35542,42,2026-09-06,99,4
35543,43,2026-09-06,97,7
35544,44,2026-09-06,58,7
35545,45,2026-09-06,109,8
35546,46,2026-09-06,102,3
35547,47,2026-09-06,81,6
35548,48,2026-09-06,80,1
35549,49,2026-09-06,103,6
35550,50,2026-09-06,131,9
35551,51,2026-09-06,144,11
35552,52,2026-09-06,82,5
35553,53,2026-09-06,75,5
35554,54,2026-09-06,71,2
35555,55,2026-09-06,86,2
35556,56,2026-09-06,116,7
35557,57,2026-09-06,63,4
35558,58,2026-09-06,104,4
35559,59,2026-09-06,73,8
35560,60,2026-09-06,96,5
35561,61,2026-09-06,115,8
35562,62,2026-09-06,74,8
35563,63,2026-09-06,163,11
35564,64,2026-09-06,101,6
35565,65,2026-09-06,132,7
35566,66,2026-09-06,80,3
35567,67,2026-09-06,115,4
35568,68,2026-09-06,41,0
35569,69,2026-09-06,117,6
35570,70,2026-09-06,57,4
35571,71,2026-09-06,131,4
35572,72,2026-09-06,143,6
35573,73,2026-09-06,134,4
35574,74,2026-09-06,91,4
35575,75,2026-09-06,114,4
35576,76,2026-09-06,87,5
35577,77,2026-09-06,54,0
35578,78,2026-09-06,94,6
35579,79,2026-09-06,79,5
35580,80,2026-09-06,159,9
35581,81,2026-09-06,74,2
35582,82,2026-09-06,74,5
35583,83,2026-09-06,116,8
35584,84,2026-09-06,110,7
35585,85,2026-09-06,118,6
35586,86,2026-09-06,73,4
35587,87,2026-09-06,90,4
35588,88,2026-09-06,100,4
35589,89,2026-09-06,163,5
35590,90,2026-09-06,110,5
35591,91,2026-09-06,67,4
35592,92,2026-09-06,216,12
35593,93,2026-09-06,125,8
35594,94,2026-09-06,80,1
35595,95,2026-09-06,115,8
35596,96,2026-09-06,87,4
35597,97,2026-09-06,111,5
35598,98,2026-09-06,81,5
35599,99,2026-09-06,97,5
35600,100,2026-09-06,94,2
35601,1,2026-09-07,192,11
35602,2,2026-09-07,222,9
35603,3,2026-09-07,278,16
35604,4,2026-09-07,339,21
35605,5,2026-09-07,307,16
35606,6,2026-09-07,289,21
35607,7,2026-09-07,426,26
35608,8,2026-09-07,329,21
35609,9,2026-09-07,238,12
35610,10,2026-09-07,197,9
35611,11,2026-09-07,264,14
35612,12,2026-09-07,281,14
35613,13,2026-09-07,194,10
35614,14,2026-09-07,248,14
35615,15,2026-09-07,206,10
35616,16,2026-09-07,288,17
35617,17,2026-09-07,305,17
35618,18,2026-09-07,230,10
35619,19,2026-09-07,208,10
35620,20,2026-09-07,139,6
35621,21,2026-09-07,161,11
35622,22,2026-09-07,255,18
35623,23,2026-09-07,162,8
35624,24,2026-09-07,301,19
35625,25,2026-09-07,198,10
35626,26,2026-09-07,308,15
35627,27,2026-09-07,205,14
35628,28,2026-09-07,147,6
35629,29,2026-09-07,263,18
35630,30,2026-09-07,237,14
35631,31,2026-09-07,178,11
35632,32,2026-09-07,191,13
35633,33,2026-09-07,169,10
35634,34,2026-09-07,136,8
35635,35,2026-09-07,164,8
35636,36,2026-09-07,378,27
35637,37,2026-09-07,302,18
35638,38,2026-09-07,210,14
35639,39,2026-09-07,228,11
35640,40,2026-09-07,165,11
35641,41,2026-09-07,187,11
35642,42,2026-09-07,256,15
35643,43,2026-09-07,224,16
35644,44,2026-09-07,142,9
35645,45,2026-09-07,230,14
35646,46,2026-09-07,225,14
35647,47,2026-09-07,222,12
35648,48,2026-09-07,184,10
35649,49,2026-09-07,186,9
35650,50,2026-09-07,238,14
35651,51,2026-09-07,258,15
35652,52,2026-09-07,171,9
35653,53,2026-09-07,156,10
35654,54,2026-09-07,176,12
35655,55,2026-09-07,219,12
35656,56,2026-09-07,296,17
35657,57,2026-09-07,158,9
35658,58,2026-09-07,263,16
35659,59,2026-09-07,229,11
35660,60,2026-09-07,192,13
35661,61,2026-09-07,239,16
35662,62,2026-09-07,203,13
35663,63,2026-09-07,328,21
35664,64,2026-09-07,193,9
35665,65,2026-09-07,301,12
35666,66,2026-09-07,221,12
35667,67,2026-09-07,272,11
35668,68,2026-09-07,118,3
35669,69,2026-09-07,258,15
35670,70,2026-09-07,120,11
35671,71,2026-09-07,264,12
35672,72,2026-09-07,272,15
35673,73,2026-09-07,253,14
35674,74,2026-09-07,205,9
35675,75,2026-09-07,219,11
35676,76,2026-09-07,244,13
35677,77,2026-09-07,139,11
35678,78,2026-09-07,226,15
35679,79,2026-09-07,167,8
35680,80,2026-09-07,382,24
35681,81,2026-09-07,197,14
35682,82,2026-09-07,218,11
35683,83,2026-09-07,262,14
35684,84,2026-09-07,248,14
35685,85,2026-09-07,250,14
35686,86,2026-09-07,182,12
35687,87,2026-09-07,205,15
35688,88,2026-09-07,245,13
35689,89,2026-09-07,349,21
35690,90,2026-09-07,229,11
35691,91,2026-09-07,201,10
35692,92,2026-09-07,531,29
35693,93,2026-09-07,273,14
35694,94,2026-09-07,254,16
35695,95,2026-09-07,314,21
35696,96,2026-09-07,164,12
35697,97,2026-09-07,232,17
35698,98,2026-09-07,229,13
35699,99,2026-09-07,203,11
35700,100,2026-09-07,230,13
35701,1,2026-09-08,161,9
35702,2,2026-09-08,188,8
35703,3,2026-09-08,233,14
35704,4,2026-09-08,331,20
35705,5,2026-09-08,263,14
35706,6,2026-09-08,263,16
35707,7,2026-09-08,330,20
35708,8,2026-09-08,275,15
35709,9,2026-09-08,202,11
35710,10,2026-09-08,167,11
35711,11,2026-09-08,198,8
35712,12,2026-09-08,210,8
35713,13,2026-09-08,133,6
35714,14,2026-09-08,226,10
35715,15,2026-09-08,167,11
35716,16,2026-09-08,245,16
35717,17,2026-09-08,260,14
35718,18,2026-09-08,208,12
35719,19,2026-09-08,170,8
35720,20,2026-09-08,118,5
35721,21,2026-09-08,128,7
35722,22,2026-09-08,203,13
35723,23,2026-09-08,154,10
35724,24,2026-09-08,294,18
35725,25,2026-09-08,161,10
35726,26,2026-09-08,247,16
35727,27,2026-09-08,203,15
35728,28,2026-09-08,149,9
35729,29,2026-09-08,224,11
35730,30,2026-09-08,155,10
35731,31,2026-09-08,159,10
35732,32,2026-09-08,161,9
35733,33,2026-09-08,168,10
35734,34,2026-09-08,119,4
35735,35,2026-09-08,138,7
35736,36,2026-09-08,266,17
35737,37,2026-09-08,248,13
35738,38,2026-09-08,187,12
35739,39,2026-09-08,194,13
35740,40,2026-09-08,169,14
35741,41,2026-09-08,164,9
35742,42,2026-09-08,237,16
35743,43,2026-09-08,184,8
35744,44,2026-09-08,129,8
35745,45,2026-09-08,219,9
35746,46,2026-09-08,225,11
35747,47,2026-09-08,179,6
35748,48,2026-09-08,137,7
35749,49,2026-09-08,168,10
35750,50,2026-09-08,227,15
35751,51,2026-09-08,225,14
35752,52,2026-09-08,167,11
35753,53,2026-09-08,161,8
35754,54,2026-09-08,166,6
35755,55,2026-09-08,173,14
35756,56,2026-09-08,227,15
35757,57,2026-09-08,129,9
35758,58,2026-09-08,191,12
35759,59,2026-09-08,191,11
35760,60,2026-09-08,173,9
35761,61,2026-09-08,240,15
35762,62,2026-09-08,184,10
35763,63,2026-09-08,279,20
35764,64,2026-09-08,152,12
35765,65,2026-09-08,235,10
35766,66,2026-09-08,184,11
35767,67,2026-09-08,228,13
35768,68,2026-09-08,90,8
35769,69,2026-09-08,239,13
35770,70,2026-09-08,111,4
35771,71,2026-09-08,200,13
35772,72,2026-09-08,266,18
35773,73,2026-09-08,207,15
35774,74,2026-09-08,167,11
35775,75,2026-09-08,219,13
35776,76,2026-09-08,178,11
35777,77,2026-09-08,112,8
35778,78,2026-09-08,161,10
35779,79,2026-09-08,137,6
35780,80,2026-09-08,303,19
35781,81,2026-09-08,157,6
35782,82,2026-09-08,232,19
35783,83,2026-09-08,215,10
35784,84,2026-09-08,233,12
35785,85,2026-09-08,203,13
35786,86,2026-09-08,155,7
35787,87,2026-09-08,164,11
35788,88,2026-09-08,187,13
35789,89,2026-09-08,322,20
35790,90,2026-09-08,206,15
35791,91,2026-09-08,176,9
35792,92,2026-09-08,444,30
35793,93,2026-09-08,261,15
35794,94,2026-09-08,191,10
35795,95,2026-09-08,280,18
35796,96,2026-09-08,144,10
35797,97,2026-09-08,189,9
35798,98,2026-09-08,197,12
35799,99,2026-09-08,155,9
35800,100,2026-09-08,222,14
35801,1,2026-09-09,188,7
35802,2,2026-09-09,196,10
35803,3,2026-09-09,271,12
35804,4,2026-09-09,301,24
35805,5,2026-09-09,271,16
35806,6,2026-09-09,282,17
35807,7,2026-09-09,380,22
35808,8,2026-09-09,330,23
35809,9,2026-09-09,213,10
35810,10,2026-09-09,163,6
35811,11,2026-09-09,191,10
35812,12,2026-09-09,247,16
35813,13,2026-09-09,136,11
35814,14,2026-09-09,217,14
35815,15,2026-09-09,195,13
35816,16,2026-09-09,252,14
35817,17,2026-09-09,303,19
35818,18,2026-09-09,197,9
35819,19,2026-09-09,194,10
35820,20,2026-09-09,117,8
35821,21,2026-09-09,136,8
35822,22,2026-09-09,216,12
35823,23,2026-09-09,169,12
35824,24,2026-09-09,227,13
35825,25,2026-09-09,151,8
35826,26,2026-09-09,217,13
35827,27,2026-09-09,179,9
35828,28,2026-09-09,144,6
35829,29,2026-09-09,240,17
35830,30,2026-09-09,212,13
35831,31,2026-09-09,167,10
35832,32,2026-09-09,164,10
35833,33,2026-09-09,153,9
35834,34,2026-09-09,114,7
35835,35,2026-09-09,135,3
35836,36,2026-09-09,297,22
35837,37,2026-09-09,248,10
35838,38,2026-09-09,189,9
35839,39,2026-09-09,195,10
35840,40,2026-09-09,158,8
35841,41,2026-09-09,176,10
35842,42,2026-09-09,202,7
35843,43,2026-09-09,198,12
35844,44,2026-09-09,124,8
35845,45,2026-09-09,213,13
35846,46,2026-09-09,195,11
35847,47,2026-09-09,215,13
35848,48,2026-09-09,173,16
35849,49,2026-09-09,157,10
35850,50,2026-09-09,250,14
35851,51,2026-09-09,233,10
35852,52,2026-09-09,164,13
35853,53,2026-09-09,133,6
35854,54,2026-09-09,170,8
35855,55,2026-09-09,162,9
35856,56,2026-09-09,219,8
35857,57,2026-09-09,142,4
35858,58,2026-09-09,207,14
35859,59,2026-09-09,189,9
35860,60,2026-09-09,206,7
35861,61,2026-09-09,197,14
35862,62,2026-09-09,195,13
35863,63,2026-09-09,257,16
35864,64,2026-09-09,165,10
35865,65,2026-09-09,259,13
35866,66,2026-09-09,180,11
35867,67,2026-09-09,244,14
35868,68,2026-09-09,101,8
35869,69,2026-09-09,246,14
35870,70,2026-09-09,105,9
35871,71,2026-09-09,221,10
35872,72,2026-09-09,251,13
35873,73,2026-09-09,221,11
35874,74,2026-09-09,173,10
35875,75,2026-09-09,215,11
35876,76,2026-09-09,204,14
35877,77,2026-09-09,112,8
35878,78,2026-09-09,170,9
35879,79,2026-09-09,153,7
35880,80,2026-09-09,303,18
35881,81,2026-09-09,186,9
35882,82,2026-09-09,195,11
35883,83,2026-09-09,219,15
35884,84,2026-09-09,232,13
35885,85,2026-09-09,234,11
35886,86,2026-09-09,149,6
35887,87,2026-09-09,188,11
35888,88,2026-09-09,216,13
35889,89,2026-09-09,336,19
35890,90,2026-09-09,175,11
35891,91,2026-09-09,188,12
35892,92,2026-09-09,406,24
35893,93,2026-09-09,228,16
35894,94,2026-09-09,203,11
35895,95,2026-09-09,244,14
35896,96,2026-09-09,154,8
35897,97,2026-09-09,211,14
35898,98,2026-09-09,231,12
35899,99,2026-09-09,166,9
35900,100,2026-09-09,222,17
35901,1,2026-09-10,180,13
35902,2,2026-09-10,165,11
35903,3,2026-09-10,206,11
35904,4,2026-09-10,280,19
35905,5,2026-09-10,222,13
35906,6,2026-09-10,265,13
35907,7,2026-09-10,290,14
35908,8,2026-09-10,246,16
35909,9,2026-09-10,185,10
35910,10,2026-09-10,129,11
35911,11,2026-09-10,189,9
35912,12,2026-09-10,200,8
35913,13,2026-09-10,123,9
35914,14,2026-09-10,179,10
35915,15,2026-09-10,138,4
35916,16,2026-09-10,215,14
35917,17,2026-09-10,218,14
35918,18,2026-09-10,162,10
35919,19,2026-09-10,162,9
35920,20,2026-09-10,103,5
35921,21,2026-09-10,123,8
35922,22,2026-09-10,192,14
35923,23,2026-09-10,137,7
35924,24,2026-09-10,209,10
35925,25,2026-09-10,145,6
35926,26,2026-09-10,212,15
35927,27,2026-09-10,163,14
35928,28,2026-09-10,120,5
35929,29,2026-09-10,201,12
35930,30,2026-09-10,134,10
35931,31,2026-09-10,154,6
35932,32,2026-09-10,171,12
35933,33,2026-09-10,133,9
35934,34,2026-09-10,89,3
35935,35,2026-09-10,124,5
35936,36,2026-09-10,275,18
35937,37,2026-09-10,215,11
35938,38,2026-09-10,147,5
35939,39,2026-09-10,162,7
35940,40,2026-09-10,130,11
35941,41,2026-09-10,144,10
35942,42,2026-09-10,192,10
35943,43,2026-09-10,142,8
35944,44,2026-09-10,98,2
35945,45,2026-09-10,187,13
35946,46,2026-09-10,182,8
35947,47,2026-09-10,156,12
35948,48,2026-09-10,127,7
35949,49,2026-09-10,154,10
35950,50,2026-09-10,237,12
35951,51,2026-09-10,185,11
35952,52,2026-09-10,135,7
35953,53,2026-09-10,136,4
35954,54,2026-09-10,128,8
35955,55,2026-09-10,184,9
35956,56,2026-09-10,191,12
35957,57,2026-09-10,122,5
35958,58,2026-09-10,191,10
35959,59,2026-09-10,153,10
35960,60,2026-09-10,172,9
35961,61,2026-09-10,175,10
35962,62,2026-09-10,136,9
35963,63,2026-09-10,274,17
35964,64,2026-09-10,127,7
35965,65,2026-09-10,173,11
35966,66,2026-09-10,142,11
35967,67,2026-09-10,226,11
35968,68,2026-09-10,99,3
35969,69,2026-09-10,201,13
35970,70,2026-09-10,97,8
35971,71,2026-09-10,183,8
35972,72,2026-09-10,204,13
35973,73,2026-09-10,210,15
35974,74,2026-09-10,161,6
35975,75,2026-09-10,172,9
35976,76,2026-09-10,168,10
35977,77,2026-09-10,108,5
35978,78,2026-09-10,160,8
35979,79,2026-09-10,123,4
35980,80,2026-09-10,262,10
35981,81,2026-09-10,149,8
35982,82,2026-09-10,180,8
35983,83,2026-09-10,217,10
35984,84,2026-09-10,181,14
35985,85,2026-09-10,190,14
35986,86,2026-09-10,123,9
35987,87,2026-09-10,179,11
35988,88,2026-09-10,168,11
35989,89,2026-09-10,292,16
35990,90,2026-09-10,172,7
35991,91,2026-09-10,154,10
35992,92,2026-09-10,419,26
35993,93,2026-09-10,172,8
35994,94,2026-09-10,168,10
35995,95,2026-09-10,232,14
35996,96,2026-09-10,120,5
35997,97,2026-09-10,182,12
35998,98,2026-09-10,197,11
35999,99,2026-09-10,159,13
36000,100,2026-09-10,191,9
36001,1,2026-09-11,122,8
36002,2,2026-09-11,167,10
36003,3,2026-09-11,187,12
36004,4,2026-09-11,269,13
36005,5,2026-09-11,219,11
36006,6,2026-09-11,240,13
36007,7,2026-09-11,323,19
36008,8,2026-09-11,243,14
36009,9,2026-09-11,190,12
36010,10,2026-09-11,129,8
36011,11,2026-09-11,174,10
36012,12,2026-09-11,171,7
36013,13,2026-09-11,121,3
36014,14,2026-09-11,169,7
36015,15,2026-09-11,152,7
36016,16,2026-09-11,228,16
36017,17,2026-09-11,271,15
36018,18,2026-09-11,163,9
36019,19,2026-09-11,173,10
36020,20,2026-09-11,121,8
36021,21,2026-09-11,117,7
36022,22,2026-09-11,170,9
36023,23,2026-09-11,124,9
36024,24,2026-09-11,224,11
36025,25,2026-09-11,124,7
36026,26,2026-09-11,219,15
36027,27,2026-09-11,161,8
36028,28,2026-09-11,134,7
36029,29,2026-09-11,212,13
36030,30,2026-09-11,161,7
36031,31,2026-09-11,135,8
36032,32,2026-09-11,151,7
36033,33,2026-09-11,157,10
36034,34,2026-09-11,91,5
36035,35,2026-09-11,122,6
36036,36,2026-09-11,268,14
36037,37,2026-09-11,174,10
36038,38,2026-09-11,156,8
36039,39,2026-09-11,147,7
36040,40,2026-09-11,135,11
36041,41,2026-09-11,151,7
36042,42,2026-09-11,214,13
36043,43,2026-09-11,181,9
36044,44,2026-09-11,100,4
36045,45,2026-09-11,191,13
36046,46,2026-09-11,199,9
36047,47,2026-09-11,161,6
36048,48,2026-09-11,140,3
36049,49,2026-09-11,170,13
36050,50,2026-09-11,202,12
36051,51,2026-09-11,178,8
36052,52,2026-09-11,154,5
36053,53,2026-09-11,105,5
36054,54,2026-09-11,150,10
36055,55,2026-09-11,170,11
36056,56,2026-09-11,205,16
36057,57,2026-09-11,88,2
36058,58,2026-09-11,193,10
36059,59,2026-09-11,156,12
36060,60,2026-09-11,153,10
36061,61,2026-09-11,178,12
36062,62,2026-09-11,162,12
36063,63,2026-09-11,246,15
36064,64,2026-09-11,145,7
36065,65,2026-09-11,208,16
36066,66,2026-09-11,150,9
36067,67,2026-09-11,217,12
36068,68,2026-09-11,88,8
36069,69,2026-09-11,197,10
36070,70,2026-09-11,91,5
36071,71,2026-09-11,181,11
36072,72,2026-09-11,206,10
36073,73,2026-09-11,207,13
36074,74,2026-09-11,148,12
36075,75,2026-09-11,179,9
36076,76,2026-09-11,137,10
36077,77,2026-09-11,92,5
36078,78,2026-09-11,152,7
36079,79,2026-09-11,136,11
36080,80,2026-09-11,282,19
36081,81,2026-09-11,181,10
36082,82,2026-09-11,170,10
36083,83,2026-09-11,205,11
36084,84,2026-09-11,202,13
36085,85,2026-09-11,216,8
36086,86,2026-09-11,124,7
36087,87,2026-09-11,165,10
36088,88,2026-09-11,169,8
36089,89,2026-09-11,246,15
36090,90,2026-09-11,186,9
36091,91,2026-09-11,152,8
36092,92,2026-09-11,409,24
36093,93,2026-09-11,181,8
36094,94,2026-09-11,179,11
36095,95,2026-09-11,192,10
36096,96,2026-09-11,134,8
36097,97,2026-09-11,176,12
36098,98,2026-09-11,172,12
36099,99,2026-09-11,155,10
36100,100,2026-09-11,178,10
36101,1,2026-09-12,153,11
36102,2,2026-09-12,173,12
36103,3,2026-09-12,190,12
36104,4,2026-09-12,261,15
36105,5,2026-09-12,221,9
36106,6,2026-09-12,242,15
36107,7,2026-09-12,300,19
36108,8,2026-09-12,264,14
36109,9,2026-09-12,176,9
36110,10,2026-09-12,137,12
36111,11,2026-09-12,154,9
36112,12,2026-09-12,198,11
36113,13,2026-09-12,127,7
36114,14,2026-09-12,185,13
36115,15,2026-09-12,126,7
36116,16,2026-09-12,231,12
36117,17,2026-09-12,225,14
36118,18,2026-09-12,188,9
36119,19,2026-09-12,152,5
36120,20,2026-09-12,102,3
36121,21,2026-09-12,136,8
36122,22,2026-09-12,173,10
36123,23,2026-09-12,114,3
36124,24,2026-09-12,201,17
36125,25,2026-09-12,145,8
36126,26,2026-09-12,197,8
36127,27,2026-09-12,145,10
36128,28,2026-09-12,135,4
36129,29,2026-09-12,204,12
36130,30,2026-09-12,163,8
36131,31,2026-09-12,149,8
36132,32,2026-09-12,183,9
36133,33,2026-09-12,143,10
36134,34,2026-09-12,102,3
36135,35,2026-09-12,140,10
36136,36,2026-09-12,273,18
36137,37,2026-09-12,190,9
36138,38,2026-09-12,169,10
36139,39,2026-09-12,159,12
36140,40,2026-09-12,145,10
36141,41,2026-09-12,154,10
36142,42,2026-09-12,162,10
36143,43,2026-09-12,158,8
36144,44,2026-09-12,98,7
36145,45,2026-09-12,196,11
36146,46,2026-09-12,194,12
36147,47,2026-09-12,153,10
36148,48,2026-09-12,140,8
36149,49,2026-09-12,138,8
36150,50,2026-09-12,196,12
36151,51,2026-09-12,168,7
36152,52,2026-09-12,138,7
36153,53,2026-09-12,110,7
36154,54,2026-09-12,144,8
36155,55,2026-09-12,176,11
36156,56,2026-09-12,181,10
36157,57,2026-09-12,129,7
36158,58,2026-09-12,203,13
36159,59,2026-09-12,180,14
36160,60,2026-09-12,143,13
36161,61,2026-09-12,168,10
36162,62,2026-09-12,152,12
36163,63,2026-09-12,251,19
36164,64,2026-09-12,153,10
36165,65,2026-09-12,229,12
36166,66,2026-09-12,142,10
36167,67,2026-09-12,193,13
36168,68,2026-09-12,86,6
36169,69,2026-09-12,213,14
36170,70,2026-09-12,106,7
36171,71,2026-09-12,184,12
36172,72,2026-09-12,228,15
36173,73,2026-09-12,229,15
36174,74,2026-09-12,164,8
36175,75,2026-09-12,195,12
36176,76,2026-09-12,143,9
36177,77,2026-09-12,89,5
36178,78,2026-09-12,151,9
36179,79,2026-09-12,126,3
36180,80,2026-09-12,228,11
36181,81,2026-09-12,155,7
36182,82,2026-09-12,146,7
36183,83,2026-09-12,185,10
36184,84,2026-09-12,193,10
36185,85,2026-09-12,210,10
36186,86,2026-09-12,139,8
36187,87,2026-09-12,168,10
36188,88,2026-09-12,162,8
36189,89,2026-09-12,312,20
36190,90,2026-09-12,190,13
36191,91,2026-09-12,152,8
36192,92,2026-09-12,404,21
36193,93,2026-09-12,208,17
36194,94,2026-09-12,152,11
36195,95,2026-09-12,272,17
36196,96,2026-09-12,118,8
36197,97,2026-09-12,148,5
36198,98,2026-09-12,195,9
36199,99,2026-09-12,157,8
36200,100,2026-09-12,186,10
36201,1,2026-09-13,50,4
36202,2,2026-09-13,86,7
36203,3,2026-09-13,112,6
36204,4,2026-09-13,186,9
36205,5,2026-09-13,111,7
36206,6,2026-09-13,146,9
36207,7,2026-09-13,192,9
36208,8,2026-09-13,165,8
36209,9,2026-09-13,122,6
36210,10,2026-09-13,71,4
36211,11,2026-09-13,109,5
36212,12,2026-09-13,136,7
36213,13,2026-09-13,66,3
36214,14,2026-09-13,87,6
36215,15,2026-09-13,78,4
36216,16,2026-09-13,136,5
36217,17,2026-09-13,153,9
36218,18,2026-09-13,112,6
36219,19,2026-09-13,90,5
36220,20,2026-09-13,63,4
36221,21,2026-09-13,63,3
36222,22,2026-09-13,107,8
36223,23,2026-09-13,88,8
36224,24,2026-09-13,121,4
36225,25,2026-09-13,103,7
36226,26,2026-09-13,161,8
36227,27,2026-09-13,64,7
36228,28,2026-09-13,67,7
36229,29,2026-09-13,126,0
36230,30,2026-09-13,71,5
36231,31,2026-09-13,63,2
36232,32,2026-09-13,108,5
36233,33,2026-09-13,102,6
36234,34,2026-09-13,64,4
36235,35,2026-09-13,75,5
36236,36,2026-09-13,138,8
36237,37,2026-09-13,93,6
36238,38,2026-09-13,102,5
36239,39,2026-09-13,98,6
36240,40,2026-09-13,65,2
36241,41,2026-09-13,87,5
36242,42,2026-09-13,128,7
36243,43,2026-09-13,76,4
36244,44,2026-09-13,67,4
36245,45,2026-09-13,99,6
36246,46,2026-09-13,119,6
36247,47,2026-09-13,97,1
36248,48,2026-09-13,65,7
36249,49,2026-09-13,104,6
36250,50,2026-09-13,91,0
36251,51,2026-09-13,130,9
36252,52,2026-09-13,88,5
36253,53,2026-09-13,84,4
36254,54,2026-09-13,73,4
36255,55,2026-09-13,77,4
36256,56,2026-09-13,112,8
36257,57,2026-09-13,81,7
36258,58,2026-09-13,93,3
36259,59,2026-09-13,100,8
36260,60,2026-09-13,110,6
36261,61,2026-09-13,115,6
36262,62,2026-09-13,81,2
36263,63,2026-09-13,116,7
36264,64,2026-09-13,82,4
36265,65,2026-09-13,127,9
36266,66,2026-09-13,97,5
36267,67,2026-09-13,124,7
36268,68,2026-09-13,49,2
36269,69,2026-09-13,102,7
36270,70,2026-09-13,54,0
36271,71,2026-09-13,111,5
36272,72,2026-09-13,118,7
36273,73,2026-09-13,137,6
36274,74,2026-09-13,93,5
36275,75,2026-09-13,112,3
36276,76,2026-09-13,69,4
36277,77,2026-09-13,71,2
36278,78,2026-09-13,99,3
36279,79,2026-09-13,80,5
36280,80,2026-09-13,165,10
36281,81,2026-09-13,86,5
36282,82,2026-09-13,93,6
36283,83,2026-09-13,113,4
36284,84,2026-09-13,137,9
36285,85,2026-09-13,102,6
36286,86,2026-09-13,68,3
36287,87,2026-09-13,104,5
36288,88,2026-09-13,96,6
36289,89,2026-09-13,162,8
36290,90,2026-09-13,113,4
36291,91,2026-09-13,101,4
36292,92,2026-09-13,213,10
36293,93,2026-09-13,113,7
36294,94,2026-09-13,78,3
36295,95,2026-09-13,110,5
36296,96,2026-09-13,88,8
36297,97,2026-09-13,103,6
36298,98,2026-09-13,105,7
36299,99,2026-09-13,78,6
36300,100,2026-09-13,114,7
36301,1,2026-09-14,191,8
36302,2,2026-09-14,209,13
36303,3,2026-09-14,254,16
36304,4,2026-09-14,345,20
36305,5,2026-09-14,322,17
36306,6,2026-09-14,347,19
36307,7,2026-09-14,418,24
36308,8,2026-09-14,326,18
36309,9,2026-09-14,250,14
36310,10,2026-09-14,185,11
36311,11,2026-09-14,255,15
36312,12,2026-09-14,275,15
36313,13,2026-09-14,158,10
36314,14,2026-09-14,225,14
36315,15,2026-09-14,223,11
36316,16,2026-09-14,283,20
36317,17,2026-09-14,358,24
36318,18,2026-09-14,230,15
36319,19,2026-09-14,204,12
36320,20,2026-09-14,131,9
36321,21,2026-09-14,179,11
36322,22,2026-09-14,241,14
36323,23,2026-09-14,173,7
36324,24,2026-09-14,286,16
36325,25,2026-09-14,168,11
36326,26,2026-09-14,297,17
36327,27,2026-09-14,236,14
36328,28,2026-09-14,151,11
36329,29,2026-09-14,262,17
36330,30,2026-09-14,217,14
36331,31,2026-09-14,168,8
36332,32,2026-09-14,240,17
36333,33,2026-09-14,186,11
36334,34,2026-09-14,136,8
36335,35,2026-09-14,161,9
36336,36,2026-09-14,321,18
36337,37,2026-09-14,295,14
36338,38,2026-09-14,225,10
36339,39,2026-09-14,210,8
36340,40,2026-09-14,175,9
36341,41,2026-09-14,203,11
36342,42,2026-09-14,260,17
36343,43,2026-09-14,193,9
36344,44,2026-09-14,144,12
36345,45,2026-09-14,246,17
36346,46,2026-09-14,243,17
36347,47,2026-09-14,224,16
36348,48,2026-09-14,185,11
36349,49,2026-09-14,204,13
36350,50,2026-09-14,239,15
36351,51,2026-09-14,253,14
36352,52,2026-09-14,169,8
36353,53,2026-09-14,150,9
36354,54,2026-09-14,179,10
36355,55,2026-09-14,228,11
36356,56,2026-09-14,280,17
36357,57,2026-09-14,158,9
36358,58,2026-09-14,256,15
36359,59,2026-09-14,225,12
36360,60,2026-09-14,214,13
36361,61,2026-09-14,265,16
36362,62,2026-09-14,220,13
36363,63,2026-09-14,337,19
36364,64,2026-09-14,183,8
36365,65,2026-09-14,284,17
36366,66,2026-09-14,187,9
36367,67,2026-09-14,275,17
36368,68,2026-09-14,124,9
36369,69,2026-09-14,250,14
36370,70,2026-09-14,128,7
36371,71,2026-09-14,266,17
36372,72,2026-09-14,260,15
36373,73,2026-09-14,268,13
36374,74,2026-09-14,216,11
36375,75,2026-09-14,286,18
36376,76,2026-09-14,223,14
36377,77,2026-09-14,136,12
36378,78,2026-09-14,195,12
36379,79,2026-09-14,179,8
36380,80,2026-09-14,387,26
36381,81,2026-09-14,212,14
36382,82,2026-09-14,202,10
36383,83,2026-09-14,278,16
36384,84,2026-09-14,252,13
36385,85,2026-09-14,254,17
36386,86,2026-09-14,207,11
36387,87,2026-09-14,186,12
36388,88,2026-09-14,231,17
36389,89,2026-09-14,354,23
36390,90,2026-09-14,246,15
36391,91,2026-09-14,204,10
36392,92,2026-09-14,452,28
36393,93,2026-09-14,243,16
36394,94,2026-09-14,225,15
36395,95,2026-09-14,279,18
36396,96,2026-09-14,194,10
36397,97,2026-09-14,242,16
36398,98,2026-09-14,244,14
36399,99,2026-09-14,178,9
36400,100,2026-09-14,259,16
36401,1,2026-09-15,168,10
36402,2,2026-09-15,180,9
36403,3,2026-09-15,260,14
36404,4,2026-09-15,295,17
36405,5,2026-09-15,249,13
36406,6,2026-09-15,259,15
36407,7,2026-09-15,355,21
36408,8,2026-09-15,295,18
36409,9,2026-09-15,213,12
36410,10,2026-09-15,160,8
36411,11,2026-09-15,199,12
36412,12,2026-09-15,215,12
36413,13,2026-09-15,158,10
36414,14,2026-09-15,221,14
36415,15,2026-09-15,175,12
36416,16,2026-09-15,233,12
36417,17,2026-09-15,269,18
36418,18,2026-09-15,236,13
36419,19,2026-09-15,191,10
36420,20,2026-09-15,135,8
36421,21,2026-09-15,146,7
36422,22,2026-09-15,260,13
36423,23,2026-09-15,148,12
36424,24,2026-09-15,244,11
36425,25,2026-09-15,146,6
36426,26,2026-09-15,222,12
36427,27,2026-09-15,190,11
36428,28,2026-09-15,146,8
36429,29,2026-09-15,207,12
36430,30,2026-09-15,163,9
36431,31,2026-09-15,156,10
36432,32,2026-09-15,180,11
36433,33,2026-09-15,149,9
36434,34,2026-09-15,106,6
36435,35,2026-09-15,136,7
36436,36,2026-09-15,299,18
36437,37,2026-09-15,236,14
36438,38,2026-09-15,169,11
36439,39,2026-09-15,165,9
36440,40,2026-09-15,163,8
36441,41,2026-09-15,151,10
36442,42,2026-09-15,233,17
36443,43,2026-09-15,203,13
36444,44,2026-09-15,122,5
36445,45,2026-09-15,201,11
36446,46,2026-09-15,188,8
36447,47,2026-09-15,210,9
36448,48,2026-09-15,174,14
36449,49,2026-09-15,160,8
36450,50,2026-09-15,188,13
36451,51,2026-09-15,225,13
36452,52,2026-09-15,159,7
36453,53,2026-09-15,136,8
36454,54,2026-09-15,162,9
36455,55,2026-09-15,169,7
36456,56,2026-09-15,237,11
36457,57,2026-09-15,147,10
36458,58,2026-09-15,205,16
36459,59,2026-09-15,188,8
36460,60,2026-09-15,201,12
36461,61,2026-09-15,197,10
36462,62,2026-09-15,163,13
36463,63,2026-09-15,258,14
36464,64,2026-09-15,153,11
36465,65,2026-09-15,230,16
36466,66,2026-09-15,181,12
36467,67,2026-09-15,223,12
36468,68,2026-09-15,110,8
36469,69,2026-09-15,245,13
36470,70,2026-09-15,124,8
36471,71,2026-09-15,216,12
36472,72,2026-09-15,252,21
36473,73,2026-09-15,242,17
36474,74,2026-09-15,165,8
36475,75,2026-09-15,235,14
36476,76,2026-09-15,170,11
36477,77,2026-09-15,118,9
36478,78,2026-09-15,172,12
36479,79,2026-09-15,125,8
36480,80,2026-09-15,300,16
36481,81,2026-09-15,166,8
36482,82,2026-09-15,175,7
36483,83,2026-09-15,240,15
36484,84,2026-09-15,204,16
36485,85,2026-09-15,225,12
36486,86,2026-09-15,154,9
36487,87,2026-09-15,182,12
36488,88,2026-09-15,198,12
36489,89,2026-09-15,307,19
36490,90,2026-09-15,200,15
36491,91,2026-09-15,177,9
36492,92,2026-09-15,457,27
36493,93,2026-09-15,232,17
36494,94,2026-09-15,184,15
36495,95,2026-09-15,209,11
36496,96,2026-09-15,139,11
36497,97,2026-09-15,192,13
36498,98,2026-09-15,231,10
36499,99,2026-09-15,177,10
36500,100,2026-09-15,209,13
